unit_id,cip4,earn_mdn_4yr,earn_n
433387.0,5138,97114.0,9665.0
104717.0,5138,103884.0,6342.0
433387.0,5202,83654.0,4667.0
228769.0,5138,99393.0,4036.0
204866.0,5138,87308.0,3151.0
204820.0,5138,87308.0,3151.0
204802.0,5138,87308.0,3151.0
204839.0,5138,87308.0,3151.0
204848.0,5138,87308.0,3151.0
204857.0,5138,87308.0,3151.0
183026.0,5202,75423.0,3063.0
110565.0,5202,71646.0,2447.0
433387.0,1301,49646.0,2116.0
154022.0,5202,71782.0,2039.0
433387.0,1101,108836.0,1982.0
190600.0,4301,59343.0,1878.0
232557.0,5202,67269.0,1689.0
104717.0,5202,65828.0,1660.0
110529.0,5202,70954.0,1544.0
483124.0,5299,72002.0,1362.0
104151.0,5299,72002.0,1362.0
151351.0,5201,105583.0,1271.0
110592.0,5202,62716.0,1253.0
229337.0,5138,89234.0,1241.0
104717.0,1312,49531.0,1219.0
110617.0,5202,67636.0,1217.0
183026.0,4201,49769.0,1216.0
232557.0,3099,53357.0,1202.0
426314.0,4901,90495.0,1152.0
104586.0,4901,90495.0,1152.0
133553.0,4901,90495.0,1152.0
483124.0,4201,53586.0,1106.0
104151.0,4201,53586.0,1106.0
133951.0,4201,49470.0,1075.0
228723.0,3099,58697.0,1068.0
483124.0,5202,82535.0,1031.0
104151.0,5202,82535.0,1031.0
163204.0,1104,100208.0,1030.0
232557.0,4201,45340.0,1016.0
227881.0,4301,51748.0,1014.0
183026.0,5138,98032.0,1010.0
225432.0,3099,59924.0,1010.0
110565.0,0901,58082.0,1008.0
154022.0,1312,43748.0,1004.0
214795.0,1104,91671.0,999.0
214768.0,1104,91671.0,999.0
214801.0,1104,91671.0,999.0
214786.0,1104,91671.0,999.0
214652.0,1104,91671.0,999.0
214625.0,1104,91671.0,999.0
214829.0,1104,91671.0,999.0
214643.0,1104,91671.0,999.0
214713.0,1104,91671.0,999.0
214698.0,1104,91671.0,999.0
214740.0,1104,91671.0,999.0
479956.0,1104,91671.0,999.0
214810.0,1104,91671.0,999.0
214704.0,1104,91671.0,999.0
214731.0,1104,91671.0,999.0
214777.0,1104,91671.0,999.0
214670.0,1104,91671.0,999.0
186380.0,5202,83606.0,998.0
186371.0,5202,83606.0,998.0
186399.0,5202,83606.0,998.0
183257.0,5202,86535.0,985.0
183044.0,5202,86535.0,985.0
185590.0,5202,68235.0,982.0
183822.0,5202,68235.0,982.0
190512.0,5208,84956.0,969.0
214643.0,5201,65292.0,937.0
214670.0,5201,65292.0,937.0
214829.0,5201,65292.0,937.0
214786.0,5201,65292.0,937.0
214801.0,5201,65292.0,937.0
214795.0,5201,65292.0,937.0
214652.0,5201,65292.0,937.0
214689.0,5201,65292.0,937.0
214698.0,5201,65292.0,937.0
214810.0,5201,65292.0,937.0
214759.0,5201,65292.0,937.0
214768.0,5201,65292.0,937.0
214740.0,5201,65292.0,937.0
214731.0,5201,65292.0,937.0
214777.0,5201,65292.0,937.0
479956.0,5201,65292.0,937.0
214625.0,5201,65292.0,937.0
214634.0,5201,65292.0,937.0
214704.0,5201,65292.0,937.0
214795.0,5138,91032.0,916.0
214634.0,5138,91032.0,916.0
214777.0,5138,91032.0,916.0
214810.0,5138,91032.0,916.0
214625.0,5138,91032.0,916.0
214689.0,5138,91032.0,916.0
214698.0,5138,91032.0,916.0
214591.0,5138,91032.0,916.0
214713.0,5138,91032.0,916.0
214652.0,5138,91032.0,916.0
479956.0,5138,91032.0,916.0
214801.0,5138,91032.0,916.0
214759.0,5138,91032.0,916.0
217235.0,1905,50571.0,910.0
460349.0,1905,50571.0,910.0
445708.0,1905,50571.0,910.0
483124.0,0901,61193.0,906.0
104151.0,0901,61193.0,906.0
186371.0,4201,56479.0,904.0
186399.0,4201,56479.0,904.0
186380.0,4201,56479.0,904.0
137351.0,5100,56452.0,885.0
227216.0,2401,55562.0,874.0
483124.0,3099,63211.0,857.0
104151.0,3099,63211.0,857.0
110608.0,4201,49792.0,852.0
133951.0,0901,57376.0,836.0
183026.0,2401,66656.0,833.0
183026.0,5203,70181.0,824.0
110565.0,1907,51261.0,823.0
490805.0,5138,88935.0,813.0
163204.0,5202,79801.0,810.0
178396.0,5201,84534.0,793.0
166513.0,5202,75859.0,791.0
483124.0,4301,59973.0,782.0
104151.0,4301,59973.0,782.0
199218.0,5202,75512.0,777.0
186380.0,5138,99155.0,768.0
186371.0,5138,99155.0,768.0
140951.0,5004,45923.0,766.0
105330.0,5138,84996.0,754.0
212054.0,5138,100646.0,750.0
104717.0,4400,48766.0,745.0
196264.0,5201,69365.0,743.0
232557.0,3802,47991.0,741.0
110671.0,5202,72027.0,739.0
151801.0,5138,84157.0,738.0
488679.0,5138,84157.0,738.0
186380.0,2401,74122.0,737.0
186371.0,2401,74122.0,737.0
476975.0,5202,83415.0,736.0
489779.0,5202,66495.0,735.0
110565.0,4201,51661.0,734.0
498562.0,5202,64030.0,732.0
196088.0,5202,69903.0,719.0
151111.0,5201,70903.0,718.0
433387.0,1310,52090.0,718.0
199218.0,5138,86606.0,718.0
209542.0,1107,121405.0,712.0
440828.0,1107,121405.0,712.0
479956.0,1419,87997.0,706.0
214713.0,1419,87997.0,706.0
214652.0,1419,87997.0,706.0
214777.0,1419,87997.0,706.0
110574.0,5202,77567.0,706.0
214704.0,1419,87997.0,706.0
214591.0,1419,87997.0,706.0
196680.0,2401,61685.0,706.0
235167.0,2401,42219.0,705.0
228459.0,3099,54053.0,703.0
203474.0,5138,78263.0,699.0
203465.0,5138,78263.0,699.0
203526.0,5138,78263.0,699.0
203517.0,5138,78263.0,699.0
203492.0,5138,78263.0,699.0
183026.0,1101,81533.0,696.0
214713.0,4201,49543.0,692.0
214625.0,4201,49543.0,692.0
214591.0,4201,49543.0,692.0
214777.0,4201,49543.0,692.0
214786.0,4201,49543.0,692.0
214731.0,4201,49543.0,692.0
214740.0,4201,49543.0,692.0
479956.0,4201,49543.0,692.0
214759.0,4201,49543.0,692.0
214768.0,4201,49543.0,692.0
214698.0,4201,49543.0,692.0
214643.0,4201,49543.0,692.0
214689.0,4201,49543.0,692.0
214704.0,4201,49543.0,692.0
214670.0,4201,49543.0,692.0
214810.0,4201,49543.0,692.0
433387.0,5203,75767.0,692.0
214652.0,4201,49543.0,692.0
214795.0,4201,49543.0,692.0
214829.0,4201,49543.0,692.0
232557.0,4301,61715.0,687.0
224554.0,3099,54059.0,684.0
190512.0,5203,90104.0,684.0
186380.0,4301,61817.0,679.0
186399.0,4301,61817.0,679.0
186371.0,4301,61817.0,679.0
186380.0,5208,100695.0,676.0
186371.0,5208,100695.0,676.0
186399.0,5208,100695.0,676.0
137351.0,4201,47257.0,670.0
134097.0,4201,54728.0,666.0
170976.0,1101,172904.0,665.0
214810.0,4301,56877.0,661.0
214643.0,4301,56877.0,661.0
214801.0,4301,56877.0,661.0
214713.0,4301,56877.0,661.0
214759.0,4301,56877.0,661.0
214625.0,4301,56877.0,661.0
214777.0,4301,56877.0,661.0
214689.0,4301,56877.0,661.0
214704.0,4301,56877.0,661.0
479956.0,4301,56877.0,661.0
214740.0,4301,56877.0,661.0
214786.0,4301,56877.0,661.0
214634.0,4301,56877.0,661.0
214698.0,4301,56877.0,661.0
214768.0,4301,56877.0,661.0
483124.0,5138,86576.0,656.0
104151.0,5138,86576.0,656.0
110644.0,4227,57378.0,653.0
122296.0,5138,148193.0,651.0
137351.0,2601,49395.0,650.0
126818.0,5202,79256.0,650.0
191126.0,5004,60882.0,647.0
123961.0,5202,109128.0,639.0
110705.0,4511,60013.0,635.0
227216.0,3099,58004.0,635.0
489779.0,5107,57546.0,630.0
199120.0,0901,70240.0,628.0
137351.0,0901,53810.0,628.0
110538.0,5202,72651.0,628.0
232186.0,1101,110754.0,626.0
183026.0,5107,63292.0,624.0
229179.0,5138,89115.0,619.0
483124.0,2601,56037.0,617.0
190549.0,5202,61323.0,617.0
104151.0,2601,56037.0,617.0
241739.0,5138,34709.0,612.0
110608.0,5202,65760.0,611.0
105330.0,2401,56433.0,610.0
227368.0,4301,49979.0,610.0
110662.0,4511,64692.0,610.0
110547.0,5202,63662.0,609.0
177719.0,5138,79126.0,608.0
154022.0,4301,60144.0,608.0
178721.0,5202,68135.0,606.0
118888.0,5201,113620.0,604.0
167358.0,5201,113620.0,604.0
366711.0,5138,120196.0,603.0
178396.0,5100,69333.0,602.0
110617.0,0901,59404.0,601.0
132903.0,4201,49760.0,597.0
191126.0,5219,70727.0,594.0
229115.0,3099,57262.0,594.0
134097.0,4301,57417.0,593.0
168847.0,5202,65591.0,592.0
476975.0,1101,91204.0,591.0
160658.0,5138,91270.0,587.0
489779.0,5138,95877.0,585.0
186371.0,5210,75850.0,585.0
186380.0,5210,75850.0,585.0
134097.0,5208,87089.0,585.0
183026.0,4301,61027.0,577.0
110653.0,1107,127404.0,577.0
209490.0,5138,104592.0,577.0
171100.0,0909,69300.0,576.0
199193.0,5202,84349.0,573.0
104717.0,1310,50892.0,573.0
137351.0,5138,84694.0,571.0
190594.0,4201,59149.0,570.0
204705.0,4201,54182.0,567.0
204671.0,4201,54182.0,567.0
204699.0,4201,54182.0,567.0
204680.0,4201,54182.0,567.0
204796.0,4201,54182.0,567.0
153834.0,2401,54821.0,563.0
164988.0,5202,108412.0,563.0
110510.0,4201,48326.0,562.0
204796.0,0901,62096.0,562.0
110608.0,4511,54500.0,561.0
212832.0,5138,99913.0,561.0
164748.0,5009,38617.0,561.0
174899.0,5138,85824.0,558.0
133951.0,4301,55830.0,557.0
110422.0,5202,110902.0,555.0
199139.0,1107,93037.0,555.0
170976.0,5202,144654.0,551.0
184782.0,1313,57739.0,549.0
199148.0,5202,56225.0,549.0
459949.0,3099,54006.0,546.0
377564.0,1101,114798.0,546.0
377555.0,1101,114798.0,546.0
236948.0,1101,114798.0,546.0
171100.0,0901,60807.0,545.0
228459.0,3105,55832.0,544.0
110495.0,5202,63677.0,543.0
181394.0,5202,68065.0,542.0
186371.0,5203,89087.0,540.0
186380.0,5203,89087.0,540.0
186399.0,5203,89087.0,540.0
187985.0,5202,62431.0,539.0
154022.0,5107,53801.0,538.0
228459.0,5202,67048.0,536.0
228796.0,3099,56486.0,533.0
193292.0,5138,117011.0,533.0
110617.0,4301,62583.0,532.0
153658.0,3105,61732.0,532.0
186380.0,1101,125303.0,531.0
186371.0,1101,125303.0,531.0
186399.0,1101,125303.0,531.0
171492.0,5202,68679.0,529.0
178396.0,0904,69016.0,528.0
167729.0,5202,67789.0,527.0
220978.0,2401,54747.0,527.0
164076.0,5202,78497.0,527.0
137032.0,5202,67505.0,525.0
185262.0,4201,51052.0,524.0
199139.0,0901,60407.0,523.0
144281.0,5006,41200.0,523.0
229300.0,5138,92899.0,523.0
489779.0,4301,56660.0,522.0
133669.0,3000,51082.0,519.0
234030.0,4201,51440.0,518.0
149231.0,5138,83867.0,517.0
110705.0,4227,66171.0,517.0
445735.0,5138,101932.0,517.0
204796.0,5208,97986.0,517.0
188429.0,5138,112945.0,516.0
163204.0,1101,101498.0,516.0
171571.0,5138,81667.0,515.0
193900.0,5138,118433.0,514.0
214670.0,5208,96714.0,513.0
232557.0,1312,40952.0,513.0
214777.0,5208,96714.0,513.0
214801.0,5208,96714.0,513.0
479956.0,5208,96714.0,513.0
110583.0,4201,48926.0,513.0
214591.0,5208,96714.0,513.0
214713.0,5208,96714.0,513.0
110583.0,0901,58137.0,512.0
214713.0,5203,88192.0,511.0
479956.0,5203,88192.0,511.0
214689.0,5203,88192.0,511.0
214591.0,5203,88192.0,511.0
214801.0,5203,88192.0,511.0
214704.0,5203,88192.0,511.0
214777.0,5203,88192.0,511.0
110592.0,4511,50249.0,510.0
228787.0,1101,103603.0,509.0
166638.0,5202,72746.0,509.0
153603.0,1419,85938.0,509.0
142522.0,5202,81489.0,508.0
217484.0,5138,96020.0,508.0
154022.0,4201,48325.0,508.0
139940.0,4201,49050.0,507.0
171100.0,5202,91187.0,507.0
149772.0,4301,63125.0,506.0
110617.0,4201,53237.0,504.0
110662.0,4510,74202.0,504.0
221740.0,5202,66554.0,501.0
133951.0,1101,90397.0,501.0
236939.0,5138,91495.0,501.0
130697.0,2401,71932.0,500.0
228459.0,4201,50549.0,500.0
151351.0,4404,77422.0,496.0
190600.0,4228,55595.0,495.0
218663.0,5208,92578.0,495.0
110653.0,4227,54323.0,495.0
104151.0,1312,53195.0,494.0
228769.0,5202,62978.0,494.0
138354.0,5138,89346.0,493.0
185572.0,5202,78591.0,492.0
221759.0,5202,82074.0,492.0
126562.0,5202,75142.0,489.0
433387.0,5214,71431.0,488.0
119605.0,5138,114413.0,487.0
134097.0,5214,84981.0,486.0
232557.0,5138,82883.0,485.0
218663.0,5202,70527.0,485.0
225511.0,4201,52892.0,484.0
483124.0,2401,59104.0,484.0
104151.0,2401,59104.0,484.0
196042.0,5202,61497.0,483.0
218742.0,5138,79947.0,483.0
228802.0,5138,83201.0,483.0
110583.0,1901,50361.0,481.0
110662.0,4506,95440.0,480.0
110617.0,1907,49847.0,480.0
190512.0,5218,76565.0,480.0
190549.0,4201,52742.0,480.0
225627.0,5202,64692.0,480.0
186380.0,1104,87757.0,479.0
186399.0,1104,87757.0,479.0
110714.0,1107,123422.0,479.0
104151.0,4510,66527.0,478.0
483124.0,4510,66527.0,478.0
186876.0,5202,64060.0,476.0
174066.0,3099,60270.0,476.0
185590.0,4201,48464.0,474.0
165662.0,5006,49951.0,474.0
183822.0,4201,48464.0,474.0
110662.0,4201,61050.0,473.0
169248.0,5202,74113.0,471.0
117140.0,5202,76769.0,471.0
186399.0,4506,86120.0,470.0
183026.0,0909,59801.0,470.0
186380.0,4506,86120.0,470.0
186371.0,4506,86120.0,470.0
136215.0,5138,88004.0,469.0
137032.0,4301,60389.0,469.0
132903.0,5209,54921.0,469.0
229027.0,4201,49048.0,469.0
134097.0,2301,52602.0,468.0
228459.0,0909,59009.0,468.0
122409.0,4201,51021.0,466.0
476975.0,5210,73403.0,466.0
197018.0,3802,18837.0,464.0
170976.0,4227,67537.0,463.0
228796.0,5138,89077.0,463.0
137351.0,5208,73933.0,463.0
178420.0,5201,65373.0,462.0
196264.0,4402,56825.0,461.0
187985.0,5138,86559.0,461.0
151111.0,5138,79722.0,461.0
227368.0,2601,47954.0,460.0
218663.0,5214,81945.0,459.0
228723.0,5202,82213.0,457.0
122597.0,5202,73775.0,456.0
209551.0,0909,73410.0,456.0
207388.0,5202,64062.0,456.0
110565.0,5100,54244.0,456.0
202806.0,5202,68306.0,456.0
426314.0,5202,83749.0,455.0
104586.0,5202,83749.0,455.0
133553.0,5202,83749.0,455.0
204820.0,5202,71478.0,454.0
204866.0,5202,71478.0,454.0
204848.0,5202,71478.0,454.0
204839.0,5202,71478.0,454.0
133951.0,5209,56667.0,454.0
204802.0,5202,71478.0,454.0
204857.0,5202,71478.0,454.0
377564.0,5138,98632.0,453.0
236948.0,5138,98632.0,453.0
377555.0,5138,98632.0,453.0
176035.0,5138,91522.0,452.0
169910.0,4301,60325.0,452.0
139755.0,1101,150628.0,451.0
227881.0,3099,56225.0,451.0
228723.0,3105,62888.0,451.0
486840.0,3099,54915.0,448.0
227368.0,3099,56493.0,448.0
185828.0,1101,97926.0,448.0
110705.0,4506,98178.0,448.0
104151.0,2301,50205.0,447.0
483124.0,2301,50205.0,447.0
227368.0,4201,40140.0,447.0
197045.0,5138,94981.0,446.0
164580.0,5202,107520.0,445.0
174066.0,4201,58449.0,445.0
145600.0,4201,52736.0,445.0
131159.0,4509,73865.0,444.0
216339.0,0909,67840.0,444.0
110565.0,4511,50922.0,443.0
122409.0,4301,57510.0,443.0
110556.0,4301,53438.0,442.0
133951.0,5208,71355.0,441.0
228459.0,4301,52447.0,441.0
483124.0,1904,50074.0,440.0
220862.0,5138,75444.0,440.0
433536.0,5138,91010.0,440.0
174154.0,5138,91010.0,440.0
140340.0,5138,91010.0,440.0
110608.0,0901,57138.0,440.0
496973.0,5138,91010.0,440.0
240392.0,5138,91010.0,440.0
386472.0,5138,91010.0,440.0
459851.0,5138,91010.0,440.0
104151.0,1904,50074.0,440.0
459842.0,5138,91010.0,440.0
499149.0,5138,91010.0,440.0
200785.0,5138,91010.0,440.0
201885.0,5214,72881.0,439.0
204796.0,5214,81119.0,438.0
154022.0,3017,45157.0,438.0
219709.0,5010,53893.0,435.0
181428.0,5138,76723.0,435.0
131469.0,4509,76751.0,433.0
476975.0,5203,75415.0,433.0
199139.0,5208,74965.0,433.0
234030.0,5201,68387.0,432.0
104717.0,5107,60328.0,432.0
489779.0,5100,54526.0,432.0
228723.0,0101,77479.0,430.0
137351.0,4504,53883.0,430.0
184782.0,5202,73631.0,430.0
240453.0,5214,64173.0,429.0
163259.0,5138,89750.0,429.0
228653.0,5138,91723.0,428.0
491288.0,5138,81067.0,428.0
151351.0,1101,98539.0,428.0
240453.0,5138,81067.0,428.0
110608.0,3105,50663.0,427.0
234827.0,5202,73036.0,426.0
110486.0,5202,61705.0,426.0
110644.0,4506,83248.0,425.0
187134.0,5202,85978.0,424.0
130943.0,5208,101605.0,424.0
199139.0,4201,50507.0,423.0
183026.0,2313,39966.0,423.0
190664.0,4201,57210.0,423.0
134130.0,5202,82615.0,422.0
484473.0,5202,82615.0,422.0
213349.0,5202,65407.0,421.0
243601.0,5139,42444.0,421.0
122409.0,5202,69902.0,419.0
110705.0,0901,72976.0,419.0
139931.0,5138,79988.0,418.0
230782.0,5138,77705.0,417.0
139755.0,1419,99955.0,416.0
110583.0,5007,43349.0,415.0
209807.0,5202,71621.0,414.0
377555.0,0901,64153.0,413.0
236948.0,0901,64153.0,413.0
104151.0,3105,55830.0,413.0
166656.0,5138,92960.0,413.0
199120.0,4510,72001.0,413.0
110608.0,5214,64373.0,413.0
377564.0,0901,64153.0,413.0
105330.0,1312,50738.0,412.0
134097.0,1101,93727.0,409.0
123572.0,5202,75887.0,409.0
137078.0,5202,62040.0,409.0
137351.0,5214,65269.0,408.0
110556.0,2401,58436.0,408.0
186380.0,0901,69709.0,408.0
174020.0,5202,71209.0,408.0
110565.0,4301,57135.0,408.0
174066.0,2401,70788.0,408.0
484473.0,0909,69600.0,407.0
134130.0,0909,69600.0,407.0
153603.0,5214,66482.0,407.0
130226.0,5199,80374.0,406.0
153603.0,5202,78304.0,406.0
137351.0,5203,78918.0,405.0
232423.0,0901,66436.0,404.0
165024.0,4201,51939.0,404.0
229027.0,3099,53872.0,404.0
225511.0,5202,73125.0,403.0
486840.0,4201,50645.0,403.0
240453.0,0901,55697.0,403.0
199120.0,4506,103846.0,403.0
215293.0,4201,54379.0,402.0
228529.0,3099,53503.0,402.0
215275.0,4201,54379.0,402.0
215266.0,4201,54379.0,402.0
240453.0,4201,52328.0,402.0
215284.0,4201,54379.0,402.0
166638.0,5138,95648.0,401.0
232186.0,4301,69511.0,401.0
217235.0,3103,56241.0,400.0
190637.0,5202,62496.0,400.0
445708.0,3103,56241.0,400.0
460349.0,3103,56241.0,400.0
196097.0,5202,72765.0,399.0
182281.0,5209,58719.0,399.0
445708.0,5209,55790.0,398.0
132903.0,5138,83737.0,398.0
217235.0,5209,55790.0,398.0
460349.0,5209,55790.0,398.0
110547.0,4201,52742.0,398.0
183026.0,5004,51370.0,397.0
126562.0,5138,84950.0,397.0
209065.0,5138,109374.0,396.0
169798.0,5138,85611.0,396.0
228459.0,5214,71539.0,396.0
184782.0,4201,51878.0,396.0
180814.0,5201,71128.0,395.0
204176.0,5138,77510.0,395.0
110680.0,2601,64437.0,395.0
144281.0,5004,48601.0,395.0
228769.0,2401,54975.0,395.0
137351.0,1101,90953.0,395.0
196097.0,5100,77075.0,395.0
203474.0,4201,42328.0,393.0
228723.0,4201,58396.0,393.0
203517.0,4201,42328.0,393.0
199120.0,4201,57477.0,393.0
203526.0,4201,42328.0,393.0
203492.0,4201,42328.0,393.0
203483.0,4201,42328.0,393.0
142115.0,5138,91491.0,393.0
203465.0,4201,42328.0,393.0
203447.0,4201,42328.0,393.0
203456.0,4201,42328.0,393.0
110574.0,5100,68231.0,392.0
181394.0,2401,55947.0,392.0
214777.0,4506,81228.0,392.0
479956.0,4506,81228.0,392.0
177968.0,5201,63524.0,392.0
214591.0,4506,81228.0,392.0
214713.0,4506,81228.0,392.0
234030.0,0901,59968.0,391.0
216339.0,4201,50582.0,391.0
170976.0,4506,110552.0,391.0
169248.0,3105,57771.0,391.0
203474.0,5202,62265.0,390.0
203483.0,5202,62265.0,390.0
134097.0,4510,68059.0,390.0
203517.0,5202,62265.0,390.0
203447.0,5202,62265.0,390.0
203517.0,5219,61055.0,390.0
203526.0,5202,62265.0,390.0
203492.0,5202,62265.0,390.0
193900.0,5005,42348.0,390.0
203465.0,5202,62265.0,390.0
110583.0,4511,51982.0,389.0
129020.0,0901,68542.0,388.0
110653.0,4504,57935.0,388.0
436836.0,0901,68542.0,388.0
436827.0,0901,68542.0,388.0
463056.0,0901,68542.0,388.0
436818.0,0901,68542.0,388.0
122597.0,0901,63731.0,388.0
463056.0,4506,81881.0,387.0
129020.0,4506,81881.0,387.0
436827.0,4506,81881.0,387.0
436818.0,4506,81881.0,387.0
179566.0,1312,38413.0,387.0
436836.0,4506,81881.0,387.0
133669.0,4301,53545.0,386.0
110583.0,5203,74839.0,386.0
140951.0,1003,43058.0,385.0
100751.0,5138,85532.0,385.0
230737.0,4201,47596.0,384.0
436827.0,4201,57961.0,384.0
110680.0,1107,159487.0,384.0
436818.0,4201,57961.0,384.0
145637.0,4227,60168.0,384.0
129020.0,4201,57961.0,384.0
110608.0,5203,92329.0,384.0
436836.0,4201,57961.0,384.0
229115.0,3105,59001.0,384.0
192819.0,5202,90855.0,384.0
110680.0,3020,81174.0,384.0
216339.0,5214,72289.0,384.0
463056.0,4201,57961.0,384.0
163286.0,4506,83880.0,383.0
186380.0,4510,63765.0,382.0
186371.0,4510,63765.0,382.0
126580.0,5202,66553.0,382.0
186399.0,4510,63765.0,382.0
218663.0,5138,80768.0,380.0
209551.0,5201,83543.0,380.0
497833.0,5138,81706.0,380.0
151786.0,5138,81706.0,380.0
209551.0,4501,57532.0,380.0
110653.0,5206,77807.0,379.0
232423.0,5115,67033.0,379.0
228796.0,4301,47681.0,378.0
186399.0,2601,68306.0,378.0
170082.0,5214,69592.0,378.0
186371.0,2601,68306.0,378.0
186380.0,2601,68306.0,378.0
220075.0,5138,74311.0,378.0
144740.0,0909,71045.0,378.0
216339.0,3105,63714.0,378.0
139959.0,5208,97364.0,377.0
216339.0,5208,85011.0,377.0
174020.0,5138,83504.0,377.0
126614.0,5202,86441.0,377.0
110608.0,1907,45088.0,377.0
196088.0,4501,56257.0,376.0
196088.0,4201,52303.0,376.0
234030.0,5004,53575.0,376.0
193900.0,1101,142495.0,376.0
191126.0,0909,69954.0,376.0
196060.0,4201,55004.0,375.0
193900.0,2401,66502.0,375.0
179043.0,5138,79817.0,375.0
104717.0,4402,46973.0,375.0
130493.0,2401,53411.0,375.0
133669.0,4201,48754.0,375.0
171100.0,4201,56040.0,374.0
177065.0,2401,57034.0,373.0
172699.0,5214,71371.0,373.0
236939.0,4501,61617.0,372.0
105330.0,5202,66376.0,372.0
214591.0,1410,93277.0,371.0
214643.0,1410,93277.0,371.0
214777.0,1410,93277.0,371.0
214713.0,1410,93277.0,371.0
190567.0,4201,56223.0,371.0
110565.0,5007,44365.0,370.0
184694.0,2401,60525.0,370.0
184603.0,2401,60525.0,370.0
183044.0,4201,56153.0,369.0
183257.0,4201,56153.0,369.0
183071.0,4201,56153.0,369.0
196097.0,4201,58137.0,369.0
199999.0,5138,84952.0,369.0
171128.0,1419,88860.0,368.0
143048.0,5007,45602.0,368.0
236939.0,4201,56681.0,368.0
139931.0,5202,74726.0,367.0
154022.0,5210,65002.0,367.0
110583.0,5202,67853.0,367.0
184782.0,2401,53266.0,367.0
139940.0,0904,54732.0,367.0
228778.0,0909,80221.0,366.0
139940.0,5214,67872.0,366.0
187985.0,4201,46693.0,364.0
193016.0,5202,64963.0,364.0
100751.0,5202,69715.0,364.0
460349.0,5202,59186.0,364.0
217235.0,5202,59186.0,364.0
445708.0,5202,59186.0,364.0
110671.0,4227,49947.0,364.0
104179.0,4201,52038.0,363.0
212984.0,5138,95869.0,363.0
129941.0,4301,60656.0,362.0
171146.0,5138,86401.0,362.0
142522.0,2401,41106.0,362.0
153603.0,5004,52671.0,362.0
201885.0,5138,85551.0,361.0
134097.0,4509,63984.0,361.0
220862.0,3105,50126.0,361.0
110680.0,2602,72491.0,361.0
110529.0,5209,57114.0,361.0
229027.0,3105,54399.0,360.0
220862.0,3099,49707.0,359.0
144740.0,5203,93592.0,359.0
169248.0,4201,53422.0,358.0
110644.0,5206,87455.0,358.0
228644.0,5138,83317.0,358.0
153603.0,0101,67529.0,358.0
182281.0,4301,57556.0,358.0
232186.0,2401,61100.0,357.0
190503.0,5209,58165.0,357.0
174066.0,0904,66799.0,356.0
122409.0,5214,81368.0,356.0
234030.0,1313,59442.0,356.0
216366.0,5138,99839.0,355.0
190549.0,5203,64103.0,354.0
216339.0,1101,101670.0,354.0
163046.0,5202,93753.0,354.0
204848.0,1312,43893.0,353.0
204820.0,1312,43893.0,353.0
204857.0,1312,43893.0,353.0
204802.0,1312,43893.0,353.0
204866.0,1312,43893.0,353.0
139940.0,5208,82688.0,353.0
204839.0,1312,43893.0,353.0
232186.0,5203,91132.0,353.0
100751.0,0909,68227.0,352.0
110556.0,4201,51526.0,352.0
110671.0,4511,55682.0,352.0
110565.0,3105,51787.0,351.0
146719.0,5138,87922.0,350.0
198464.0,0901,59432.0,350.0
219718.0,5202,60102.0,350.0
498571.0,5202,55515.0,350.0
110510.0,4301,54275.0,350.0
186380.0,5122,74633.0,350.0
214713.0,5210,81755.0,349.0
214777.0,5210,81755.0,349.0
110608.0,5208,74656.0,349.0
214768.0,5210,81755.0,349.0
214698.0,5210,81755.0,349.0
214643.0,5210,81755.0,349.0
190512.0,5205,69215.0,349.0
214704.0,5210,81755.0,349.0
479956.0,5210,81755.0,349.0
232186.0,5213,97049.0,348.0
122597.0,5214,71691.0,348.0
104151.0,4511,54611.0,348.0
483124.0,4511,54611.0,348.0
169248.0,5214,75661.0,347.0
227881.0,5201,63837.0,347.0
134945.0,5138,89191.0,347.0
131113.0,5138,97666.0,347.0
164988.0,0901,80306.0,347.0
166629.0,3099,63383.0,346.0
441937.0,4201,48789.0,346.0
479956.0,5214,79343.0,346.0
164076.0,4201,55497.0,346.0
233921.0,5213,108726.0,346.0
214713.0,5214,79343.0,346.0
214777.0,5214,79343.0,346.0
169716.0,5138,81602.0,346.0
214591.0,5214,79343.0,346.0
498571.0,5138,82099.0,345.0
228778.0,4506,89354.0,345.0
228431.0,3099,50052.0,344.0
199209.0,5202,50983.0,344.0
132903.0,3000,51959.0,344.0
130943.0,5214,88383.0,343.0
133951.0,5214,64423.0,343.0
240444.0,4506,85366.0,342.0
171100.0,3105,67290.0,342.0
196130.0,5202,57114.0,341.0
104151.0,1107,114868.0,341.0
483124.0,1107,114868.0,341.0
183026.0,4400,49508.0,341.0
110547.0,4301,57727.0,341.0
198464.0,5138,82250.0,341.0
237950.0,2401,56132.0,340.0
225414.0,3099,57065.0,340.0
145813.0,1312,49240.0,340.0
237701.0,2401,56132.0,340.0
238032.0,2401,56132.0,340.0
207500.0,5138,84009.0,340.0
229115.0,1419,98113.0,340.0
227216.0,0904,57461.0,340.0
207342.0,5138,84009.0,340.0
204796.0,5203,90850.0,339.0
110495.0,4201,50348.0,339.0
145813.0,5214,77956.0,339.0
110653.0,5122,60430.0,339.0
100663.0,5138,78224.0,338.0
176947.0,5138,85140.0,338.0
445267.0,5138,85140.0,338.0
145637.0,4506,86860.0,338.0
100858.0,5202,80323.0,338.0
232186.0,4201,62563.0,338.0
160658.0,2401,45010.0,338.0
169910.0,5202,64131.0,338.0
165024.0,5213,64769.0,337.0
483124.0,5214,75099.0,336.0
175272.0,5138,80117.0,336.0
104151.0,5214,75099.0,336.0
150136.0,0907,47737.0,336.0
130493.0,5202,63310.0,336.0
166638.0,4201,52200.0,336.0
221759.0,3105,57020.0,336.0
135081.0,5202,52190.0,335.0
163204.0,5210,67012.0,334.0
190637.0,4511,54906.0,334.0
217882.0,5202,70059.0,334.0
440828.0,5202,73660.0,334.0
212106.0,5138,84802.0,334.0
242653.0,5138,43718.0,334.0
209542.0,5202,73660.0,334.0
144740.0,5208,93719.0,334.0
127918.0,5138,87862.0,333.0
492962.0,5202,66296.0,333.0
498562.0,4301,55909.0,333.0
151290.0,5202,66296.0,333.0
101480.0,5138,83984.0,333.0
192448.0,5138,118331.0,333.0
174066.0,1107,111661.0,333.0
190664.0,5203,69956.0,333.0
188854.0,5005,32008.0,333.0
110608.0,0907,49359.0,333.0
193900.0,5006,58720.0,332.0
134097.0,4506,73527.0,332.0
110680.0,3025,81160.0,332.0
240417.0,5202,68697.0,332.0
100751.0,5214,77451.0,332.0
106397.0,5202,79770.0,331.0
137351.0,1312,51650.0,331.0
204680.0,4407,50596.0,330.0
204796.0,4407,50596.0,330.0
104151.0,5111,55043.0,330.0
204699.0,4407,50596.0,330.0
204671.0,4407,50596.0,330.0
483124.0,5111,55043.0,330.0
119605.0,5202,78266.0,330.0
204705.0,4407,50596.0,330.0
228769.0,5208,76623.0,329.0
136516.0,5202,52404.0,329.0
215275.0,2313,57012.0,328.0
215266.0,2313,57012.0,328.0
132903.0,5201,66912.0,328.0
215293.0,2313,57012.0,328.0
203456.0,0901,49375.0,328.0
203465.0,0901,49375.0,328.0
488679.0,5202,75533.0,328.0
110547.0,4511,55100.0,328.0
203517.0,0901,49375.0,328.0
215284.0,2313,57012.0,328.0
203447.0,0901,49375.0,328.0
151801.0,5202,75533.0,328.0
203474.0,0901,49375.0,328.0
203483.0,0901,49375.0,328.0
203492.0,0901,49375.0,328.0
105330.0,4504,56676.0,328.0
110608.0,5122,55989.0,328.0
216339.0,0907,53818.0,328.0
157951.0,2401,46583.0,327.0
134097.0,4501,58460.0,327.0
228787.0,5203,82629.0,327.0
104717.0,5203,67067.0,327.0
105330.0,2601,55446.0,326.0
169910.0,5138,81718.0,326.0
108092.0,5202,50020.0,326.0
196060.0,5202,76633.0,325.0
198464.0,2401,49981.0,325.0
164076.0,3105,58624.0,325.0
190600.0,4504,57396.0,324.0
163204.0,4201,58439.0,324.0
198464.0,5122,59566.0,324.0
228723.0,1510,101540.0,324.0
224147.0,5138,83329.0,323.0
230737.0,5202,86602.0,323.0
168263.0,5201,66889.0,323.0
229115.0,0909,62247.0,323.0
133386.0,5202,52532.0,323.0
484473.0,4201,57053.0,323.0
170082.0,4201,51460.0,323.0
110510.0,4511,48954.0,323.0
441937.0,5202,71183.0,323.0
134130.0,4201,57053.0,323.0
111948.0,5202,84378.0,323.0
219356.0,5138,77932.0,322.0
110608.0,2401,52772.0,322.0
198464.0,5202,64723.0,322.0
214829.0,1907,45943.0,321.0
214795.0,1907,45943.0,321.0
225511.0,5203,84668.0,321.0
135717.0,5202,57225.0,321.0
225511.0,3105,53483.0,321.0
479956.0,1907,45943.0,321.0
104151.0,5208,90960.0,321.0
214731.0,1907,45943.0,321.0
214713.0,1907,45943.0,321.0
214777.0,1907,45943.0,321.0
164076.0,5138,91044.0,321.0
214689.0,1907,45943.0,321.0
214652.0,1907,45943.0,321.0
214759.0,1907,45943.0,321.0
214634.0,1907,45943.0,321.0
214740.0,1907,45943.0,321.0
110653.0,2601,56273.0,320.0
173920.0,5138,82429.0,320.0
214777.0,1408,81403.0,320.0
214713.0,1408,81403.0,320.0
214689.0,1408,81403.0,320.0
214731.0,1408,81403.0,320.0
196060.0,1101,80285.0,320.0
199120.0,2601,62047.0,320.0
133951.0,5107,56867.0,320.0
229115.0,5202,75702.0,320.0
214670.0,1408,81403.0,320.0
199120.0,5202,135874.0,319.0
110635.0,4510,75128.0,319.0
133951.0,5203,81923.0,319.0
157085.0,5214,70776.0,319.0
225432.0,5203,67499.0,319.0
190637.0,5107,57722.0,318.0
409698.0,5202,72558.0,318.0
187046.0,2401,64011.0,318.0
151111.0,2401,51718.0,318.0
132903.0,5100,56148.0,317.0
207388.0,5214,62716.0,317.0
144740.0,2401,86444.0,317.0
236939.0,1419,93971.0,316.0
204857.0,0901,54695.0,315.0
166513.0,4301,66258.0,315.0
204802.0,0901,54695.0,315.0
486840.0,5202,70708.0,315.0
204820.0,0901,54695.0,315.0
204848.0,0901,54695.0,315.0
204866.0,0901,54695.0,315.0
204839.0,0901,54695.0,315.0
228778.0,4510,75988.0,315.0
214704.0,1110,98637.0,314.0
214777.0,1110,98637.0,314.0
214829.0,2601,64910.0,314.0
214591.0,2601,64910.0,314.0
214698.0,2601,64910.0,314.0
214689.0,1110,98637.0,314.0
214704.0,2601,64910.0,314.0
214777.0,2601,64910.0,314.0
214652.0,2601,64910.0,314.0
214731.0,2601,64910.0,314.0
214768.0,2601,64910.0,314.0
214713.0,1110,98637.0,314.0
214689.0,2601,64910.0,314.0
479956.0,1110,98637.0,314.0
214810.0,2601,64910.0,314.0
214713.0,2601,64910.0,314.0
225511.0,5208,78009.0,314.0
479956.0,2601,64910.0,314.0
214786.0,1110,98637.0,314.0
214801.0,2601,64910.0,314.0
171100.0,5208,102017.0,313.0
240444.0,5208,107207.0,313.0
204848.0,2401,53206.0,313.0
139931.0,3105,55330.0,313.0
163204.0,1110,100937.0,313.0
204866.0,2401,53206.0,313.0
110565.0,5138,119353.0,313.0
204802.0,2401,53206.0,313.0
204857.0,2401,53206.0,313.0
204839.0,2401,53206.0,313.0
148487.0,5202,59180.0,313.0
204820.0,2401,53206.0,313.0
182290.0,5100,63049.0,313.0
186399.0,4407,56797.0,312.0
196060.0,4511,57508.0,312.0
186380.0,4407,56797.0,312.0
166018.0,2401,36508.0,312.0
186371.0,4407,56797.0,312.0
139940.0,3099,50632.0,312.0
168263.0,4301,67363.0,311.0
137032.0,4201,48786.0,311.0
167358.0,5138,91003.0,311.0
238032.0,0904,58454.0,311.0
482705.0,5138,91003.0,311.0
104717.0,3904,45165.0,311.0
110583.0,5214,67396.0,311.0
186876.0,5100,63295.0,310.0
236948.0,5202,78771.0,310.0
377555.0,5202,78771.0,310.0
126775.0,1419,97087.0,310.0
149231.0,5202,65403.0,310.0
228778.0,2601,66264.0,310.0
377564.0,5202,78771.0,310.0
228723.0,0301,57722.0,310.0
229027.0,4301,51034.0,309.0
228769.0,5214,63088.0,309.0
110644.0,0901,72778.0,309.0
165024.0,4301,64178.0,308.0
104717.0,3105,56597.0,308.0
186371.0,5214,74813.0,308.0
228723.0,0901,64533.0,308.0
137078.0,5138,91608.0,308.0
186380.0,5214,74813.0,308.0
186399.0,5214,74813.0,308.0
196149.0,3105,56466.0,307.0
154095.0,1312,45885.0,307.0
409315.0,5202,45612.0,307.0
122409.0,5208,88136.0,307.0
151351.0,3105,68675.0,307.0
140951.0,0907,64076.0,307.0
240453.0,5208,69673.0,307.0
483124.0,1410,104757.0,306.0
214777.0,0909,76246.0,306.0
196060.0,0901,59724.0,306.0
479956.0,0909,76246.0,306.0
214713.0,0909,76246.0,306.0
165529.0,5138,92783.0,306.0
104151.0,1410,104757.0,306.0
214731.0,0909,76246.0,306.0
181464.0,5202,67918.0,306.0
153603.0,1409,105753.0,306.0
227216.0,4301,53453.0,305.0
232982.0,4504,56659.0,305.0
104151.0,4407,54504.0,305.0
220978.0,0901,45155.0,305.0
178341.0,5201,55286.0,305.0
166850.0,5202,73877.0,305.0
163286.0,4504,67258.0,305.0
194578.0,5004,59792.0,304.0
110635.0,1107,204379.0,304.0
483124.0,1419,95090.0,304.0
104151.0,1419,95090.0,304.0
102094.0,5138,78024.0,304.0
209542.0,1907,53109.0,304.0
110608.0,5007,42904.0,304.0
440828.0,1907,53109.0,304.0
180461.0,5138,76146.0,303.0
182281.0,4201,51200.0,302.0
203465.0,2401,53833.0,302.0
203483.0,2401,53833.0,302.0
203492.0,2401,53833.0,302.0
132903.0,1101,98526.0,302.0
175005.0,5138,85514.0,302.0
203474.0,2401,53833.0,302.0
203517.0,2401,53833.0,302.0
110538.0,4201,52621.0,302.0
203526.0,2401,53833.0,302.0
203447.0,2401,53833.0,302.0
203456.0,2401,53833.0,302.0
174066.0,2601,63132.0,301.0
204839.0,0904,59276.0,300.0
204820.0,0904,59276.0,300.0
204848.0,0904,59276.0,300.0
204857.0,0904,59276.0,300.0
204866.0,0904,59276.0,300.0
204802.0,0904,59276.0,300.0
228459.0,5208,75100.0,300.0
446604.0,3802,29579.0,299.0
133951.0,1312,53854.0,299.0
172644.0,4201,52435.0,299.0
228723.0,5100,69815.0,299.0
184782.0,4301,56226.0,299.0
227216.0,4201,46917.0,299.0
433387.0,1313,52284.0,299.0
139940.0,1101,87020.0,298.0
176080.0,3099,42399.0,298.0
131469.0,5138,96741.0,298.0
202134.0,4201,46090.0,298.0
221759.0,4201,49003.0,298.0
486840.0,1419,88860.0,298.0
110592.0,4301,54695.0,298.0
171100.0,4506,79428.0,298.0
153658.0,5208,88229.0,297.0
441900.0,5138,95918.0,297.0
185590.0,3099,58236.0,297.0
171571.0,5199,54767.0,297.0
173124.0,5138,84436.0,297.0
183822.0,3099,58236.0,297.0
133669.0,5203,77465.0,297.0
218724.0,3105,50228.0,296.0
190415.0,1107,223309.0,296.0
233277.0,5138,81120.0,296.0
133951.0,5202,61256.0,295.0
104717.0,4301,55600.0,295.0
203517.0,5004,56540.0,295.0
110662.0,2301,55346.0,295.0
228723.0,5218,93141.0,295.0
110635.0,0301,78624.0,295.0
110592.0,4407,59545.0,295.0
110592.0,4228,46060.0,294.0
192819.0,0901,74726.0,294.0
110617.0,4407,58280.0,294.0
489779.0,5203,62502.0,294.0
491288.0,1104,70639.0,293.0
153603.0,0109,51644.0,293.0
240453.0,1104,70639.0,293.0
133702.0,5202,55860.0,293.0
217484.0,0901,64520.0,293.0
139658.0,5138,101903.0,293.0
203465.0,5214,63440.0,292.0
145637.0,0901,66439.0,292.0
187444.0,0901,53589.0,292.0
133669.0,5202,62058.0,292.0
207500.0,2401,65474.0,292.0
229179.0,2401,53626.0,292.0
170976.0,1419,105888.0,292.0
203517.0,5214,63440.0,292.0
136358.0,5202,54096.0,292.0
228778.0,1101,155168.0,292.0
227368.0,5123,44201.0,291.0
139940.0,1107,100582.0,291.0
174491.0,3902,51761.0,291.0
225511.0,3099,58705.0,291.0
227216.0,5007,47639.0,291.0
436827.0,5138,92601.0,290.0
129020.0,5138,92601.0,290.0
110662.0,0502,55088.0,290.0
100751.0,5208,85020.0,290.0
436836.0,5138,92601.0,290.0
436818.0,5138,92601.0,290.0
132903.0,1313,53197.0,290.0
106397.0,5214,73153.0,290.0
463056.0,5138,92601.0,290.0
216339.0,5203,85777.0,290.0
185828.0,1500,86360.0,289.0
167598.0,5138,94329.0,289.0
164924.0,4506,121337.0,289.0
225511.0,5212,91983.0,289.0
207865.0,5138,89549.0,289.0
151351.0,0901,63855.0,289.0
199139.0,5202,70654.0,289.0
445188.0,2601,59249.0,289.0
198464.0,1312,47970.0,288.0
132903.0,1312,51784.0,288.0
199120.0,3105,63286.0,288.0
204796.0,4510,65972.0,288.0
133951.0,3099,55402.0,288.0
134130.0,1419,97113.0,287.0
110705.0,0301,63628.0,287.0
484473.0,1419,97113.0,287.0
229027.0,0901,53267.0,287.0
233921.0,1419,96376.0,286.0
218663.0,5122,58715.0,286.0
104586.0,1402,95552.0,286.0
426314.0,1402,95552.0,286.0
243780.0,1508,86891.0,286.0
168421.0,1419,97308.0,286.0
132693.0,5202,54133.0,286.0
139940.0,5203,81029.0,286.0
133553.0,1402,95552.0,286.0
187046.0,3099,109395.0,286.0
366711.0,1907,53568.0,285.0
110617.0,4511,56886.0,285.0
199148.0,5138,80383.0,285.0
122612.0,5138,143356.0,285.0
170082.0,1301,49225.0,285.0
170082.0,5208,71348.0,285.0
174066.0,1399,67795.0,285.0
153603.0,3105,60059.0,285.0
486840.0,5203,77710.0,285.0
193900.0,5201,137804.0,285.0
178420.0,5138,78608.0,284.0
163286.0,1104,109092.0,284.0
489779.0,4400,46580.0,284.0
157085.0,5201,69451.0,284.0
157951.0,5202,59362.0,283.0
134130.0,4510,70434.0,283.0
183071.0,0901,69098.0,283.0
177065.0,5201,61958.0,283.0
110565.0,1107,87460.0,283.0
183044.0,0901,69098.0,283.0
232982.0,4201,51907.0,283.0
185129.0,5138,102386.0,283.0
183257.0,0901,69098.0,283.0
145600.0,5208,83218.0,283.0
110680.0,4506,87307.0,283.0
110583.0,5208,78085.0,283.0
209551.0,4201,50810.0,282.0
199120.0,1107,137047.0,282.0
110486.0,2401,57529.0,282.0
174020.0,3099,58568.0,282.0
110714.0,5206,82064.0,282.0
235316.0,5201,84459.0,282.0
106397.0,5138,84911.0,281.0
174066.0,5208,98279.0,281.0
132903.0,5107,56075.0,281.0
133951.0,2401,49960.0,281.0
170082.0,5138,79188.0,281.0
225432.0,4301,53589.0,281.0
110617.0,3105,59142.0,281.0
159391.0,0901,55245.0,280.0
217235.0,1205,55056.0,280.0
230764.0,0901,63309.0,280.0
240444.0,4201,58901.0,280.0
209807.0,4501,52562.0,280.0
236948.0,1107,175616.0,280.0
212054.0,5004,66294.0,280.0
377555.0,1107,175616.0,280.0
190415.0,5210,112713.0,280.0
445708.0,1205,55056.0,280.0
476975.0,5107,74350.0,280.0
409698.0,2401,59017.0,279.0
216038.0,1507,84783.0,279.0
133669.0,5208,70078.0,278.0
122409.0,5203,80011.0,278.0
153603.0,5208,75360.0,278.0
193654.0,5004,56838.0,278.0
209807.0,4201,49063.0,278.0
232423.0,2401,58026.0,278.0
168430.0,5202,66405.0,278.0
230728.0,5102,57140.0,278.0
185262.0,5202,65332.0,278.0
143118.0,5138,84022.0,278.0
156620.0,5138,83920.0,278.0
110644.0,1101,138673.0,277.0
201441.0,1310,45224.0,277.0
221847.0,1312,43264.0,277.0
214786.0,2699,81617.0,277.0
214713.0,2699,81617.0,277.0
479956.0,2699,81617.0,277.0
214625.0,2699,81617.0,277.0
214652.0,2699,81617.0,277.0
122597.0,4201,55902.0,277.0
214777.0,2699,81617.0,277.0
110617.0,5138,129960.0,277.0
214670.0,2699,81617.0,277.0
218663.0,4301,50847.0,277.0
110662.0,2601,61804.0,277.0
172699.0,5202,75143.0,276.0
176017.0,5138,87701.0,276.0
166674.0,5004,45716.0,276.0
145813.0,5203,84458.0,276.0
234030.0,4301,58792.0,276.0
130253.0,5109,76507.0,276.0
110662.0,5401,59555.0,276.0
216852.0,5138,98272.0,276.0
139940.0,5202,68644.0,276.0
183026.0,5100,74693.0,276.0
200800.0,5138,76089.0,276.0
232982.0,5115,47604.0,276.0
223232.0,5138,89510.0,275.0
204796.0,5138,81795.0,275.0
243780.0,5202,81040.0,275.0
204680.0,5138,81795.0,275.0
139755.0,5202,106155.0,275.0
216597.0,5208,131996.0,275.0
160612.0,2401,42692.0,275.0
196079.0,4506,81040.0,275.0
144281.0,5005,39986.0,274.0
157289.0,5138,78902.0,274.0
214689.0,0901,55505.0,274.0
214704.0,0901,55505.0,274.0
104717.0,4407,53716.0,274.0
214759.0,0901,55505.0,274.0
214643.0,0901,55505.0,274.0
214829.0,0901,55505.0,274.0
230728.0,1313,53822.0,274.0
104179.0,3000,53471.0,274.0
479956.0,0901,55505.0,274.0
136172.0,4227,45521.0,274.0
174066.0,4506,82488.0,274.0
214731.0,0901,55505.0,274.0
214698.0,0901,55505.0,274.0
214625.0,0901,55505.0,274.0
139959.0,4201,59446.0,274.0
200332.0,5138,73935.0,274.0
214591.0,0901,55505.0,274.0
214777.0,0901,55505.0,274.0
214786.0,0901,55505.0,274.0
110529.0,1408,97790.0,274.0
214713.0,0901,55505.0,274.0
228778.0,0907,52860.0,273.0
109651.0,5004,76093.0,273.0
201821.0,5138,74797.0,273.0
206941.0,2401,49383.0,273.0
137351.0,5122,53560.0,273.0
145637.0,5203,101098.0,273.0
203492.0,4301,48569.0,272.0
203474.0,4301,48569.0,272.0
203456.0,4301,48569.0,272.0
200280.0,4901,104472.0,272.0
105330.0,5122,61757.0,272.0
190512.0,5202,73619.0,272.0
203465.0,4301,48569.0,272.0
139931.0,2401,48137.0,272.0
203447.0,4301,48569.0,272.0
196097.0,5138,111898.0,272.0
203517.0,4301,48569.0,272.0
227368.0,3105,53769.0,272.0
203483.0,4301,48569.0,272.0
199139.0,4301,53738.0,272.0
212054.0,1419,93638.0,271.0
220516.0,5202,59591.0,271.0
178411.0,1419,91742.0,271.0
164076.0,0901,63292.0,271.0
110644.0,4299,60257.0,271.0
220978.0,5010,46349.0,271.0
110583.0,5138,111681.0,271.0
212054.0,3099,92778.0,271.0
110705.0,3020,66127.0,271.0
166869.0,5138,90412.0,271.0
179566.0,5202,60247.0,270.0
232557.0,5203,63307.0,270.0
151324.0,5138,81988.0,270.0
166683.0,2401,147998.0,270.0
240107.0,5138,77735.0,270.0
204796.0,5202,85586.0,270.0
190558.0,4201,59741.0,270.0
104151.0,1409,112543.0,269.0
204820.0,5214,78506.0,269.0
204857.0,5214,78506.0,269.0
133951.0,5138,98635.0,269.0
204866.0,5214,78506.0,269.0
196413.0,1104,104842.0,269.0
204848.0,5214,78506.0,269.0
483124.0,1409,112543.0,269.0
204802.0,5214,78506.0,269.0
204839.0,5214,78506.0,269.0
238032.0,3099,53836.0,268.0
164076.0,4599,62559.0,268.0
179566.0,4201,43956.0,268.0
226152.0,4301,48833.0,268.0
228723.0,5203,103662.0,268.0
122597.0,4301,63764.0,268.0
136172.0,0901,54360.0,268.0
218663.0,5213,98020.0,268.0
196060.0,4506,63331.0,267.0
167729.0,5138,95550.0,267.0
180814.0,5202,84019.0,267.0
177065.0,5202,64997.0,267.0
218663.0,1101,84720.0,267.0
170976.0,4510,77480.0,267.0
225432.0,5202,69712.0,266.0
159373.0,5138,81519.0,266.0
134130.0,5138,79839.0,266.0
190655.0,1104,74456.0,266.0
215284.0,1107,108680.0,266.0
104151.0,5203,86901.0,266.0
228723.0,2601,61734.0,266.0
483124.0,5203,86901.0,266.0
215293.0,1107,108680.0,266.0
484473.0,5138,79839.0,266.0
190637.0,5138,119115.0,266.0
178396.0,4201,55839.0,266.0
204839.0,0907,48390.0,265.0
204820.0,0907,48390.0,265.0
227881.0,0901,50125.0,265.0
145600.0,1107,120470.0,265.0
199139.0,5214,66574.0,265.0
232982.0,3099,55889.0,265.0
217484.0,4201,56571.0,265.0
204802.0,0907,48390.0,265.0
170082.0,5199,62482.0,265.0
204848.0,0907,48390.0,265.0
204866.0,0907,48390.0,265.0
204857.0,0907,48390.0,265.0
163286.0,0901,74402.0,265.0
204796.0,2601,64324.0,264.0
232186.0,2313,62383.0,264.0
196194.0,5202,66048.0,264.0
139931.0,1419,87731.0,264.0
166513.0,1419,94841.0,264.0
186201.0,5202,70306.0,264.0
204671.0,2601,64324.0,264.0
204699.0,2601,64324.0,264.0
214689.0,1312,53362.0,263.0
214768.0,1312,53362.0,263.0
238032.0,4511,54596.0,263.0
219471.0,5138,73025.0,263.0
227368.0,4407,50073.0,263.0
214801.0,1312,53362.0,263.0
214777.0,1312,53362.0,263.0
214713.0,1312,53362.0,263.0
157289.0,0901,55636.0,263.0
214591.0,1312,53362.0,263.0
199139.0,1419,88265.0,263.0
228723.0,4510,69375.0,263.0
159391.0,1313,61045.0,263.0
214704.0,1312,53362.0,263.0
225511.0,5214,68139.0,263.0
185828.0,1419,89827.0,262.0
105330.0,4201,50448.0,262.0
110671.0,2601,58339.0,262.0
170082.0,3105,53175.0,262.0
151111.0,4201,46904.0,262.0
110592.0,2313,51414.0,262.0
142115.0,5109,89863.0,262.0
228778.0,1410,146003.0,261.0
110617.0,1901,55830.0,261.0
216339.0,5217,92555.0,261.0
109785.0,5138,118549.0,260.0
147703.0,0901,55109.0,260.0
218724.0,5202,59946.0,260.0
172699.0,3099,54597.0,260.0
177065.0,4400,46785.0,260.0
227216.0,3105,54578.0,259.0
171571.0,5210,70347.0,259.0
489779.0,5131,47367.0,259.0
209807.0,5122,58860.0,259.0
185262.0,4301,58644.0,259.0
142115.0,0901,53278.0,258.0
227368.0,5202,49595.0,258.0
186380.0,0904,62670.0,258.0
180461.0,5201,71578.0,258.0
218663.0,4227,51090.0,258.0
135081.0,3000,52293.0,258.0
206613.0,5202,60039.0,258.0
119173.0,5138,119050.0,258.0
233921.0,5208,102902.0,258.0
206604.0,5202,60039.0,258.0
202806.0,5203,65816.0,258.0
133669.0,2601,47707.0,258.0
228529.0,5138,89677.0,258.0
186399.0,0904,62670.0,258.0
196097.0,1101,147064.0,258.0
163268.0,4201,54039.0,257.0
110574.0,4201,54436.0,257.0
104151.0,0904,64224.0,257.0
104717.0,2601,54433.0,257.0
229027.0,5202,65018.0,257.0
133669.0,5214,62906.0,257.0
190637.0,4201,54063.0,257.0
110617.0,1107,92519.0,257.0
217819.0,5202,71360.0,257.0
102368.0,5201,63425.0,256.0
110592.0,1312,50444.0,256.0
232982.0,2313,54390.0,256.0
110671.0,4510,56740.0,256.0
215770.0,5219,80764.0,256.0
228459.0,1107,104127.0,255.0
213020.0,4504,53762.0,255.0
110495.0,4301,51740.0,255.0
484473.0,0907,62227.0,255.0
130943.0,5138,98486.0,255.0
166629.0,4506,80434.0,255.0
110680.0,0901,67302.0,255.0
110680.0,4510,67713.0,255.0
110556.0,0901,51788.0,255.0
134130.0,0907,62227.0,255.0
164739.0,5208,113795.0,255.0
121309.0,5138,114919.0,255.0
228778.0,4201,56821.0,254.0
145813.0,0901,60414.0,254.0
142328.0,5138,83303.0,254.0
110671.0,4506,66682.0,254.0
196121.0,5138,88583.0,254.0
110583.0,1907,46966.0,254.0
178721.0,4227,54849.0,254.0
204024.0,5208,110406.0,254.0
110714.0,4511,55338.0,254.0
226833.0,5109,83622.0,254.0
110653.0,4510,63318.0,253.0
409698.0,4201,54074.0,253.0
190044.0,1419,90286.0,253.0
173124.0,5202,64086.0,253.0
233921.0,1101,144103.0,253.0
157216.0,4400,42004.0,253.0
234030.0,2601,58420.0,253.0
142522.0,1907,31078.0,252.0
240277.0,5202,62276.0,252.0
163268.0,1104,95435.0,252.0
199139.0,5138,84723.0,252.0
110608.0,5107,60740.0,252.0
110680.0,3008,137218.0,252.0
163204.0,4301,69848.0,251.0
204671.0,1312,45969.0,251.0
204705.0,1312,45969.0,251.0
237011.0,0301,53781.0,251.0
204699.0,1312,45969.0,251.0
199148.0,0901,43231.0,251.0
204796.0,1312,45969.0,251.0
159391.0,5202,64590.0,251.0
204680.0,1312,45969.0,251.0
171100.0,1419,97946.0,251.0
126580.0,5138,78904.0,250.0
196088.0,1419,84602.0,250.0
169479.0,5138,78357.0,250.0
229027.0,2401,53652.0,250.0
225511.0,5209,53344.0,250.0
181464.0,0909,61145.0,250.0
228529.0,5202,63969.0,250.0
201885.0,5110,79742.0,250.0
167899.0,4402,54080.0,250.0
498571.0,3105,47468.0,250.0
164924.0,5208,147746.0,250.0
228769.0,4407,50388.0,250.0
475273.0,4402,54080.0,250.0
122409.0,1419,97825.0,249.0
145600.0,5138,87037.0,249.0
228787.0,5004,47186.0,249.0
186380.0,3105,71844.0,249.0
172051.0,5138,81103.0,249.0
181297.0,5138,76879.0,249.0
153603.0,1312,47462.0,249.0
110510.0,2401,52799.0,249.0
190512.0,1104,85870.0,249.0
106458.0,5138,88611.0,249.0
204796.0,1409,123731.0,249.0
204024.0,3105,70919.0,249.0
234030.0,5138,86661.0,248.0
498571.0,2401,44180.0,248.0
226471.0,5138,88815.0,248.0
196042.0,3015,54746.0,248.0
216339.0,4301,56164.0,248.0
228723.0,4511,57857.0,248.0
110644.0,4511,59171.0,248.0
171100.0,1515,94143.0,248.0
207388.0,1419,89436.0,248.0
486840.0,1107,96481.0,248.0
137351.0,2401,59587.0,248.0
104179.0,5202,77951.0,248.0
154493.0,5202,65858.0,248.0
164739.0,5203,108343.0,247.0
110644.0,0109,48441.0,247.0
168847.0,5138,77840.0,247.0
229115.0,1907,51921.0,247.0
197869.0,4201,47720.0,247.0
366711.0,4504,55418.0,247.0
163204.0,5203,76478.0,247.0
154022.0,1301,47107.0,247.0
201885.0,1101,100975.0,247.0
139366.0,5138,89659.0,246.0
110529.0,1419,99148.0,246.0
141334.0,5202,62588.0,246.0
165024.0,1313,58255.0,246.0
174066.0,4510,65487.0,245.0
220978.0,5202,63928.0,245.0
134097.0,5202,77320.0,245.0
104717.0,5110,79175.0,245.0
209506.0,5109,98594.0,245.0
234827.0,1101,72838.0,245.0
238032.0,5138,83750.0,245.0
110617.0,1419,93878.0,245.0
237701.0,5138,83750.0,245.0
149772.0,2401,55944.0,245.0
190716.0,5138,90891.0,245.0
237950.0,5138,83750.0,245.0
163286.0,1419,100003.0,245.0
218742.0,5202,61967.0,244.0
203483.0,1312,41717.0,244.0
122409.0,3105,59914.0,244.0
229115.0,5214,72953.0,244.0
168847.0,5107,51868.0,244.0
181215.0,5202,64684.0,244.0
207500.0,5210,65881.0,244.0
171100.0,1101,116905.0,244.0
203526.0,1312,41717.0,244.0
218964.0,5202,61987.0,244.0
203465.0,1312,41717.0,244.0
157085.0,1313,51379.0,244.0
203492.0,1312,41717.0,244.0
182281.0,0901,56944.0,244.0
445188.0,4201,53143.0,244.0
226091.0,5138,93709.0,244.0
203517.0,1312,41717.0,244.0
174066.0,2313,60415.0,244.0
167358.0,1101,163708.0,243.0
157289.0,3105,53496.0,243.0
151351.0,4201,53867.0,243.0
181428.0,5109,106916.0,243.0
482705.0,1101,163708.0,243.0
195304.0,2401,48225.0,243.0
209825.0,5138,103823.0,243.0
228723.0,0109,57324.0,243.0
145600.0,2601,59119.0,243.0
100751.0,1419,95079.0,243.0
110653.0,1301,54356.0,243.0
118888.0,1101,163708.0,243.0
169798.0,5202,66233.0,242.0
199193.0,1428,71837.0,242.0
194824.0,1107,141528.0,242.0
131469.0,4510,79692.0,242.0
145813.0,5208,85326.0,242.0
160038.0,5138,86608.0,242.0
433660.0,0901,56455.0,242.0
171100.0,2601,64018.0,242.0
229027.0,1419,87062.0,242.0
169983.0,1419,99292.0,242.0
204796.0,3105,57541.0,242.0
105330.0,5209,58857.0,242.0
229027.0,5203,73605.0,241.0
228769.0,3105,50930.0,241.0
216010.0,5202,68919.0,241.0
114813.0,1312,60338.0,241.0
201964.0,5202,58293.0,241.0
214041.0,5202,65121.0,241.0
122409.0,0901,61389.0,241.0
440828.0,1419,93740.0,240.0
186399.0,2301,55337.0,240.0
110361.0,5138,108157.0,240.0
240189.0,5208,72928.0,240.0
187444.0,4201,48985.0,240.0
218335.0,5138,78576.0,240.0
134608.0,5202,50328.0,240.0
132903.0,5208,82007.0,240.0
240444.0,4510,66148.0,240.0
186380.0,2301,55337.0,240.0
133872.0,5138,87330.0,240.0
190725.0,5138,94312.0,240.0
186371.0,2301,55337.0,240.0
196592.0,4201,56443.0,240.0
110556.0,5203,65200.0,240.0
134097.0,4511,50612.0,240.0
139959.0,5214,85785.0,240.0
232186.0,5202,85224.0,240.0
151111.0,1312,49540.0,240.0
209542.0,1419,93740.0,240.0
128780.0,2401,54363.0,240.0
122409.0,3099,55072.0,240.0
190664.0,4506,65049.0,240.0
218663.0,0909,65248.0,239.0
226091.0,3099,54116.0,239.0
178402.0,5201,63569.0,239.0
176080.0,3105,50503.0,239.0
153977.0,5138,71148.0,239.0
117636.0,5138,110805.0,239.0
199139.0,4511,49765.0,239.0
127741.0,5202,74278.0,239.0
232982.0,5138,90917.0,239.0
198464.0,5214,73626.0,239.0
145600.0,4301,59295.0,239.0
110705.0,4510,70384.0,239.0
144740.0,5214,78164.0,239.0
150136.0,2401,49657.0,239.0
197869.0,1312,46057.0,239.0
215293.0,1419,90768.0,239.0
232186.0,2601,64301.0,239.0
215284.0,1419,90768.0,239.0
167987.0,5138,86150.0,238.0
227216.0,0907,40972.0,238.0
433387.0,1110,129303.0,238.0
110714.0,0301,55240.0,238.0
194310.0,5138,115695.0,238.0
166638.0,1101,83405.0,238.0
106397.0,5208,87717.0,238.0
139959.0,0909,74531.0,238.0
186876.0,4504,55408.0,238.0
236939.0,5203,75980.0,238.0
126818.0,1907,53597.0,238.0
110556.0,5202,64133.0,238.0
104179.0,0901,72758.0,238.0
197869.0,5202,64932.0,238.0
198464.0,1506,81852.0,237.0
110635.0,2604,66577.0,237.0
229115.0,5203,89891.0,237.0
183026.0,0301,55733.0,237.0
169798.0,4407,52962.0,237.0
219602.0,3105,45080.0,237.0
204796.0,5108,73594.0,237.0
139940.0,5006,42457.0,237.0
486840.0,3105,55897.0,237.0
130943.0,3105,76478.0,236.0
133669.0,5138,91953.0,236.0
110574.0,4301,64835.0,236.0
219639.0,5138,82135.0,236.0
195030.0,5138,90038.0,236.0
498562.0,5138,89958.0,236.0
240480.0,5202,64760.0,236.0
127556.0,5138,81319.0,236.0
232557.0,4901,102096.0,236.0
206084.0,5214,67040.0,236.0
229027.0,1101,106358.0,236.0
228723.0,4506,81562.0,236.0
127741.0,5138,83712.0,236.0
445188.0,5202,68277.0,235.0
207388.0,2401,52152.0,235.0
238032.0,1419,90461.0,235.0
110653.0,1419,99111.0,235.0
193900.0,0907,77109.0,235.0
240189.0,5202,73415.0,235.0
237950.0,1419,90461.0,235.0
228787.0,5208,86484.0,235.0
154022.0,5203,61522.0,235.0
204680.0,2301,48301.0,234.0
204699.0,2301,48301.0,234.0
240462.0,5202,66306.0,234.0
204796.0,2301,48301.0,234.0
243346.0,4301,29719.0,234.0
204705.0,2301,48301.0,234.0
204024.0,5214,86919.0,234.0
196042.0,4304,60464.0,234.0
204015.0,5214,86919.0,234.0
206613.0,5138,77289.0,234.0
176080.0,5202,55993.0,234.0
228802.0,3099,48369.0,234.0
110583.0,1419,95957.0,234.0
204006.0,5214,86919.0,234.0
206604.0,5138,77289.0,234.0
204671.0,2301,48301.0,234.0
215293.0,5203,82966.0,233.0
110644.0,2601,68120.0,233.0
215284.0,5203,82966.0,233.0
140951.0,5006,41651.0,233.0
215275.0,5203,82966.0,233.0
240462.0,1419,87139.0,233.0
183804.0,3802,59036.0,233.0
243601.0,5202,36686.0,233.0
196413.0,0909,90535.0,233.0
134130.0,5208,106153.0,233.0
215266.0,5203,82966.0,233.0
110644.0,4510,67759.0,232.0
174066.0,2609,64629.0,232.0
173920.0,0901,56119.0,232.0
133669.0,4407,50966.0,232.0
198464.0,4301,50722.0,232.0
110635.0,3025,120193.0,232.0
186584.0,2401,67522.0,232.0
202134.0,5138,82201.0,232.0
155399.0,1312,46562.0,232.0
122597.0,1107,105166.0,232.0
482680.0,5202,63973.0,232.0
240189.0,1312,46637.0,231.0
377555.0,5203,88393.0,231.0
237525.0,2401,43714.0,231.0
236948.0,5203,88393.0,231.0
132903.0,2401,52862.0,231.0
170976.0,0901,79648.0,231.0
377564.0,5203,88393.0,231.0
133669.0,5107,57153.0,231.0
196024.0,5138,109387.0,231.0
167358.0,1419,103384.0,231.0
240453.0,1301,49228.0,231.0
232982.0,1313,56564.0,230.0
110583.0,3105,57643.0,230.0
169248.0,0909,59522.0,230.0
193353.0,5138,108400.0,230.0
122597.0,0907,58550.0,230.0
110529.0,1107,103494.0,230.0
181002.0,5138,84294.0,230.0
200004.0,5202,57713.0,230.0
186380.0,1410,108296.0,230.0
366711.0,4201,55196.0,230.0
110538.0,0901,58391.0,230.0
204796.0,4506,75485.0,230.0
171100.0,5138,80129.0,230.0
130253.0,5138,103244.0,229.0
215284.0,2601,62744.0,229.0
104151.0,1905,53318.0,229.0
135726.0,5138,92555.0,229.0
486840.0,5214,72089.0,229.0
215293.0,2601,62744.0,229.0
215266.0,2601,62744.0,229.0
203517.0,5122,54544.0,229.0
157085.0,4201,46570.0,229.0
215275.0,2601,62744.0,229.0
137351.0,5201,64838.0,229.0
232557.0,3105,51061.0,229.0
203474.0,5122,54544.0,229.0
483124.0,1905,53318.0,229.0
104717.0,0901,54622.0,229.0
110635.0,4511,71363.0,229.0
139940.0,4511,49333.0,228.0
163286.0,1107,137931.0,228.0
156125.0,5138,75784.0,228.0
215293.0,5214,75461.0,228.0
169442.0,5004,61222.0,228.0
228723.0,1419,97903.0,228.0
110510.0,0901,49171.0,228.0
166513.0,1104,89715.0,228.0
150136.0,1312,48344.0,228.0
122597.0,5208,78310.0,228.0
215284.0,5214,75461.0,228.0
110662.0,4502,54905.0,228.0
165024.0,0901,56968.0,228.0
240444.0,2601,69005.0,228.0
221740.0,3105,48413.0,228.0
157085.0,5138,81941.0,227.0
215770.0,5120,122633.0,227.0
143118.0,4407,55546.0,227.0
145600.0,5203,86088.0,227.0
483124.0,5401,54798.0,227.0
241739.0,5202,31748.0,227.0
104151.0,5401,54798.0,227.0
169248.0,1313,49588.0,227.0
240444.0,1101,119655.0,226.0
157085.0,0901,55653.0,226.0
143118.0,5202,64446.0,226.0
366711.0,0901,59842.0,226.0
110583.0,5107,64633.0,226.0
104151.0,1101,101170.0,226.0
206084.0,5138,77241.0,226.0
483124.0,1101,101170.0,226.0
175272.0,5202,61878.0,226.0
195720.0,5138,86470.0,226.0
110538.0,4301,58464.0,226.0
178059.0,5138,79219.0,226.0
220516.0,5138,83010.0,226.0
209807.0,2401,50949.0,226.0
194824.0,1419,92952.0,225.0
190691.0,4201,53156.0,225.0
186380.0,1419,94561.0,225.0
193900.0,4506,116510.0,225.0
139931.0,1312,47109.0,225.0
110574.0,4511,62427.0,225.0
155520.0,5138,78299.0,225.0
196130.0,1313,49853.0,225.0
151263.0,5138,83156.0,225.0
215293.0,5208,95087.0,224.0
226152.0,4201,39993.0,224.0
153658.0,5138,78836.0,224.0
196079.0,4201,67249.0,224.0
217882.0,4201,55126.0,224.0
136172.0,5138,79454.0,224.0
177065.0,5210,62392.0,224.0
216597.0,5138,99540.0,224.0
201104.0,5138,73222.0,224.0
217882.0,1419,91028.0,224.0
196194.0,0907,48489.0,224.0
225511.0,1101,98790.0,224.0
201885.0,0901,56818.0,224.0
215284.0,5208,95087.0,224.0
174066.0,5214,86246.0,224.0
184782.0,2601,64921.0,223.0
207458.0,5138,85736.0,223.0
161873.0,5201,71211.0,223.0
110608.0,1901,55327.0,223.0
228778.0,3099,54816.0,223.0
228529.0,3105,52999.0,223.0
134097.0,5203,91056.0,223.0
230764.0,5202,81252.0,223.0
139311.0,5202,58740.0,223.0
183026.0,5401,49113.0,223.0
199120.0,0501,65933.0,223.0
151324.0,4504,51991.0,222.0
141334.0,5138,86904.0,222.0
440828.0,3105,57451.0,222.0
110583.0,2401,60019.0,222.0
228769.0,5203,78245.0,222.0
209542.0,3105,57451.0,222.0
451750.0,5202,52556.0,222.0
489779.0,1101,76857.0,222.0
231785.0,5202,52556.0,222.0
228459.0,0907,49987.0,222.0
486840.0,5208,81002.0,222.0
126614.0,1107,121952.0,222.0
163286.0,5122,72328.0,222.0
153603.0,4201,49286.0,222.0
201469.0,5202,52556.0,222.0
188517.0,5202,52556.0,222.0
199193.0,0901,62039.0,222.0
110538.0,2401,55008.0,222.0
110510.0,5202,56361.0,222.0
228796.0,4201,42190.0,222.0
189565.0,5202,52556.0,222.0
189583.0,5202,52556.0,222.0
480091.0,5202,52556.0,222.0
209807.0,5203,77226.0,222.0
189592.0,5202,52556.0,222.0
213020.0,5138,82343.0,222.0
186876.0,4201,50947.0,221.0
169798.0,4201,48346.0,221.0
104151.0,5004,59641.0,221.0
240453.0,5202,72507.0,221.0
483124.0,5004,59641.0,221.0
137351.0,2301,45178.0,221.0
232557.0,1101,82116.0,221.0
148575.0,5138,73765.0,221.0
155061.0,2401,53176.0,221.0
119605.0,1312,53761.0,221.0
201885.0,1312,47019.0,221.0
240444.0,5138,85579.0,221.0
436836.0,5208,102286.0,220.0
142522.0,5138,75554.0,220.0
214777.0,3105,67399.0,220.0
214704.0,3105,67399.0,220.0
147703.0,5202,73176.0,220.0
436818.0,5208,102286.0,220.0
153603.0,0909,62965.0,220.0
110583.0,1107,101428.0,220.0
129020.0,5208,102286.0,220.0
486840.0,1312,51386.0,220.0
240444.0,0901,61270.0,220.0
232423.0,3105,63065.0,220.0
214689.0,3105,67399.0,220.0
190637.0,5203,66240.0,220.0
436827.0,5208,102286.0,220.0
214713.0,3105,67399.0,220.0
120768.0,1907,56791.0,220.0
214652.0,3105,67399.0,220.0
214801.0,3105,67399.0,220.0
463056.0,5208,102286.0,220.0
183071.0,2601,77076.0,219.0
134130.0,5122,68605.0,219.0
110529.0,2401,51492.0,219.0
104151.0,5006,49759.0,219.0
233611.0,2401,40419.0,219.0
104151.0,1401,94332.0,219.0
240189.0,5214,67317.0,219.0
234030.0,1104,87219.0,219.0
483124.0,5006,49759.0,219.0
185262.0,0901,54277.0,219.0
166629.0,0901,60891.0,219.0
484473.0,5122,68605.0,219.0
187046.0,5138,104672.0,219.0
157951.0,5138,73496.0,219.0
209807.0,4301,58109.0,219.0
227216.0,5214,66673.0,219.0
183044.0,2601,77076.0,219.0
200004.0,5138,79533.0,218.0
233921.0,1907,58340.0,218.0
228459.0,5203,78418.0,218.0
110583.0,5122,57296.0,218.0
486840.0,0901,59675.0,218.0
228769.0,4301,57210.0,218.0
228723.0,1408,92433.0,218.0
136172.0,5202,65768.0,218.0
110592.0,0907,39867.0,218.0
110608.0,0502,50708.0,217.0
139755.0,1435,128003.0,217.0
139940.0,2601,52222.0,217.0
228796.0,1419,88393.0,217.0
218663.0,1419,91296.0,217.0
157085.0,5208,84087.0,217.0
191968.0,0907,58804.0,217.0
106458.0,2401,43733.0,217.0
199148.0,1907,46140.0,217.0
144281.0,5010,50592.0,216.0
171100.0,5214,90453.0,216.0
147767.0,4506,126006.0,216.0
172644.0,5211,79882.0,216.0
231174.0,5202,82284.0,216.0
484473.0,4504,57953.0,216.0
445708.0,5219,53539.0,216.0
134130.0,4504,57953.0,216.0
198464.0,4201,50270.0,216.0
217235.0,5219,53539.0,216.0
186867.0,1419,100554.0,216.0
171571.0,0901,55662.0,216.0
234030.0,3099,55855.0,216.0
106467.0,3099,46018.0,216.0
122409.0,2601,68861.0,216.0
460349.0,5219,53539.0,216.0
153658.0,4201,51031.0,216.0
110583.0,4301,58513.0,216.0
129020.0,1907,57888.0,215.0
436818.0,1907,57888.0,215.0
232423.0,5138,87056.0,215.0
436827.0,1907,57888.0,215.0
110617.0,2601,61775.0,215.0
236939.0,0909,67647.0,215.0
486840.0,1101,83249.0,215.0
486840.0,4301,55033.0,215.0
190558.0,5201,60530.0,215.0
192192.0,4407,54540.0,215.0
436836.0,1907,57888.0,215.0
176372.0,5202,52089.0,215.0
166629.0,5138,90309.0,215.0
110510.0,3105,54944.0,215.0
218663.0,5209,56688.0,215.0
463056.0,1907,57888.0,215.0
233921.0,0901,66106.0,215.0
141981.0,5202,56227.0,214.0
145813.0,0100,63600.0,214.0
110510.0,5203,59367.0,214.0
171100.0,4301,62715.0,214.0
219718.0,4301,62967.0,214.0
214777.0,5123,51635.0,214.0
157447.0,5210,65960.0,214.0
240268.0,5202,66606.0,214.0
214670.0,5123,51635.0,214.0
214704.0,5123,51635.0,214.0
160612.0,5202,51621.0,214.0
176372.0,5138,72411.0,214.0
199102.0,0901,48804.0,214.0
214801.0,5123,51635.0,214.0
229027.0,5214,57885.0,214.0
218663.0,1312,43687.0,214.0
214643.0,5123,51635.0,214.0
104179.0,5122,66937.0,214.0
200800.0,1419,87752.0,214.0
239628.0,2401,50291.0,214.0
214768.0,5123,51635.0,214.0
181464.0,4201,49965.0,213.0
489779.0,1304,42581.0,213.0
366711.0,5202,70900.0,213.0
147703.0,4201,49669.0,213.0
191241.0,0901,77244.0,213.0
166683.0,1107,225141.0,213.0
229115.0,2401,58375.0,213.0
217420.0,5138,83068.0,213.0
229027.0,2601,56721.0,213.0
221768.0,0100,47956.0,213.0
221759.0,5214,70661.0,213.0
121691.0,5202,85278.0,213.0
433660.0,5209,60011.0,213.0
148627.0,5138,87170.0,213.0
183026.0,5214,66094.0,213.0
170082.0,0909,57599.0,213.0
147703.0,5203,83573.0,213.0
215266.0,5138,83313.0,212.0
110644.0,2615,63720.0,212.0
196097.0,2601,62574.0,212.0
168263.0,2401,51730.0,212.0
228787.0,5201,66880.0,212.0
144740.0,4201,55664.0,212.0
215293.0,5138,83313.0,212.0
134097.0,0907,60876.0,212.0
110547.0,0901,57478.0,212.0
142522.0,5122,44015.0,211.0
232982.0,5212,74465.0,211.0
171100.0,5209,69651.0,211.0
104717.0,5214,60303.0,211.0
214777.0,0904,62336.0,211.0
166629.0,4201,51274.0,211.0
151111.0,1101,77983.0,211.0
227216.0,5202,75657.0,211.0
174020.0,4301,64481.0,211.0
479956.0,0904,62336.0,211.0
236939.0,5202,81321.0,211.0
240462.0,1506,83958.0,211.0
110422.0,1419,106750.0,211.0
122409.0,2401,58419.0,211.0
366711.0,4511,53287.0,211.0
110592.0,5122,56466.0,210.0
199139.0,4510,57273.0,210.0
145637.0,1409,159855.0,210.0
197869.0,5138,78943.0,210.0
243780.0,1107,146685.0,210.0
171100.0,5203,96093.0,210.0
128771.0,4504,61950.0,210.0
153603.0,5209,55491.0,210.0
217882.0,5214,81109.0,210.0
110495.0,2401,59251.0,210.0
482680.0,5138,81887.0,210.0
153658.0,5202,67605.0,210.0
227368.0,5203,53420.0,210.0
191241.0,5202,90192.0,209.0
110565.0,0907,48094.0,209.0
110547.0,1312,44654.0,209.0
214713.0,5107,75396.0,209.0
214795.0,5107,75396.0,209.0
214768.0,5107,75396.0,209.0
147703.0,5214,76373.0,209.0
221759.0,5138,77118.0,209.0
132903.0,1419,89663.0,209.0
214670.0,5107,75396.0,209.0
122597.0,5006,47149.0,209.0
479956.0,5107,75396.0,209.0
214810.0,5107,75396.0,209.0
214634.0,5107,75396.0,209.0
214777.0,5107,75396.0,209.0
214698.0,5107,75396.0,209.0
190637.0,4407,62955.0,209.0
227881.0,3105,57341.0,208.0
179566.0,0901,50065.0,208.0
139931.0,2601,50667.0,208.0
229814.0,3099,49241.0,208.0
204820.0,5107,61538.0,208.0
197133.0,2401,61359.0,208.0
126818.0,3105,60835.0,208.0
204866.0,5107,61538.0,208.0
110361.0,5201,68936.0,208.0
204857.0,5107,61538.0,208.0
169479.0,5202,71344.0,208.0
377555.0,4510,72487.0,208.0
165024.0,1312,51523.0,208.0
204839.0,5107,61538.0,208.0
110635.0,0901,75612.0,208.0
110714.0,4201,59948.0,208.0
204802.0,5107,61538.0,208.0
212115.0,5202,58287.0,208.0
233921.0,1408,88142.0,208.0
204848.0,5107,61538.0,208.0
145813.0,5138,81264.0,208.0
163286.0,5208,110648.0,208.0
377564.0,4510,72487.0,208.0
236948.0,4510,72487.0,208.0
161554.0,5138,75465.0,207.0
233356.0,5138,83777.0,207.0
483124.0,5007,41265.0,207.0
110583.0,4510,59787.0,207.0
104151.0,5007,41265.0,207.0
232186.0,5208,88080.0,207.0
220631.0,5138,79561.0,207.0
201885.0,5203,75921.0,207.0
151379.0,5201,60570.0,207.0
166629.0,1419,96999.0,207.0
195809.0,4301,63978.0,207.0
199139.0,5203,76690.0,207.0
126818.0,1419,94260.0,207.0
201885.0,4201,48406.0,206.0
218724.0,0901,51010.0,206.0
141334.0,4201,43731.0,206.0
199148.0,4201,43825.0,206.0
127565.0,5202,65387.0,206.0
196185.0,5206,70986.0,206.0
238980.0,5202,66108.0,206.0
220978.0,4201,43826.0,206.0
199218.0,4201,49609.0,206.0
153658.0,0901,60737.0,206.0
177065.0,4301,56128.0,206.0
486840.0,5138,87935.0,206.0
137351.0,1419,88249.0,205.0
201885.0,5004,71605.0,205.0
110583.0,5004,66435.0,205.0
230737.0,0901,62566.0,205.0
166513.0,4201,57489.0,205.0
197869.0,0909,55671.0,205.0
228769.0,3099,56782.0,205.0
172644.0,4407,56152.0,205.0
204015.0,0909,79710.0,205.0
202134.0,5110,55038.0,205.0
133951.0,5211,65054.0,205.0
196079.0,5203,106323.0,205.0
187985.0,2401,47770.0,205.0
153603.0,1909,60349.0,205.0
204006.0,0909,79710.0,205.0
133650.0,3000,47139.0,205.0
217402.0,5208,103021.0,205.0
155399.0,0109,50941.0,205.0
228778.0,5203,105143.0,205.0
225432.0,4201,48234.0,205.0
230764.0,5138,86243.0,205.0
204024.0,0909,79710.0,205.0
232423.0,4201,56212.0,204.0
230737.0,4901,106001.0,204.0
185262.0,2601,61291.0,204.0
110644.0,5004,62209.0,204.0
153658.0,2401,61200.0,204.0
155061.0,1312,45190.0,204.0
127565.0,4201,50326.0,204.0
167987.0,5202,62430.0,204.0
147129.0,5138,75989.0,204.0
178396.0,5138,83231.0,204.0
196130.0,4301,56034.0,204.0
115755.0,5202,60005.0,204.0
130943.0,4506,95318.0,204.0
163286.0,4510,74437.0,204.0
228769.0,2601,53498.0,203.0
110583.0,0907,47444.0,203.0
377555.0,5122,63666.0,203.0
228529.0,4301,53821.0,203.0
193016.0,5199,58471.0,203.0
182281.0,3105,53798.0,203.0
233277.0,3099,50057.0,203.0
460349.0,4301,56632.0,203.0
122409.0,5138,120799.0,203.0
195003.0,1409,123027.0,203.0
218663.0,2609,63534.0,203.0
228796.0,5202,51506.0,203.0
377564.0,5122,63666.0,203.0
126818.0,0901,61434.0,203.0
127741.0,1312,45008.0,203.0
101189.0,5202,52092.0,203.0
139940.0,5007,42454.0,203.0
110617.0,4506,70290.0,203.0
217235.0,4301,56632.0,203.0
498562.0,4201,49137.0,203.0
236948.0,5122,63666.0,203.0
110635.0,5202,144599.0,203.0
139931.0,5214,69425.0,203.0
196060.0,4510,64270.0,203.0
157085.0,5203,85777.0,202.0
154022.0,5133,44036.0,202.0
204006.0,4201,58255.0,202.0
498562.0,3105,53736.0,202.0
190594.0,4511,57965.0,202.0
204024.0,4201,58255.0,202.0
110671.0,5006,52699.0,202.0
150136.0,5138,76161.0,202.0
204015.0,4201,58255.0,202.0
221847.0,2401,44846.0,202.0
218724.0,5214,62373.0,202.0
110486.0,4301,53715.0,202.0
243780.0,1419,102572.0,202.0
215770.0,5138,86383.0,202.0
442356.0,5138,86383.0,202.0
110653.0,4511,56457.0,202.0
208646.0,5202,59066.0,202.0
163268.0,1107,105706.0,202.0
228431.0,3105,55250.0,201.0
139959.0,1107,107397.0,201.0
134130.0,1101,126268.0,201.0
223232.0,5203,102011.0,201.0
196060.0,2699,68178.0,201.0
484473.0,1101,126268.0,201.0
196060.0,5203,98010.0,201.0
234827.0,4201,54530.0,201.0
137351.0,5212,83227.0,201.0
228787.0,4201,51459.0,201.0
234076.0,1101,142041.0,201.0
483124.0,4506,78485.0,201.0
228778.0,2701,88434.0,201.0
482158.0,5138,72255.0,201.0
104151.0,4506,78485.0,201.0
201885.0,4301,54231.0,200.0
231712.0,5202,81840.0,200.0
199139.0,1312,48399.0,200.0
151111.0,5209,53784.0,200.0
140447.0,5138,85030.0,200.0
217165.0,5208,90499.0,200.0
194958.0,5138,90146.0,200.0
139931.0,4201,48180.0,200.0
145637.0,0909,83451.0,200.0
196413.0,4201,65694.0,200.0
166629.0,5208,96995.0,200.0
214777.0,1407,103728.0,200.0
232186.0,5138,89878.0,200.0
200004.0,5214,56568.0,200.0
225511.0,1425,94651.0,200.0
198464.0,5208,78324.0,200.0
174783.0,0901,56388.0,200.0
200004.0,4301,55903.0,200.0
100751.0,5203,87621.0,200.0
433660.0,4201,52722.0,200.0
218663.0,2601,58669.0,200.0
165024.0,2301,51020.0,199.0
156082.0,5138,79109.0,199.0
232885.0,5138,90720.0,199.0
151342.0,5201,64275.0,199.0
128771.0,5203,74408.0,199.0
236948.0,0301,58229.0,199.0
183026.0,2701,68414.0,199.0
102368.0,5202,63472.0,199.0
377564.0,0301,58229.0,199.0
377555.0,0301,58229.0,199.0
229027.0,5208,75373.0,199.0
176965.0,5138,80542.0,199.0
168847.0,1907,45610.0,199.0
129020.0,4510,63902.0,199.0
230764.0,4201,52440.0,199.0
228787.0,1419,90102.0,199.0
217493.0,5004,67771.0,199.0
153603.0,5203,70706.0,199.0
110486.0,4201,49207.0,199.0
436818.0,4510,63902.0,199.0
139658.0,5202,136731.0,199.0
199218.0,0901,54315.0,199.0
436827.0,4510,63902.0,199.0
463056.0,4510,63902.0,199.0
193399.0,5138,120822.0,199.0
100751.0,4201,49900.0,199.0
228778.0,5208,132075.0,199.0
436836.0,4510,63902.0,199.0
202480.0,1419,88339.0,199.0
199193.0,1419,87112.0,199.0
225511.0,5218,72199.0,199.0
228723.0,1435,95918.0,198.0
146612.0,5138,85320.0,198.0
171571.0,1101,90737.0,198.0
110495.0,4511,46340.0,198.0
127556.0,5201,57897.0,198.0
110556.0,3105,54849.0,198.0
226833.0,3099,48989.0,198.0
123961.0,0901,75864.0,198.0
134130.0,2601,53645.0,198.0
199120.0,5138,78585.0,198.0
206622.0,5138,79254.0,198.0
110635.0,2301,60187.0,198.0
147703.0,1419,86999.0,198.0
130943.0,1419,93873.0,198.0
482149.0,5138,78004.0,198.0
176965.0,1312,38807.0,198.0
220978.0,4301,55481.0,198.0
145600.0,5214,71293.0,198.0
484473.0,2601,53645.0,198.0
199193.0,1107,113478.0,198.0
100830.0,5138,78282.0,198.0
145813.0,4301,62506.0,198.0
433387.0,5127,89625.0,198.0
163268.0,2601,69724.0,198.0
221740.0,1312,46029.0,197.0
110565.0,1419,86808.0,197.0
207388.0,0109,53971.0,197.0
220862.0,5202,65045.0,197.0
163851.0,4407,59110.0,197.0
151102.0,5138,74918.0,197.0
130943.0,0901,70414.0,197.0
209807.0,5214,61499.0,197.0
232186.0,5122,65358.0,197.0
133669.0,0901,54717.0,197.0
110617.0,1408,93973.0,197.0
498571.0,5102,56316.0,197.0
172644.0,5138,84405.0,197.0
132471.0,5202,64210.0,197.0
228796.0,5203,57389.0,197.0
227216.0,2601,56561.0,197.0
110608.0,0904,53351.0,197.0
196185.0,1901,60550.0,197.0
110617.0,2401,56637.0,197.0
199148.0,3105,51275.0,197.0
110635.0,4506,135050.0,197.0
132903.0,4301,52447.0,197.0
227881.0,4201,47659.0,197.0
134130.0,4506,89075.0,197.0
221892.0,5202,62197.0,196.0
104717.0,5208,72124.0,196.0
185590.0,5004,56176.0,196.0
171571.0,4201,45141.0,196.0
232681.0,5202,72382.0,196.0
184782.0,5203,76524.0,196.0
206941.0,5202,64107.0,196.0
170082.0,4301,57537.0,196.0
170082.0,5203,80153.0,196.0
151111.0,4301,59541.0,196.0
234030.0,5214,68622.0,196.0
232186.0,4510,74125.0,196.0
145600.0,1419,87384.0,196.0
163204.0,5107,70119.0,196.0
182290.0,4201,51553.0,196.0
232186.0,4509,69399.0,196.0
206084.0,5202,67516.0,196.0
139959.0,3105,67275.0,195.0
228796.0,3105,51063.0,195.0
178396.0,1101,100234.0,195.0
144740.0,1102,101315.0,195.0
237950.0,4201,51263.0,195.0
110680.0,4201,51679.0,195.0
137209.0,5212,65553.0,195.0
196042.0,1102,71665.0,195.0
170082.0,5213,69603.0,195.0
110608.0,1419,99216.0,195.0
134097.0,2601,51256.0,195.0
238032.0,4201,51263.0,195.0
204866.0,4201,49399.0,194.0
164173.0,5138,92710.0,194.0
236595.0,5138,90918.0,194.0
204820.0,4201,49399.0,194.0
151111.0,1419,88960.0,194.0
229115.0,4201,53051.0,194.0
225511.0,1419,93275.0,194.0
227216.0,5219,55878.0,194.0
185129.0,4201,46575.0,194.0
139959.0,5212,113184.0,194.0
204857.0,4201,49399.0,194.0
204848.0,4201,49399.0,194.0
151351.0,1312,52269.0,194.0
204839.0,4201,49399.0,194.0
204802.0,4201,49399.0,194.0
196033.0,0109,50491.0,194.0
190594.0,2301,55759.0,193.0
199193.0,4201,62032.0,193.0
110592.0,5138,116182.0,193.0
141574.0,5138,120258.0,193.0
200332.0,1419,87702.0,193.0
230728.0,5202,79875.0,193.0
159391.0,5214,60408.0,193.0
204680.0,4504,58865.0,193.0
483124.0,1399,51781.0,193.0
176965.0,4301,52875.0,193.0
110680.0,5122,66110.0,193.0
204796.0,4504,58865.0,193.0
216339.0,5006,42526.0,193.0
104151.0,1399,51781.0,193.0
145637.0,1107,181981.0,193.0
144740.0,5213,76420.0,193.0
166638.0,2601,65815.0,193.0
174066.0,1419,90061.0,193.0
228459.0,2301,47634.0,193.0
204796.0,1907,50921.0,192.0
145637.0,4510,69515.0,192.0
154095.0,5202,74838.0,192.0
232982.0,5202,61442.0,192.0
133951.0,3103,48814.0,192.0
243443.0,5138,66971.0,192.0
229027.0,1110,88585.0,192.0
196079.0,5138,108691.0,192.0
227216.0,5208,77061.0,192.0
145813.0,5213,70671.0,192.0
134097.0,5209,62673.0,192.0
100751.0,1313,53940.0,192.0
234030.0,4510,62182.0,192.0
145637.0,5208,119978.0,192.0
241191.0,5138,40267.0,191.0
228778.0,1419,104523.0,191.0
228778.0,2201,156311.0,191.0
209542.0,5122,62633.0,191.0
220862.0,5203,71038.0,191.0
115755.0,0301,50915.0,191.0
110592.0,3105,44930.0,191.0
235097.0,5202,65503.0,191.0
236939.0,4301,62747.0,191.0
233277.0,4301,56996.0,191.0
440828.0,5122,62633.0,191.0
184782.0,0909,62661.0,191.0
157447.0,5138,77404.0,191.0
201885.0,5208,83501.0,191.0
126818.0,4201,54268.0,190.0
237011.0,4201,53224.0,190.0
209807.0,5210,68274.0,190.0
231174.0,0301,46986.0,190.0
157085.0,1419,90654.0,190.0
229115.0,5208,86795.0,190.0
139931.0,1104,80409.0,190.0
153603.0,1907,46253.0,190.0
211273.0,2401,43321.0,190.0
196088.0,0901,62912.0,190.0
126614.0,4201,56867.0,190.0
176372.0,1312,40932.0,190.0
196121.0,1313,53378.0,189.0
110644.0,0502,58670.0,189.0
196088.0,5138,93507.0,189.0
228529.0,0101,54993.0,189.0
144740.0,5006,46969.0,189.0
204796.0,1410,99400.0,189.0
498571.0,1312,47295.0,189.0
202480.0,5214,80677.0,189.0
170976.0,3020,72545.0,189.0
172644.0,5210,61121.0,189.0
133711.0,5202,58703.0,189.0
139940.0,5138,87146.0,189.0
196194.0,4201,52023.0,189.0
209551.0,4506,75695.0,189.0
204857.0,5208,81299.0,188.0
104179.0,4303,52677.0,188.0
241739.0,4301,29852.0,188.0
433660.0,5202,66349.0,188.0
110635.0,1410,200543.0,188.0
179159.0,5138,81525.0,188.0
146719.0,2601,62821.0,188.0
134097.0,0301,54288.0,188.0
147703.0,5111,55778.0,188.0
230782.0,5109,78733.0,188.0
233277.0,4201,48935.0,188.0
172699.0,5107,54265.0,188.0
209551.0,4510,62408.0,188.0
166629.0,1107,123519.0,188.0
204839.0,5208,81299.0,188.0
163286.0,1101,144501.0,188.0
204866.0,5208,81299.0,188.0
155317.0,0904,62394.0,188.0
202134.0,0909,55174.0,188.0
204802.0,5208,81299.0,188.0
204848.0,5208,81299.0,188.0
240453.0,5007,44788.0,188.0
144740.0,0901,56014.0,188.0
106245.0,5138,88617.0,188.0
204820.0,5208,81299.0,188.0
206084.0,3000,53672.0,187.0
227881.0,5203,72059.0,187.0
214777.0,4510,68918.0,187.0
151333.0,5138,83756.0,187.0
163286.0,5203,97314.0,187.0
240471.0,0109,48680.0,187.0
151102.0,2401,44299.0,187.0
214704.0,4510,68918.0,187.0
238458.0,3105,77095.0,187.0
221759.0,4510,60073.0,187.0
214829.0,4510,68918.0,187.0
110583.0,2301,49804.0,187.0
214591.0,4510,68918.0,187.0
214713.0,4510,68918.0,187.0
240471.0,5202,65509.0,187.0
214689.0,4510,68918.0,187.0
199139.0,2601,56388.0,187.0
479956.0,4510,68918.0,187.0
104717.0,5115,51490.0,187.0
135081.0,5138,89773.0,187.0
110653.0,5202,80755.0,187.0
151388.0,5201,67007.0,187.0
195003.0,1419,93065.0,187.0
226833.0,5138,87009.0,187.0
145637.0,5122,65978.0,187.0
214643.0,4510,68918.0,187.0
175421.0,5202,62042.0,187.0
199193.0,2601,61384.0,187.0
233921.0,4510,75687.0,186.0
377564.0,5208,97452.0,186.0
133951.0,4509,64399.0,186.0
201441.0,1399,45147.0,186.0
179566.0,5214,66333.0,186.0
196680.0,5138,102010.0,186.0
240277.0,2401,58093.0,186.0
217934.0,4301,59371.0,186.0
236948.0,5208,97452.0,186.0
102049.0,5120,119888.0,186.0
150136.0,3105,55053.0,186.0
100663.0,5202,63036.0,186.0
163286.0,3105,62362.0,186.0
194310.0,0901,69876.0,186.0
110574.0,5138,150921.0,186.0
228723.0,1107,124283.0,186.0
110680.0,1410,118150.0,186.0
152600.0,5138,81278.0,185.0
151351.0,5122,68038.0,185.0
185590.0,1101,79692.0,185.0
151306.0,5138,77878.0,185.0
183822.0,1101,79692.0,185.0
212054.0,5214,89486.0,185.0
226152.0,5202,48187.0,185.0
181464.0,5214,74165.0,185.0
166638.0,3105,64665.0,185.0
110422.0,1408,101072.0,185.0
220978.0,3099,49997.0,185.0
134097.0,1907,62663.0,185.0
142276.0,5138,73953.0,185.0
181394.0,4301,57957.0,185.0
110705.0,2601,64520.0,185.0
153603.0,2601,53447.0,184.0
483124.0,2602,60501.0,184.0
171100.0,4501,58797.0,184.0
216339.0,1312,55494.0,184.0
230038.0,1907,28906.0,184.0
169479.0,5201,73948.0,184.0
196088.0,5203,92314.0,184.0
104151.0,2602,60501.0,184.0
130226.0,5138,98641.0,184.0
127565.0,4301,56564.0,184.0
168430.0,4301,65588.0,184.0
137564.0,3903,49310.0,184.0
151351.0,2401,52020.0,184.0
134130.0,5214,92626.0,184.0
193900.0,4227,63315.0,184.0
441937.0,4511,56855.0,184.0
156620.0,2401,43352.0,184.0
110592.0,1419,93028.0,184.0
225511.0,1105,82416.0,184.0
146719.0,4201,56658.0,184.0
110617.0,5102,63013.0,183.0
227216.0,2301,52576.0,183.0
166638.0,4301,62222.0,183.0
219949.0,5138,78954.0,183.0
168005.0,5214,71855.0,183.0
135717.0,5138,106415.0,183.0
104717.0,4303,84553.0,183.0
150136.0,5201,67141.0,183.0
196291.0,4903,115831.0,183.0
232566.0,2401,52959.0,183.0
196413.0,0904,70404.0,183.0
196413.0,0907,70815.0,183.0
100812.0,5202,67349.0,183.0
232982.0,1599,81077.0,183.0
240329.0,4201,55173.0,183.0
243197.0,5138,39609.0,183.0
240189.0,0901,55152.0,183.0
203517.0,5208,71330.0,183.0
203465.0,1907,41826.0,182.0
100663.0,4201,46369.0,182.0
142115.0,5201,64202.0,182.0
123961.0,5006,58623.0,182.0
463056.0,5108,79657.0,182.0
436827.0,5108,79657.0,182.0
238193.0,5138,81388.0,182.0
436836.0,5108,79657.0,182.0
184782.0,1002,46969.0,182.0
229115.0,1901,56117.0,182.0
203517.0,1907,41826.0,182.0
110583.0,0904,55192.0,182.0
152798.0,5138,73177.0,182.0
203492.0,1907,41826.0,182.0
191968.0,0909,68029.0,182.0
204796.0,1408,85202.0,182.0
201885.0,1419,86331.0,182.0
220862.0,4301,53399.0,182.0
220862.0,4201,45700.0,182.0
106263.0,5138,79413.0,182.0
176080.0,1312,40431.0,182.0
486840.0,0909,64501.0,182.0
436818.0,5108,79657.0,182.0
134097.0,1909,64807.0,182.0
218663.0,2401,48990.0,182.0
110547.0,2401,62164.0,182.0
228723.0,1410,103789.0,182.0
236948.0,4227,57718.0,182.0
129020.0,5108,79657.0,182.0
178721.0,4301,59401.0,182.0
139959.0,5202,80881.0,181.0
228778.0,2301,53860.0,181.0
105330.0,5208,77855.0,181.0
104179.0,5214,84111.0,181.0
147776.0,4407,53848.0,181.0
176080.0,1419,93893.0,181.0
161235.0,5138,82677.0,181.0
228529.0,5201,66572.0,181.0
183211.0,5138,91727.0,181.0
240444.0,5214,96148.0,181.0
122409.0,4506,74123.0,181.0
164076.0,5203,91252.0,181.0
178396.0,0901,61007.0,181.0
191241.0,4506,94170.0,181.0
132851.0,5202,51258.0,181.0
243221.0,5203,57201.0,181.0
203517.0,3105,57947.0,181.0
141334.0,4504,50048.0,181.0
170976.0,3105,79411.0,181.0
110361.0,4201,61103.0,180.0
196413.0,5208,120274.0,180.0
204857.0,3105,55867.0,180.0
130943.0,1312,56301.0,180.0
204848.0,3105,55867.0,180.0
110583.0,5401,52423.0,180.0
204802.0,3105,55867.0,180.0
190655.0,5209,50492.0,180.0
199157.0,4301,48443.0,180.0
172699.0,5138,83449.0,180.0
110617.0,4510,60278.0,180.0
132903.0,5203,79563.0,180.0
149222.0,1313,67961.0,180.0
110644.0,4509,67056.0,180.0
142522.0,0901,56514.0,180.0
170082.0,5111,62501.0,180.0
100858.0,1419,93246.0,180.0
204866.0,3105,55867.0,180.0
204820.0,3105,55867.0,180.0
204839.0,3105,55867.0,180.0
155399.0,5202,69735.0,180.0
201441.0,5202,79291.0,180.0
227368.0,5138,88067.0,179.0
240727.0,5138,83525.0,179.0
232982.0,2601,55304.0,179.0
240444.0,1907,59044.0,179.0
240374.0,5201,63554.0,179.0
206613.0,4201,46507.0,179.0
173328.0,5202,77037.0,179.0
240329.0,2601,67446.0,179.0
206604.0,4201,46507.0,179.0
169248.0,4402,58344.0,179.0
180832.0,5138,81508.0,179.0
195003.0,5006,52970.0,179.0
213020.0,5214,58043.0,179.0
187134.0,1313,62281.0,179.0
191241.0,5208,141860.0,179.0
173920.0,5202,70486.0,179.0
126818.0,1510,94921.0,179.0
110644.0,2301,59012.0,179.0
185828.0,1408,87389.0,179.0
228796.0,2601,49396.0,179.0
169910.0,5004,50658.0,179.0
110653.0,4201,56380.0,179.0
217864.0,5202,73116.0,178.0
224147.0,3099,52078.0,178.0
110617.0,5100,67182.0,178.0
441937.0,0901,59332.0,178.0
179557.0,2401,45383.0,178.0
192864.0,5005,40086.0,178.0
133951.0,4510,57996.0,178.0
142115.0,3000,51708.0,178.0
185590.0,2301,45337.0,178.0
174233.0,5214,74079.0,178.0
100751.0,4301,57796.0,178.0
164739.0,5202,99514.0,178.0
193016.0,4201,53346.0,178.0
217420.0,4201,52758.0,178.0
183822.0,2301,45337.0,178.0
132903.0,0901,58783.0,178.0
240189.0,4407,52888.0,178.0
128771.0,4201,53227.0,178.0
151102.0,5201,63627.0,177.0
163286.0,2601,64867.0,177.0
201885.0,5202,75398.0,177.0
191126.0,5214,67002.0,177.0
498571.0,5007,37684.0,177.0
139940.0,4510,58432.0,177.0
196088.0,1107,105160.0,177.0
228723.0,2301,56703.0,177.0
198543.0,5138,88701.0,177.0
240453.0,4301,58223.0,177.0
199218.0,1312,48024.0,177.0
196130.0,2401,46705.0,177.0
142115.0,5199,60164.0,177.0
228529.0,4201,47699.0,177.0
201441.0,2313,50120.0,177.0
190725.0,3018,76980.0,177.0
143084.0,5202,81562.0,177.0
150136.0,4201,48421.0,177.0
147703.0,1107,93438.0,176.0
110644.0,0301,65983.0,176.0
139940.0,4301,52857.0,176.0
498562.0,0901,52825.0,176.0
184782.0,5208,75697.0,176.0
153658.0,0904,56933.0,176.0
204796.0,4509,66064.0,176.0
166629.0,5202,92623.0,176.0
126614.0,0909,74779.0,176.0
169248.0,5210,73340.0,176.0
228778.0,3020,67079.0,176.0
110671.0,1107,117705.0,176.0
195544.0,5202,63693.0,176.0
195544.0,1310,55812.0,176.0
169479.0,5203,68792.0,176.0
130943.0,5202,89105.0,176.0
227216.0,1419,87257.0,176.0
229027.0,5122,54188.0,176.0
240189.0,1313,50827.0,176.0
100858.0,2601,83053.0,176.0
156620.0,4301,47882.0,175.0
199102.0,3105,42978.0,175.0
185590.0,1905,59866.0,175.0
127565.0,2601,57920.0,175.0
126614.0,1419,93073.0,175.0
186584.0,2601,93200.0,175.0
163295.0,5007,34283.0,175.0
240453.0,4407,50392.0,175.0
184694.0,4201,55977.0,175.0
163851.0,0901,56048.0,175.0
243197.0,1419,82511.0,175.0
221759.0,0901,57394.0,175.0
184603.0,4201,55977.0,175.0
178420.0,4201,48014.0,175.0
186371.0,4511,55197.0,175.0
182290.0,1419,88460.0,175.0
233921.0,5214,86338.0,175.0
217402.0,5214,89629.0,175.0
482158.0,5202,66797.0,175.0
136400.0,5202,51849.0,175.0
182290.0,4504,66273.0,175.0
170976.0,5138,82265.0,175.0
131159.0,5202,88359.0,175.0
186380.0,4511,55197.0,175.0
186399.0,4511,55197.0,175.0
123961.0,5005,40415.0,174.0
132903.0,2601,51313.0,174.0
228459.0,2401,54099.0,174.0
137351.0,4510,64820.0,174.0
227216.0,1101,104024.0,174.0
221759.0,5208,83793.0,174.0
489779.0,4201,43607.0,174.0
155399.0,1419,88533.0,174.0
209542.0,4201,57650.0,174.0
440828.0,4201,57650.0,174.0
484473.0,4511,51039.0,174.0
165264.0,5138,94168.0,174.0
110714.0,1601,49763.0,174.0
459949.0,5202,63786.0,174.0
151351.0,3101,57334.0,174.0
167729.0,4201,54717.0,174.0
134130.0,4511,51039.0,174.0
196246.0,5202,70499.0,173.0
228769.0,5007,47106.0,173.0
194310.0,5203,100797.0,173.0
178721.0,5210,61818.0,173.0
199281.0,4301,50382.0,173.0
228787.0,1409,112666.0,173.0
126580.0,4201,48725.0,173.0
498562.0,0909,56381.0,173.0
168227.0,1419,97124.0,173.0
200332.0,1907,50052.0,173.0
483124.0,4405,71723.0,172.0
230728.0,1419,89901.0,172.0
180461.0,1901,52702.0,172.0
183822.0,5203,84906.0,172.0
185590.0,5203,84906.0,172.0
130943.0,5203,105425.0,172.0
136172.0,4301,51654.0,172.0
169248.0,1907,45881.0,172.0
110583.0,1410,103075.0,172.0
227368.0,0901,39940.0,172.0
198419.0,5138,87763.0,172.0
104151.0,4405,71723.0,172.0
232706.0,5138,94503.0,172.0
130943.0,4227,63614.0,172.0
122597.0,3105,59056.0,172.0
233921.0,1905,74005.0,172.0
220862.0,2401,48798.0,172.0
221768.0,3099,40862.0,172.0
214670.0,1101,120729.0,171.0
161554.0,5202,65230.0,171.0
151351.0,0904,59151.0,171.0
225511.0,1510,97201.0,171.0
215284.0,5201,57594.0,171.0
160038.0,2401,47652.0,171.0
217882.0,2601,65577.0,171.0
171100.0,1907,53740.0,171.0
214810.0,1101,120729.0,171.0
214829.0,1101,120729.0,171.0
196060.0,4504,61102.0,171.0
214731.0,1101,120729.0,171.0
215293.0,5201,57594.0,171.0
214786.0,1101,120729.0,171.0
201548.0,5138,77807.0,171.0
214634.0,1101,120729.0,171.0
218724.0,2613,45323.0,171.0
201885.0,2601,57443.0,171.0
214689.0,1101,120729.0,171.0
214801.0,1101,120729.0,171.0
152318.0,1419,95983.0,171.0
228723.0,3020,63504.0,171.0
137351.0,5102,51378.0,171.0
236939.0,1107,119686.0,171.0
214777.0,1101,120729.0,171.0
196413.0,4510,75239.0,171.0
215275.0,5201,57594.0,171.0
214713.0,1101,120729.0,171.0
214704.0,1101,120729.0,171.0
218663.0,3105,67705.0,171.0
215266.0,5201,57594.0,171.0
197869.0,1313,48255.0,171.0
168430.0,4201,57244.0,170.0
233921.0,4201,56365.0,170.0
377564.0,5214,88114.0,170.0
182281.0,1312,56095.0,170.0
155399.0,5214,69837.0,170.0
110556.0,4407,56038.0,170.0
145637.0,0101,86646.0,170.0
377555.0,5214,88114.0,170.0
195809.0,0901,60634.0,170.0
196088.0,2601,57298.0,170.0
203517.0,5203,71633.0,170.0
166629.0,5122,63854.0,170.0
187985.0,1312,50231.0,170.0
227216.0,5203,79124.0,170.0
228769.0,1104,78953.0,170.0
236948.0,5214,88114.0,170.0
172644.0,5199,92707.0,170.0
187444.0,4301,58108.0,170.0
172644.0,5214,67504.0,169.0
139755.0,1410,111655.0,169.0
173160.0,5138,87511.0,169.0
238661.0,5138,79577.0,169.0
168227.0,5220,111195.0,169.0
185129.0,4301,55293.0,169.0
227216.0,5009,55705.0,169.0
221953.0,5202,60973.0,169.0
135081.0,4201,41668.0,169.0
198516.0,0901,73750.0,169.0
234827.0,4301,60761.0,169.0
149231.0,4201,48951.0,169.0
174233.0,5208,73979.0,169.0
377555.0,1410,116010.0,169.0
236948.0,1410,116010.0,169.0
148487.0,3099,48547.0,169.0
196592.0,5100,135742.0,169.0
132903.0,2301,46532.0,169.0
227368.0,1419,87991.0,169.0
174066.0,2301,47873.0,169.0
239318.0,1419,85791.0,169.0
100858.0,2609,52063.0,169.0
196264.0,4201,49979.0,169.0
377564.0,1410,116010.0,169.0
157386.0,2401,43422.0,169.0
213349.0,0901,54173.0,168.0
127565.0,5138,86259.0,168.0
198464.0,2601,64205.0,168.0
214704.0,5209,63798.0,168.0
184782.0,1101,86475.0,168.0
182281.0,5203,74490.0,168.0
139755.0,1407,104104.0,168.0
141334.0,5214,63104.0,168.0
214777.0,5209,63798.0,168.0
109785.0,2401,56994.0,168.0
156286.0,5138,82814.0,168.0
139931.0,5203,74282.0,168.0
183822.0,2601,67541.0,168.0
196185.0,4201,51355.0,168.0
131496.0,4510,79502.0,168.0
110538.0,5100,69303.0,168.0
214670.0,5209,63798.0,168.0
121691.0,5201,85066.0,168.0
240453.0,1419,86405.0,168.0
228787.0,4227,50248.0,168.0
185590.0,2601,67541.0,168.0
202170.0,5004,48204.0,168.0
130943.0,4504,63553.0,168.0
136774.0,5004,47937.0,168.0
204796.0,0109,50769.0,168.0
154022.0,1907,44852.0,167.0
156125.0,5202,63852.0,167.0
147703.0,1907,49147.0,167.0
237011.0,5202,71886.0,167.0
207388.0,1101,85641.0,167.0
240453.0,2601,58804.0,167.0
181464.0,1904,48305.0,167.0
102094.0,5111,47019.0,167.0
171571.0,1312,48396.0,167.0
198419.0,1107,195809.0,167.0
185262.0,5203,72446.0,167.0
164076.0,1101,75785.0,167.0
105330.0,5214,69834.0,167.0
182281.0,5138,94600.0,167.0
195809.0,5208,98970.0,167.0
204796.0,1407,98851.0,167.0
240453.0,5201,66668.0,167.0
216339.0,5210,73127.0,167.0
157085.0,0909,62754.0,167.0
182290.0,5138,97949.0,167.0
199148.0,2401,46146.0,166.0
242635.0,5138,37522.0,166.0
169248.0,5203,80551.0,166.0
161217.0,2401,49821.0,166.0
110592.0,1101,69022.0,166.0
126562.0,2601,58231.0,166.0
100706.0,5138,75430.0,166.0
209807.0,0901,59232.0,166.0
213020.0,5202,58931.0,166.0
199139.0,2301,49088.0,166.0
168421.0,1107,134208.0,166.0
177065.0,5203,60561.0,166.0
196060.0,2601,58703.0,166.0
153001.0,3099,45185.0,166.0
149231.0,4301,57915.0,166.0
190415.0,5209,112289.0,165.0
199193.0,1410,102178.0,165.0
122409.0,4511,53387.0,165.0
117946.0,5214,82825.0,165.0
199139.0,3105,54377.0,165.0
133669.0,3105,50395.0,165.0
139959.0,2601,60366.0,165.0
190600.0,2200,57073.0,165.0
110662.0,3099,75504.0,165.0
174914.0,5202,82396.0,165.0
183062.0,1507,87710.0,165.0
227368.0,2301,45746.0,165.0
110662.0,4227,61134.0,165.0
190549.0,1101,89943.0,165.0
110529.0,2601,61688.0,165.0
214272.0,5138,98754.0,165.0
159966.0,3099,43992.0,165.0
105330.0,4407,54000.0,165.0
122597.0,1312,59993.0,165.0
230038.0,1419,90634.0,165.0
202480.0,0901,67231.0,165.0
166629.0,2601,72726.0,165.0
230038.0,4201,62106.0,165.0
144740.0,5100,62693.0,165.0
115755.0,4201,45889.0,165.0
162584.0,5202,61002.0,165.0
174233.0,4201,51891.0,165.0
196592.0,3000,54467.0,165.0
240462.0,4301,59533.0,165.0
110574.0,1907,57898.0,165.0
213543.0,5208,127210.0,165.0
190594.0,0901,55182.0,165.0
221759.0,1419,90623.0,164.0
233921.0,5203,99528.0,164.0
214652.0,3001,69102.0,164.0
214713.0,3001,69102.0,164.0
169910.0,1506,91993.0,164.0
197869.0,3105,55594.0,164.0
213349.0,4301,55068.0,164.0
218663.0,4510,65464.0,164.0
207263.0,1312,43116.0,164.0
479956.0,3001,69102.0,164.0
214704.0,3001,69102.0,164.0
100858.0,5214,74702.0,164.0
236939.0,1312,61304.0,164.0
214591.0,3001,69102.0,164.0
170976.0,1435,117930.0,164.0
214777.0,3001,69102.0,164.0
214801.0,3001,69102.0,164.0
228787.0,3099,57864.0,164.0
138716.0,5138,87799.0,164.0
133669.0,0907,47505.0,164.0
182290.0,5201,68419.0,164.0
214829.0,3001,69102.0,164.0
163286.0,5202,86590.0,164.0
176372.0,4201,37925.0,164.0
132471.0,5138,93608.0,164.0
142115.0,4201,51184.0,164.0
120883.0,5202,76025.0,164.0
102553.0,5138,93001.0,164.0
215293.0,4301,52837.0,163.0
204866.0,4407,49690.0,163.0
215284.0,4301,52837.0,163.0
433660.0,5100,54006.0,163.0
183257.0,2301,52697.0,163.0
215275.0,4301,52837.0,163.0
178396.0,1312,44681.0,163.0
183071.0,2301,52697.0,163.0
176080.0,0901,48493.0,163.0
204839.0,4407,49690.0,163.0
157289.0,5214,68074.0,163.0
123572.0,4201,57335.0,163.0
196264.0,5138,102384.0,163.0
199120.0,4405,74403.0,163.0
197869.0,5203,85580.0,163.0
225502.0,3099,53837.0,163.0
186584.0,5138,95699.0,163.0
204848.0,4407,49690.0,163.0
204820.0,4407,49690.0,163.0
137351.0,4506,67007.0,163.0
190664.0,1107,112903.0,163.0
204857.0,4407,49690.0,163.0
204802.0,4407,49690.0,163.0
162928.0,3099,79127.0,163.0
221847.0,1419,84267.0,163.0
215266.0,4301,52837.0,163.0
183044.0,2301,52697.0,163.0
163295.0,5004,45436.0,163.0
190567.0,2401,58063.0,162.0
207388.0,5208,81340.0,162.0
178396.0,1419,94629.0,162.0
128771.0,5202,71392.0,162.0
173160.0,5202,77059.0,162.0
115755.0,2601,55707.0,162.0
139940.0,1313,52410.0,162.0
232557.0,5401,46496.0,162.0
172264.0,5202,57316.0,162.0
195474.0,5214,69793.0,162.0
130253.0,5214,73514.0,162.0
175272.0,1312,46863.0,162.0
110538.0,4511,52323.0,162.0
216597.0,0901,81497.0,162.0
206084.0,1419,90717.0,162.0
193016.0,4400,49634.0,162.0
216339.0,5201,75632.0,162.0
166629.0,5203,100516.0,162.0
228459.0,2601,55605.0,162.0
154013.0,5138,75613.0,162.0
234827.0,5203,74442.0,162.0
176372.0,2401,44963.0,162.0
221759.0,5203,89445.0,162.0
122597.0,1101,86425.0,162.0
236939.0,1410,104354.0,162.0
110547.0,4402,50686.0,162.0
166656.0,5109,92104.0,162.0
145813.0,5202,66660.0,162.0
409698.0,4400,56719.0,162.0
366711.0,3105,61252.0,161.0
110644.0,1408,95939.0,161.0
235167.0,3001,48623.0,161.0
163286.0,4201,57575.0,161.0
480091.0,5122,47437.0,161.0
199148.0,2601,52194.0,161.0
196219.0,2401,47922.0,161.0
166513.0,1107,111612.0,161.0
171571.0,5208,79127.0,161.0
240277.0,4201,48711.0,161.0
196194.0,1313,59412.0,161.0
231785.0,5122,47437.0,161.0
122597.0,2401,58617.0,161.0
189592.0,5122,47437.0,161.0
226091.0,2401,50753.0,161.0
136172.0,5100,53540.0,161.0
189583.0,5122,47437.0,161.0
228769.0,4201,45539.0,161.0
126580.0,0901,50692.0,161.0
160612.0,5138,77367.0,161.0
220075.0,5202,55719.0,161.0
451750.0,5122,47437.0,161.0
188517.0,5122,47437.0,161.0
189565.0,5122,47437.0,161.0
170037.0,5202,67148.0,161.0
174233.0,1419,88965.0,161.0
201469.0,5122,47437.0,161.0
145813.0,2401,50744.0,161.0
216038.0,0901,52762.0,161.0
153658.0,5214,81994.0,161.0
141334.0,0904,47891.0,160.0
148584.0,5138,87383.0,160.0
436818.0,2601,71160.0,160.0
230038.0,5208,129879.0,160.0
237525.0,1312,43659.0,160.0
129020.0,2601,71160.0,160.0
215284.0,1407,97324.0,160.0
215293.0,1407,97324.0,160.0
130493.0,4201,50642.0,160.0
183974.0,5202,72527.0,160.0
111948.0,5006,66494.0,160.0
153603.0,1515,82548.0,160.0
110510.0,5214,57157.0,160.0
463056.0,2601,71160.0,160.0
149772.0,0100,58333.0,160.0
445188.0,1419,95040.0,160.0
436827.0,2601,71160.0,160.0
207500.0,0904,54031.0,160.0
482680.0,4227,47919.0,160.0
228459.0,5004,61539.0,160.0
110671.0,2701,63596.0,160.0
151351.0,4301,57754.0,160.0
436836.0,2601,71160.0,160.0
159717.0,2401,45669.0,160.0
110565.0,5102,62436.0,160.0
199102.0,2401,45367.0,160.0
463056.0,1419,90261.0,159.0
217776.0,5202,62278.0,159.0
151111.0,5107,57564.0,159.0
149222.0,4504,52916.0,159.0
113698.0,5138,149622.0,159.0
110714.0,3017,54606.0,159.0
240268.0,5138,78912.0,159.0
182290.0,0904,54322.0,159.0
436836.0,1419,90261.0,159.0
217882.0,5138,74491.0,159.0
129242.0,5208,106663.0,159.0
229179.0,3105,57819.0,159.0
129020.0,1419,90261.0,159.0
221971.0,5138,72824.0,159.0
209551.0,4511,55204.0,159.0
110617.0,2301,50680.0,159.0
230764.0,1419,91127.0,159.0
436827.0,1419,90261.0,159.0
196413.0,4506,83649.0,159.0
243346.0,5138,32708.0,159.0
190415.0,0101,145218.0,159.0
225511.0,5100,54471.0,159.0
436818.0,1419,90261.0,159.0
163286.0,5214,93782.0,159.0
142522.0,1312,42923.0,159.0
123961.0,5203,121101.0,159.0
171571.0,1419,97444.0,159.0
197735.0,3802,19897.0,159.0
190150.0,4510,100245.0,159.0
159391.0,4201,51675.0,159.0
159391.0,5203,82617.0,158.0
159993.0,4201,44255.0,158.0
183822.0,0901,59247.0,158.0
196167.0,4201,57972.0,158.0
194310.0,5208,92271.0,158.0
169798.0,0901,52805.0,158.0
171100.0,0904,59498.0,158.0
228778.0,0901,72210.0,158.0
163204.0,5138,104450.0,158.0
105330.0,0909,55863.0,158.0
122409.0,1107,100586.0,158.0
212054.0,5203,100317.0,158.0
498562.0,4407,48454.0,158.0
186380.0,5007,52450.0,158.0
178396.0,5209,61441.0,158.0
445267.0,1312,35452.0,158.0
176947.0,1312,35452.0,158.0
185590.0,0901,59247.0,158.0
174020.0,5203,72457.0,158.0
186399.0,5007,52450.0,158.0
110644.0,3019,64519.0,158.0
217484.0,2601,80379.0,158.0
186371.0,5007,52450.0,158.0
189088.0,4501,48751.0,158.0
154688.0,2401,55380.0,158.0
228459.0,4510,56716.0,158.0
199148.0,4511,43427.0,158.0
210146.0,5202,65171.0,158.0
180814.0,1110,84901.0,158.0
139311.0,5138,96160.0,158.0
217165.0,5203,97515.0,158.0
183026.0,2301,47103.0,158.0
228875.0,5138,89690.0,158.0
110556.0,5138,111278.0,158.0
183044.0,3103,59537.0,158.0
220978.0,4901,80424.0,157.0
196121.0,5202,59839.0,157.0
199193.0,5203,83689.0,157.0
224554.0,2401,49846.0,157.0
221740.0,4201,44700.0,157.0
230728.0,2401,43313.0,157.0
232423.0,5208,104926.0,157.0
190664.0,4511,56550.0,157.0
106467.0,5138,84719.0,157.0
117946.0,0901,69144.0,157.0
134130.0,2301,49046.0,157.0
122409.0,1312,48471.0,157.0
196413.0,3105,68219.0,157.0
153603.0,1435,92914.0,157.0
110644.0,5213,86155.0,157.0
153603.0,1408,85427.0,157.0
178396.0,2601,60424.0,157.0
232423.0,5214,89944.0,157.0
155317.0,3105,62876.0,157.0
102368.0,4201,44102.0,157.0
145637.0,2604,70213.0,157.0
197869.0,4301,55474.0,157.0
161457.0,5138,84986.0,157.0
230995.0,4301,70075.0,157.0
200800.0,5202,68285.0,157.0
204024.0,1312,45704.0,157.0
172699.0,0909,64127.0,157.0
110529.0,1410,103924.0,156.0
216339.0,0901,54283.0,156.0
198464.0,1401,84847.0,156.0
199069.0,5202,60436.0,156.0
169248.0,0907,46942.0,156.0
131159.0,4510,73604.0,156.0
178420.0,0901,48059.0,156.0
179159.0,3105,77066.0,156.0
233277.0,1313,53863.0,156.0
110592.0,5102,53857.0,156.0
218663.0,5218,64631.0,156.0
225511.0,0909,60180.0,156.0
171571.0,2401,63534.0,156.0
123961.0,4509,84866.0,156.0
110565.0,2301,51845.0,156.0
162007.0,5202,70427.0,156.0
159391.0,1425,103421.0,156.0
216038.0,5100,63001.0,156.0
104179.0,1312,51285.0,156.0
178411.0,1408,85053.0,156.0
238032.0,3105,57359.0,156.0
214041.0,0901,48330.0,156.0
126818.0,2607,44226.0,156.0
129242.0,5138,101831.0,156.0
172051.0,4407,56961.0,155.0
243780.0,5208,85924.0,155.0
110510.0,1101,66202.0,155.0
230737.0,5203,81706.0,155.0
110422.0,1409,148950.0,155.0
217484.0,1907,51416.0,155.0
228769.0,0909,66454.0,155.0
238616.0,5138,81505.0,155.0
204796.0,1313,52459.0,155.0
221847.0,5202,60642.0,155.0
144050.0,4506,159578.0,155.0
228325.0,3907,39707.0,155.0
216366.0,5109,106225.0,155.0
238324.0,5138,77754.0,155.0
157951.0,4201,44848.0,155.0
195003.0,1107,135702.0,155.0
142115.0,4301,50297.0,155.0
203517.0,1313,44283.0,155.0
190646.0,2601,56157.0,155.0
104179.0,1107,117451.0,155.0
192323.0,5202,70641.0,155.0
110644.0,2602,70754.0,155.0
194091.0,0409,69776.0,155.0
219602.0,5138,73564.0,155.0
161253.0,5202,66867.0,155.0
145813.0,4201,51941.0,155.0
198464.0,3105,48703.0,155.0
216339.0,0904,53518.0,155.0
196121.0,4301,54634.0,155.0
126614.0,4506,73319.0,155.0
169363.0,5138,81505.0,155.0
172699.0,5203,66666.0,154.0
204857.0,2607,55352.0,154.0
100858.0,5208,84352.0,154.0
180814.0,4501,49304.0,154.0
483124.0,3020,59806.0,154.0
186380.0,5401,54657.0,154.0
233374.0,5202,103856.0,154.0
104151.0,3020,59806.0,154.0
243780.0,0901,65517.0,154.0
230728.0,5203,87050.0,154.0
225511.0,2601,57716.0,154.0
137351.0,1313,52093.0,154.0
186371.0,5401,54657.0,154.0
196413.0,5214,91235.0,154.0
204839.0,2607,55352.0,154.0
197869.0,5004,53543.0,154.0
243197.0,1410,91631.0,154.0
204848.0,2607,55352.0,154.0
190691.0,5202,62993.0,154.0
150136.0,4301,52997.0,154.0
168263.0,4201,54484.0,154.0
157289.0,4201,51387.0,154.0
110653.0,3020,57116.0,154.0
195003.0,1108,88096.0,154.0
171100.0,1407,102223.0,154.0
204820.0,2607,55352.0,154.0
186399.0,5401,54657.0,154.0
164076.0,5007,48238.0,154.0
230764.0,3105,64356.0,154.0
204866.0,2607,55352.0,154.0
204802.0,2607,55352.0,154.0
199157.0,5202,54999.0,154.0
217633.0,5138,76147.0,153.0
228787.0,5214,73732.0,153.0
174358.0,5202,64466.0,153.0
110608.0,1107,101348.0,153.0
240268.0,5214,70891.0,153.0
110671.0,4502,45821.0,153.0
220075.0,2401,44738.0,153.0
182290.0,2601,59715.0,153.0
100812.0,1312,44214.0,153.0
196219.0,5005,39974.0,153.0
104151.0,2200,61356.0,153.0
187046.0,5202,89947.0,153.0
217484.0,1313,64916.0,153.0
110635.0,4599,101138.0,153.0
203960.0,5138,75648.0,153.0
201441.0,4301,52068.0,153.0
240417.0,5004,57718.0,153.0
483124.0,2200,61356.0,153.0
155317.0,4201,55329.0,153.0
151111.0,5007,41629.0,153.0
212601.0,5199,93419.0,153.0
232982.0,1419,87772.0,153.0
202480.0,5208,95925.0,153.0
232186.0,5199,64046.0,152.0
150136.0,5214,64895.0,152.0
137209.0,1101,76080.0,152.0
133669.0,1101,89476.0,152.0
145600.0,3105,55247.0,152.0
190549.0,1312,58828.0,152.0
207388.0,5203,81039.0,152.0
139311.0,4228,42032.0,152.0
236948.0,2601,59443.0,152.0
209551.0,0904,55615.0,152.0
209551.0,2609,56681.0,152.0
136172.0,1101,84034.0,152.0
377564.0,2601,59443.0,152.0
409698.0,1107,101787.0,152.0
110662.0,2703,103887.0,152.0
225511.0,4510,61533.0,152.0
110608.0,4510,57527.0,152.0
218229.0,5202,52512.0,152.0
110608.0,2301,47660.0,152.0
433660.0,4301,54215.0,152.0
167358.0,5120,142985.0,152.0
228778.0,4511,58807.0,152.0
377555.0,2601,59443.0,152.0
218645.0,5202,58908.0,152.0
216038.0,5122,60530.0,152.0
385619.0,5133,36960.0,152.0
171100.0,4510,67032.0,152.0
217420.0,5202,58221.0,152.0
165820.0,0901,46129.0,152.0
163851.0,4201,50319.0,152.0
229179.0,3099,54998.0,152.0
238032.0,5203,76135.0,151.0
201946.0,3099,60441.0,151.0
110705.0,5006,49893.0,151.0
133951.0,2601,46718.0,151.0
147828.0,5138,84705.0,151.0
134097.0,5007,41067.0,151.0
215266.0,5123,75950.0,151.0
201955.0,3099,60441.0,151.0
220978.0,3105,48608.0,151.0
215293.0,5123,75950.0,151.0
225432.0,5208,66591.0,151.0
230764.0,4506,84146.0,151.0
110565.0,1104,76482.0,151.0
146612.0,5202,71987.0,151.0
110422.0,1107,154784.0,151.0
192703.0,1408,95877.0,151.0
110538.0,5138,117543.0,151.0
164988.0,1107,136667.0,151.0
199193.0,0109,53226.0,151.0
133669.0,4511,50983.0,151.0
153603.0,2613,39143.0,151.0
228723.0,5401,57783.0,151.0
207388.0,0909,56319.0,151.0
190594.0,5138,116361.0,151.0
498571.0,4301,49817.0,151.0
171492.0,5203,64405.0,151.0
190567.0,5007,45656.0,151.0
195003.0,5004,52043.0,151.0
232557.0,1310,47241.0,151.0
126669.0,5138,87990.0,151.0
230728.0,1907,35341.0,151.0
126818.0,1101,114076.0,151.0
240189.0,5203,78762.0,151.0
182290.0,1907,52084.0,151.0
201885.0,3099,60441.0,151.0
237950.0,5203,76135.0,151.0
173920.0,5214,68772.0,151.0
149231.0,0901,52466.0,151.0
127565.0,3099,59502.0,150.0
110714.0,2604,69849.0,150.0
149222.0,1508,79299.0,150.0
213349.0,4201,46253.0,150.0
127565.0,5203,73698.0,150.0
243832.0,5138,31687.0,150.0
127556.0,3105,49348.0,150.0
196121.0,3105,49241.0,150.0
130943.0,4510,66224.0,150.0
214041.0,5138,98216.0,150.0
110592.0,5007,40783.0,150.0
149222.0,4901,81394.0,150.0
155317.0,5208,86453.0,150.0
110635.0,2703,118414.0,150.0
499635.0,5138,31687.0,150.0
174066.0,4504,59022.0,150.0
492476.0,5138,31687.0,150.0
218663.0,5203,86507.0,150.0
141574.0,0901,45072.0,150.0
236939.0,3105,60950.0,150.0
169798.0,5214,61063.0,150.0
173920.0,4301,64585.0,150.0
169248.0,5208,79906.0,150.0
217165.0,5214,78181.0,150.0
104151.0,4199,76495.0,150.0
106458.0,5202,47023.0,150.0
190150.0,4506,137710.0,150.0
241836.0,5138,31687.0,150.0
174066.0,5138,82960.0,150.0
172699.0,5208,72353.0,150.0
494278.0,5138,31687.0,150.0
145637.0,3105,67782.0,150.0
494287.0,5138,31687.0,150.0
195809.0,4201,62672.0,150.0
483124.0,4199,76495.0,150.0
142115.0,5202,66283.0,149.0
204024.0,4510,75374.0,149.0
157289.0,4301,57399.0,149.0
190150.0,1107,188265.0,149.0
237701.0,5202,73646.0,149.0
436818.0,2301,55376.0,149.0
173328.0,3105,49571.0,149.0
231712.0,4201,53600.0,149.0
126818.0,4511,57300.0,149.0
185572.0,0901,58759.0,149.0
141264.0,5202,56047.0,149.0
217235.0,5207,47042.0,149.0
185262.0,1313,63156.0,149.0
445708.0,5207,47042.0,149.0
221847.0,5138,71762.0,149.0
436818.0,5203,106959.0,149.0
238032.0,5202,73646.0,149.0
165024.0,5203,79315.0,149.0
145813.0,3103,55032.0,149.0
146612.0,4301,62640.0,149.0
460349.0,5207,47042.0,149.0
463056.0,2301,55376.0,149.0
463056.0,5203,106959.0,149.0
174783.0,5202,64191.0,149.0
220075.0,3105,47821.0,149.0
436836.0,5203,106959.0,149.0
129020.0,2301,55376.0,149.0
167987.0,4201,53561.0,149.0
129020.0,5203,106959.0,149.0
182281.0,5208,76319.0,149.0
162007.0,1002,56818.0,149.0
105330.0,1310,53619.0,149.0
209807.0,5208,79727.0,149.0
436827.0,5203,106959.0,149.0
110671.0,5206,64147.0,149.0
436827.0,2301,55376.0,149.0
436836.0,2301,55376.0,149.0
150136.0,5203,75559.0,148.0
215266.0,4506,76549.0,148.0
217882.0,1101,101301.0,148.0
157447.0,1312,42709.0,148.0
215284.0,4506,76549.0,148.0
104179.0,5208,100938.0,148.0
215293.0,4506,76549.0,148.0
104179.0,5212,104513.0,148.0
243780.0,1101,99896.0,148.0
121150.0,5202,91227.0,148.0
190655.0,4400,56827.0,148.0
122597.0,5100,65252.0,148.0
110653.0,1409,132357.0,148.0
217059.0,5138,91052.0,148.0
151351.0,1313,58390.0,148.0
183044.0,1419,93622.0,148.0
204796.0,1419,96418.0,147.0
200004.0,1312,47105.0,147.0
228459.0,4407,52766.0,147.0
209807.0,1107,113889.0,147.0
196079.0,2301,64555.0,147.0
145637.0,5214,90744.0,147.0
129941.0,4304,63360.0,147.0
216010.0,5214,64955.0,147.0
228723.0,5138,81026.0,147.0
221759.0,3099,56155.0,147.0
153603.0,0111,60997.0,147.0
161873.0,4301,63032.0,147.0
112075.0,5138,105657.0,147.0
161299.0,1422,137352.0,147.0
230737.0,5208,93858.0,147.0
110671.0,2301,50712.0,147.0
178402.0,5138,88249.0,147.0
139940.0,4506,58344.0,147.0
223232.0,5202,85961.0,147.0
199139.0,5401,49359.0,147.0
228723.0,5214,76035.0,147.0
232265.0,2401,54437.0,146.0
155399.0,1907,47528.0,146.0
157447.0,1101,82982.0,146.0
186584.0,5208,89994.0,146.0
153603.0,1402,94089.0,146.0
180878.0,5138,75490.0,146.0
232982.0,5199,63027.0,146.0
232982.0,5208,67320.0,146.0
190691.0,4407,60820.0,146.0
224147.0,2601,50181.0,146.0
171100.0,1301,52243.0,146.0
149222.0,5203,70478.0,146.0
122597.0,5203,81587.0,146.0
164076.0,1107,104653.0,146.0
154493.0,4400,48461.0,146.0
104151.0,1408,89233.0,146.0
217882.0,3103,48898.0,146.0
169248.0,5209,56314.0,146.0
233277.0,5202,67246.0,146.0
199102.0,4301,51474.0,146.0
139861.0,5138,83058.0,146.0
227216.0,5209,57255.0,146.0
123572.0,4511,56581.0,146.0
181464.0,5208,77504.0,146.0
228778.0,5122,61390.0,146.0
173920.0,3105,57506.0,146.0
482680.0,1312,50102.0,146.0
176053.0,5138,77374.0,146.0
210429.0,5201,59599.0,146.0
206695.0,5138,77576.0,145.0
171100.0,4511,62204.0,145.0
190558.0,5203,72242.0,145.0
110714.0,2601,65036.0,145.0
171571.0,5214,69448.0,145.0
243780.0,0101,65900.0,145.0
201885.0,5109,89915.0,145.0
133951.0,1419,93494.0,145.0
228723.0,5208,112319.0,145.0
100751.0,1901,57205.0,145.0
209551.0,5007,44958.0,145.0
203517.0,2601,56502.0,145.0
240453.0,5110,73346.0,145.0
105330.0,1419,91941.0,145.0
201441.0,1312,45168.0,145.0
240453.0,5203,78127.0,145.0
164739.0,5214,88461.0,145.0
213367.0,5138,100679.0,145.0
215655.0,5138,81212.0,145.0
170082.0,4407,50690.0,145.0
127741.0,3105,52016.0,145.0
179566.0,4504,49053.0,145.0
137351.0,4501,47969.0,145.0
491288.0,5110,73346.0,145.0
233921.0,5202,80023.0,145.0
182290.0,5214,67914.0,145.0
102094.0,1312,48956.0,145.0
150136.0,0909,60686.0,145.0
203465.0,2601,56502.0,145.0
201955.0,5109,89915.0,145.0
141264.0,5138,77890.0,145.0
184612.0,5138,109098.0,145.0
223232.0,5214,78398.0,145.0
110529.0,4511,52694.0,145.0
179566.0,5203,70614.0,144.0
195474.0,5203,78337.0,144.0
159966.0,5138,79428.0,144.0
241739.0,5203,35593.0,144.0
139861.0,5214,71560.0,144.0
169798.0,4504,52535.0,144.0
133669.0,1312,56073.0,144.0
486840.0,2601,57435.0,144.0
166629.0,0301,54215.0,144.0
100751.0,5212,105393.0,144.0
173452.0,1312,56435.0,144.0
433660.0,5214,67034.0,144.0
126818.0,4506,69934.0,144.0
173665.0,5202,72945.0,144.0
126614.0,0901,66623.0,144.0
216339.0,5007,42126.0,144.0
137351.0,5202,60600.0,144.0
187444.0,5203,71745.0,144.0
164739.0,2401,105183.0,144.0
199193.0,1408,85568.0,144.0
190576.0,5138,116969.0,144.0
167729.0,2601,67551.0,144.0
196097.0,2703,82200.0,144.0
187897.0,5115,52517.0,144.0
129215.0,5201,66458.0,144.0
229814.0,2401,49618.0,144.0
186876.0,4407,59102.0,144.0
230728.0,5214,87905.0,144.0
140447.0,1401,88413.0,144.0
110583.0,5212,76664.0,144.0
183044.0,1408,82653.0,144.0
110495.0,5138,126959.0,144.0
166513.0,1410,101054.0,144.0
110662.0,1601,62927.0,144.0
199120.0,5401,57952.0,144.0
213011.0,5138,105749.0,144.0
171571.0,4407,55754.0,144.0
110653.0,4506,83937.0,144.0
156125.0,5203,69696.0,143.0
207388.0,1312,46215.0,143.0
123554.0,5201,80262.0,143.0
204796.0,1403,81917.0,143.0
166513.0,2601,76149.0,143.0
215770.0,5208,96993.0,143.0
237525.0,5138,77609.0,143.0
166629.0,5209,70916.0,143.0
166692.0,1422,125016.0,143.0
240444.0,0904,75967.0,143.0
206604.0,1312,42970.0,143.0
122409.0,4407,56674.0,143.0
241410.0,5138,36764.0,143.0
196185.0,2601,71874.0,143.0
206613.0,1312,42970.0,143.0
110705.0,2301,59334.0,143.0
196149.0,1313,63201.0,143.0
164924.0,0901,83586.0,143.0
178420.0,5203,72635.0,143.0
167729.0,4301,59774.0,143.0
176770.0,5138,81520.0,143.0
196413.0,5004,71527.0,143.0
187985.0,4301,52311.0,143.0
197197.0,5138,113728.0,143.0
486840.0,1410,96935.0,143.0
110565.0,2401,57408.0,143.0
208822.0,5202,82212.0,143.0
199281.0,2601,48285.0,143.0
196680.0,5201,69623.0,143.0
105330.0,1313,53246.0,142.0
137078.0,1110,71668.0,142.0
132903.0,5214,72440.0,142.0
191968.0,5202,75810.0,142.0
160658.0,1313,53265.0,142.0
104151.0,4502,49597.0,142.0
145600.0,5213,67555.0,142.0
174066.0,5218,68903.0,142.0
483124.0,4502,49597.0,142.0
160038.0,5202,51927.0,142.0
123961.0,1107,192897.0,142.0
159391.0,5220,91660.0,142.0
186380.0,2701,81845.0,142.0
483124.0,1110,98055.0,142.0
186399.0,2701,81845.0,142.0
221759.0,0904,52663.0,142.0
212115.0,3105,55237.0,142.0
196060.0,4303,69365.0,142.0
159391.0,3099,47176.0,142.0
145637.0,1408,91650.0,142.0
186371.0,2701,81845.0,142.0
122409.0,1408,95865.0,142.0
190415.0,2601,69083.0,142.0
136172.0,5208,75475.0,142.0
228431.0,1901,44600.0,142.0
215770.0,5214,78522.0,142.0
119605.0,4201,66849.0,142.0
104151.0,1110,98055.0,142.0
110714.0,5006,45815.0,142.0
204796.0,0301,58119.0,142.0
207388.0,1907,50583.0,142.0
196121.0,4201,48050.0,142.0
231581.0,5202,61276.0,142.0
185262.0,2301,54749.0,142.0
204705.0,1304,42187.0,141.0
239105.0,0909,64978.0,141.0
204699.0,1304,42187.0,141.0
207388.0,4201,50956.0,141.0
133951.0,1408,84523.0,141.0
238032.0,5208,76959.0,141.0
216339.0,2301,53018.0,141.0
196060.0,2301,51206.0,141.0
228778.0,5401,56881.0,141.0
164739.0,5299,109922.0,141.0
110705.0,5401,59342.0,141.0
209807.0,2601,54934.0,141.0
217420.0,4407,53312.0,141.0
209542.0,0907,52798.0,141.0
441937.0,2601,62384.0,141.0
164988.0,4509,66661.0,141.0
440828.0,0907,52798.0,141.0
221740.0,5138,77838.0,141.0
106704.0,4201,43363.0,141.0
236939.0,5212,85967.0,141.0
154022.0,5212,77907.0,141.0
170082.0,5202,79324.0,141.0
177214.0,4201,42425.0,141.0
199102.0,5202,60863.0,141.0
232557.0,5004,47797.0,141.0
163268.0,4407,58412.0,141.0
170082.0,0901,46938.0,141.0
167987.0,5214,64760.0,141.0
190549.0,5131,58821.0,141.0
459949.0,4501,47014.0,141.0
174066.0,5004,62414.0,141.0
209551.0,4400,53559.0,141.0
204796.0,1304,42187.0,141.0
487010.0,5138,80055.0,141.0
204671.0,1304,42187.0,141.0
204680.0,1304,42187.0,141.0
134130.0,1408,86453.0,141.0
225511.0,5210,69010.0,141.0
156125.0,4201,42690.0,141.0
156620.0,4201,41384.0,141.0
144892.0,1901,49209.0,141.0
492801.0,4201,42425.0,141.0
199218.0,2601,60750.0,141.0
239105.0,5138,88069.0,141.0
240392.0,5202,66379.0,140.0
101879.0,5138,74550.0,140.0
140340.0,5202,66379.0,140.0
200785.0,5202,66379.0,140.0
484473.0,4502,47348.0,140.0
114813.0,1907,51756.0,140.0
409698.0,3105,47736.0,140.0
243586.0,2601,27205.0,140.0
157447.0,4407,44914.0,140.0
214777.0,1435,104758.0,140.0
164076.0,1312,56254.0,140.0
214591.0,1435,104758.0,140.0
434900.0,5138,32932.0,140.0
241395.0,2601,27205.0,140.0
221740.0,4301,53565.0,140.0
386472.0,5202,66379.0,140.0
433536.0,5202,66379.0,140.0
443562.0,5138,32932.0,140.0
449135.0,5138,32932.0,140.0
228431.0,5138,84107.0,140.0
109785.0,5202,78900.0,140.0
216339.0,2601,72134.0,140.0
206941.0,5122,67452.0,140.0
196149.0,1312,62275.0,140.0
232423.0,1104,113345.0,140.0
241410.0,2601,27205.0,140.0
469416.0,5138,32932.0,140.0
496973.0,5202,66379.0,140.0
201441.0,4201,46481.0,140.0
199209.0,4301,43805.0,140.0
139311.0,2401,50110.0,140.0
137351.0,5401,47936.0,140.0
123961.0,4506,94435.0,140.0
133951.0,5007,40653.0,140.0
459851.0,5202,66379.0,140.0
199120.0,2301,51208.0,140.0
176080.0,4201,41986.0,140.0
459842.0,5202,66379.0,140.0
482158.0,1101,62734.0,140.0
174154.0,5202,66379.0,140.0
153603.0,1407,92773.0,140.0
110529.0,5004,55744.0,140.0
160658.0,1312,46313.0,140.0
101365.0,5202,66379.0,140.0
240444.0,1419,95114.0,140.0
134130.0,4502,47348.0,140.0
204866.0,5212,93774.0,139.0
110592.0,2401,59904.0,139.0
230728.0,1312,51874.0,139.0
139959.0,5217,94729.0,139.0
157951.0,1312,38656.0,139.0
186380.0,5100,68108.0,139.0
187444.0,5213,66745.0,139.0
197869.0,5214,69439.0,139.0
127741.0,4201,49455.0,139.0
232566.0,5202,72565.0,139.0
204839.0,5212,93774.0,139.0
130493.0,5138,98870.0,139.0
240453.0,5210,67192.0,139.0
172644.0,5208,74703.0,139.0
227526.0,5138,91910.0,139.0
204857.0,5212,93774.0,139.0
147776.0,2401,55569.0,139.0
172644.0,5203,73940.0,139.0
204820.0,5212,93774.0,139.0
126818.0,2601,60981.0,139.0
168847.0,1110,79805.0,139.0
204802.0,5212,93774.0,139.0
162584.0,5138,86331.0,139.0
142115.0,5203,69257.0,139.0
229179.0,1907,49210.0,139.0
197869.0,2601,53228.0,139.0
216339.0,4510,59848.0,139.0
157951.0,3105,54396.0,139.0
229780.0,5202,67250.0,139.0
186371.0,5100,68108.0,139.0
110644.0,1419,102161.0,139.0
204848.0,5212,93774.0,139.0
228723.0,1407,111073.0,139.0
366711.0,2401,58289.0,139.0
188030.0,2401,43872.0,139.0
233921.0,1409,122026.0,139.0
232423.0,5202,85137.0,139.0
240480.0,2601,52187.0,139.0
216010.0,4201,51607.0,139.0
129242.0,5214,86740.0,139.0
240329.0,5214,61191.0,138.0
214777.0,5102,62072.0,138.0
200004.0,4201,48350.0,138.0
110574.0,0901,57708.0,138.0
225627.0,5138,84286.0,138.0
132903.0,4510,64056.0,138.0
240417.0,1907,48043.0,138.0
240268.0,0901,58043.0,138.0
157289.0,1313,74873.0,138.0
139931.0,5109,66017.0,138.0
180461.0,1419,88653.0,138.0
174783.0,5138,84470.0,138.0
172699.0,4301,57012.0,138.0
160658.0,1506,69334.0,138.0
110547.0,3105,51185.0,138.0
191241.0,5203,117024.0,138.0
172699.0,4901,89564.0,138.0
134097.0,3105,60909.0,138.0
110413.0,5202,76916.0,137.0
104179.0,5210,76013.0,137.0
110644.0,1609,60797.0,137.0
151102.0,1312,45525.0,137.0
134097.0,2609,61342.0,137.0
110671.0,1419,93721.0,137.0
169248.0,2601,57438.0,137.0
195003.0,1410,105068.0,137.0
476975.0,5214,71199.0,137.0
377555.0,4201,54016.0,137.0
142522.0,2609,54035.0,137.0
227216.0,2313,62703.0,137.0
228769.0,1419,90158.0,137.0
202134.0,1419,85184.0,137.0
216339.0,1419,91131.0,137.0
144281.0,5202,56482.0,137.0
147679.0,5202,61958.0,137.0
240329.0,3105,58233.0,137.0
151263.0,4201,54319.0,137.0
136473.0,5202,53197.0,137.0
190646.0,4201,56458.0,137.0
134130.0,0101,70862.0,137.0
106467.0,1313,46907.0,137.0
236948.0,4201,54016.0,137.0
482680.0,5214,61155.0,137.0
160658.0,5202,53473.0,137.0
377564.0,4201,54016.0,137.0
206862.0,5202,71133.0,137.0
151111.0,3105,57203.0,137.0
110556.0,1312,45819.0,137.0
433660.0,3000,48879.0,137.0
146719.0,5214,86662.0,137.0
216931.0,5138,92034.0,137.0
196149.0,5206,66644.0,137.0
233921.0,2601,61703.0,137.0
228459.0,2313,58484.0,137.0
140951.0,1909,55925.0,137.0
122409.0,1101,86613.0,137.0
133669.0,5212,70318.0,137.0
228459.0,5005,48502.0,137.0
137351.0,1407,94387.0,136.0
144892.0,2401,52078.0,136.0
110662.0,1101,216722.0,136.0
228723.0,4006,74594.0,136.0
110680.0,1408,91745.0,136.0
110529.0,4201,49747.0,136.0
221971.0,5202,63234.0,136.0
142522.0,5203,88548.0,136.0
149772.0,5202,70021.0,136.0
239105.0,2601,88921.0,136.0
164988.0,0907,55804.0,136.0
228778.0,5214,91955.0,136.0
445188.0,1409,102575.0,136.0
166629.0,2609,74422.0,136.0
206604.0,1419,82795.0,136.0
159391.0,3105,56413.0,136.0
225511.0,4506,78204.0,136.0
483124.0,0403,68163.0,136.0
217819.0,0901,58371.0,136.0
139755.0,1405,102755.0,136.0
447689.0,5201,58367.0,136.0
231712.0,2601,55657.0,136.0
175272.0,4407,54056.0,136.0
213020.0,3105,52984.0,136.0
240480.0,1312,45181.0,136.0
134608.0,4400,44549.0,136.0
206613.0,1419,82795.0,136.0
104151.0,0403,68163.0,136.0
243601.0,4504,29816.0,136.0
100858.0,5203,86222.0,136.0
488679.0,4407,50351.0,135.0
210739.0,5138,91887.0,135.0
139959.0,1419,88366.0,135.0
240365.0,5138,77490.0,135.0
151342.0,5138,84541.0,135.0
182290.0,5203,85943.0,135.0
101189.0,5201,61286.0,135.0
167987.0,5203,70053.0,135.0
137032.0,5203,66056.0,135.0
151801.0,4407,50351.0,135.0
123572.0,2401,59444.0,135.0
145637.0,1410,111783.0,135.0
214698.0,4006,81092.0,135.0
199148.0,1109,68293.0,135.0
183044.0,4510,64762.0,135.0
195809.0,2601,53989.0,135.0
139755.0,1402,102415.0,135.0
141981.0,4404,53891.0,135.0
185262.0,1310,61158.0,135.0
183071.0,4510,64762.0,135.0
110556.0,4511,49407.0,135.0
172699.0,1907,49286.0,135.0
240277.0,5138,84588.0,135.0
145637.0,1407,104317.0,135.0
146612.0,4901,87197.0,135.0
196246.0,4301,58331.0,135.0
179557.0,5202,59834.0,135.0
232423.0,2601,62914.0,135.0
228778.0,3105,66580.0,135.0
214777.0,4006,81092.0,135.0
172644.0,1101,104630.0,135.0
155317.0,0901,60258.0,135.0
228778.0,5212,127158.0,135.0
106397.0,5203,84097.0,135.0
240444.0,5202,100005.0,135.0
178341.0,5199,64765.0,135.0
130943.0,5122,70793.0,135.0
227881.0,5401,50084.0,135.0
236939.0,5214,76595.0,135.0
211431.0,5138,86258.0,135.0
227881.0,5208,72388.0,135.0
479956.0,4006,81092.0,135.0
240444.0,1609,58565.0,135.0
178341.0,4301,49114.0,134.0
214777.0,5212,95935.0,134.0
178387.0,5138,74875.0,134.0
214777.0,2301,50299.0,134.0
243780.0,0109,54089.0,134.0
145637.0,1419,95329.0,134.0
178396.0,2401,65029.0,134.0
214759.0,5212,95935.0,134.0
184782.0,5401,52523.0,134.0
153658.0,3099,67760.0,134.0
185590.0,4511,52053.0,134.0
479956.0,2301,50299.0,134.0
214591.0,5212,95935.0,134.0
232423.0,5209,65016.0,134.0
201441.0,5203,77880.0,134.0
183026.0,5122,58520.0,134.0
214829.0,2301,50299.0,134.0
171571.0,2601,55991.0,134.0
236939.0,5208,86012.0,134.0
489779.0,2203,54760.0,134.0
237686.0,2401,43935.0,134.0
489779.0,4228,47339.0,134.0
100751.0,1905,57002.0,134.0
214689.0,2301,50299.0,134.0
149222.0,4201,48728.0,134.0
196237.0,4201,53013.0,134.0
183822.0,4511,52053.0,134.0
122597.0,5138,150102.0,134.0
238980.0,5203,66815.0,134.0
214652.0,2301,50299.0,134.0
164924.0,4510,86537.0,134.0
145600.0,1104,81180.0,134.0
214643.0,2301,50299.0,134.0
228723.0,5209,54251.0,134.0
110547.0,5138,118588.0,134.0
157447.0,2401,50322.0,134.0
230038.0,1107,142800.0,134.0
110486.0,4511,52618.0,134.0
153603.0,1101,83267.0,134.0
199193.0,4510,62824.0,134.0
174066.0,5203,96109.0,134.0
147703.0,1500,81554.0,134.0
104179.0,1419,90384.0,134.0
207500.0,4201,56458.0,134.0
214801.0,2301,50299.0,134.0
198543.0,4201,43358.0,134.0
214731.0,2301,50299.0,134.0
199120.0,3005,80344.0,134.0
114813.0,5202,70983.0,134.0
214591.0,2301,50299.0,134.0
232557.0,4510,56550.0,134.0
151111.0,2601,56830.0,134.0
147776.0,5203,68328.0,134.0
165662.0,2313,51742.0,134.0
214713.0,2301,50299.0,134.0
167899.0,3105,54181.0,133.0
151306.0,5107,45279.0,133.0
110592.0,1107,87525.0,133.0
145637.0,5202,107904.0,133.0
142522.0,4201,42283.0,133.0
188030.0,4301,49834.0,133.0
134130.0,3105,60497.0,133.0
135081.0,4304,47847.0,133.0
135081.0,3105,45187.0,133.0
441937.0,5100,58396.0,133.0
156125.0,4301,51305.0,133.0
186201.0,5138,103534.0,133.0
239309.0,5004,43944.0,133.0
145600.0,1410,92002.0,133.0
475273.0,3105,54181.0,133.0
227216.0,5401,55906.0,133.0
237011.0,1101,110138.0,133.0
230782.0,5218,82549.0,133.0
190655.0,5004,52562.0,133.0
174914.0,5208,93720.0,133.0
174066.0,2701,81864.0,133.0
159939.0,3099,49023.0,133.0
157085.0,1312,44352.0,133.0
234030.0,4399,72239.0,133.0
484473.0,3105,60497.0,133.0
170976.0,1407,109405.0,133.0
144962.0,5202,76678.0,133.0
122409.0,4404,57264.0,133.0
215655.0,5203,72909.0,133.0
172699.0,4407,49850.0,133.0
217484.0,5203,86076.0,133.0
134097.0,5215,80900.0,133.0
155025.0,1312,46195.0,133.0
436827.0,1409,115117.0,132.0
214777.0,1402,99159.0,132.0
139959.0,4510,70877.0,132.0
185262.0,5004,56666.0,132.0
174066.0,1312,53276.0,132.0
174066.0,1301,66093.0,132.0
139755.0,1408,85133.0,132.0
110556.0,5214,57395.0,132.0
163453.0,5202,61527.0,132.0
151111.0,5122,57800.0,132.0
142115.0,1107,112120.0,132.0
229115.0,1408,89969.0,132.0
204857.0,5203,84002.0,132.0
201441.0,2601,47131.0,132.0
209542.0,0302,52730.0,132.0
436818.0,1409,115117.0,132.0
200280.0,4201,55333.0,132.0
214777.0,3103,55741.0,132.0
126669.0,5202,72519.0,132.0
228459.0,5107,60895.0,132.0
228802.0,1419,88562.0,132.0
479956.0,3103,55741.0,132.0
204848.0,5203,84002.0,132.0
181464.0,1905,61092.0,132.0
463056.0,1409,115117.0,132.0
170082.0,1101,94330.0,132.0
169910.0,1508,82821.0,132.0
157401.0,1312,38132.0,132.0
185129.0,5202,59925.0,132.0
139959.0,1312,52240.0,132.0
167358.0,1407,107767.0,132.0
199148.0,4407,44592.0,132.0
139940.0,1312,54899.0,132.0
100751.0,1907,45751.0,132.0
204866.0,5203,84002.0,132.0
230782.0,5110,77486.0,132.0
204839.0,5203,84002.0,132.0
178411.0,1101,107195.0,132.0
122597.0,5004,59678.0,132.0
440828.0,0302,52730.0,132.0
163268.0,1419,95078.0,132.0
142522.0,5107,60571.0,132.0
186876.0,2601,59151.0,132.0
200800.0,4407,50823.0,132.0
235097.0,4201,50125.0,132.0
204820.0,5203,84002.0,132.0
204802.0,5203,84002.0,132.0
243221.0,4201,30052.0,132.0
130253.0,5202,74883.0,132.0
216339.0,5209,60347.0,132.0
436836.0,1409,115117.0,132.0
122597.0,4510,61915.0,132.0
190761.0,5138,111206.0,132.0
145813.0,1313,54452.0,132.0
147767.0,0904,80258.0,132.0
129020.0,1409,115117.0,132.0
482680.0,4301,57813.0,132.0
187444.0,3105,55592.0,131.0
196237.0,5203,70351.0,131.0
183044.0,5138,90784.0,131.0
200332.0,5202,67405.0,131.0
240480.0,0302,53642.0,131.0
239105.0,5208,97719.0,131.0
153658.0,5210,77659.0,131.0
182281.0,2601,62087.0,131.0
139861.0,5202,71795.0,131.0
157289.0,1419,89056.0,131.0
220978.0,5138,75061.0,131.0
194310.0,0909,79376.0,131.0
202806.0,5210,66648.0,131.0
110714.0,2613,49821.0,131.0
171456.0,5138,77670.0,131.0
151324.0,0901,48185.0,131.0
104179.0,5203,93729.0,131.0
199120.0,0301,65337.0,131.0
215284.0,1104,81117.0,131.0
207847.0,2401,52418.0,131.0
131496.0,4509,82197.0,131.0
183257.0,5138,90784.0,131.0
215293.0,1104,81117.0,131.0
200800.0,4201,47763.0,131.0
206695.0,4301,52574.0,131.0
191241.0,4510,74419.0,131.0
228459.0,1510,100352.0,131.0
201885.0,3105,54599.0,131.0
181534.0,5202,57519.0,131.0
225432.0,0901,56903.0,131.0
163204.0,4501,59413.0,131.0
225414.0,5203,70134.0,131.0
133951.0,2301,47659.0,131.0
172699.0,1419,87477.0,131.0
138947.0,0907,34335.0,131.0
110361.0,3105,60816.0,131.0
199281.0,3105,44669.0,131.0
159391.0,1408,85627.0,131.0
216038.0,3000,46176.0,131.0
141574.0,4201,48005.0,131.0
200280.0,2401,71538.0,131.0
234030.0,2301,45844.0,131.0
217819.0,5122,55660.0,131.0
170976.0,5007,66846.0,131.0
146533.0,5138,83636.0,131.0
154688.0,5202,74399.0,131.0
137032.0,5107,56145.0,130.0
243346.0,5202,36078.0,130.0
217484.0,3401,56761.0,130.0
153658.0,1101,88264.0,130.0
110422.0,2601,69854.0,130.0
209807.0,2301,43342.0,130.0
221768.0,1312,42481.0,130.0
152336.0,5138,81680.0,130.0
200800.0,5203,73101.0,130.0
106397.0,0901,56969.0,130.0
192819.0,5219,74534.0,130.0
135081.0,5122,52247.0,130.0
130226.0,5202,82357.0,130.0
230764.0,1107,137329.0,130.0
186283.0,4201,57202.0,130.0
188030.0,5138,78951.0,130.0
131159.0,0909,78410.0,130.0
207500.0,5203,85005.0,130.0
198516.0,5208,103426.0,130.0
190567.0,1419,97270.0,130.0
170082.0,2601,52176.0,130.0
219790.0,5202,64283.0,130.0
174358.0,1312,45142.0,130.0
168263.0,0901,56349.0,130.0
196185.0,1312,58496.0,130.0
177968.0,3105,48991.0,130.0
191649.0,0907,56990.0,130.0
230728.0,4201,51111.0,130.0
187985.0,2601,51987.0,130.0
106397.0,4201,48006.0,130.0
110705.0,4502,56238.0,130.0
217688.0,5138,75175.0,130.0
232186.0,5214,69210.0,130.0
217484.0,0909,72328.0,130.0
200785.0,5107,51098.0,129.0
215284.0,3001,62698.0,129.0
232557.0,0901,54911.0,129.0
214777.0,1409,112269.0,129.0
240392.0,5107,51098.0,129.0
157386.0,4407,45201.0,129.0
215293.0,3001,62698.0,129.0
386472.0,5107,51098.0,129.0
178244.0,5202,57029.0,129.0
179566.0,2601,51897.0,129.0
240480.0,0901,48982.0,129.0
243133.0,1310,32294.0,129.0
157401.0,0199,57686.0,129.0
110422.0,0402,76613.0,129.0
159391.0,1312,51577.0,129.0
110529.0,0901,56278.0,129.0
214731.0,1409,112269.0,129.0
130226.0,5208,86474.0,129.0
189088.0,5007,34667.0,129.0
160621.0,5138,86838.0,129.0
243780.0,1435,107031.0,129.0
134097.0,1419,89622.0,129.0
479956.0,1409,112269.0,129.0
169798.0,3099,56207.0,129.0
207500.0,3105,71589.0,129.0
165820.0,5202,64528.0,129.0
433536.0,5107,51098.0,129.0
214713.0,1409,112269.0,129.0
174154.0,5107,51098.0,129.0
195003.0,2401,63845.0,129.0
166638.0,0901,60411.0,129.0
498562.0,5122,75679.0,129.0
167792.0,5007,34667.0,129.0
101365.0,5107,51098.0,129.0
217484.0,1419,89901.0,129.0
239080.0,5138,79278.0,129.0
496973.0,5107,51098.0,129.0
174783.0,4301,66850.0,129.0
140340.0,5107,51098.0,129.0
224545.0,3099,47135.0,129.0
106397.0,1419,84464.0,129.0
209807.0,1419,94223.0,129.0
145637.0,5212,116339.0,129.0
195003.0,1508,86226.0,129.0
215275.0,3001,62698.0,129.0
132709.0,5202,61029.0,129.0
146612.0,1107,82159.0,129.0
214591.0,1409,112269.0,129.0
126580.0,4301,53198.0,129.0
212197.0,5202,73358.0,129.0
166513.0,2401,51492.0,129.0
195809.0,5214,75520.0,129.0
459851.0,5107,51098.0,129.0
130253.0,4201,61373.0,129.0
163286.0,1907,65136.0,129.0
146719.0,5208,89001.0,129.0
459842.0,5107,51098.0,129.0
440916.0,5138,86838.0,129.0
170976.0,1104,130798.0,129.0
185590.0,1907,53575.0,128.0
131113.0,5202,66899.0,128.0
180948.0,5202,58263.0,128.0
148654.0,1107,102020.0,128.0
155399.0,0101,66387.0,128.0
149222.0,4407,49952.0,128.0
190558.0,2301,53083.0,128.0
237525.0,5202,54659.0,128.0
151388.0,5138,82212.0,128.0
221740.0,0901,48212.0,128.0
228459.0,5401,52329.0,128.0
186201.0,4201,51710.0,128.0
137564.0,5202,55827.0,128.0
155317.0,5120,125384.0,128.0
238032.0,5214,69357.0,128.0
176080.0,5214,61364.0,128.0
223232.0,2601,57155.0,128.0
217420.0,5203,68616.0,128.0
217536.0,5138,89102.0,128.0
164988.0,5100,78431.0,128.0
190600.0,4001,68781.0,128.0
498562.0,5203,66300.0,128.0
234076.0,4509,82991.0,128.0
181464.0,5203,78760.0,128.0
110583.0,1408,89457.0,128.0
237011.0,4511,54263.0,128.0
171100.0,1401,102301.0,128.0
196097.0,1419,91650.0,128.0
225511.0,1508,84692.0,128.0
219709.0,5138,79069.0,128.0
240329.0,5208,76227.0,128.0
155061.0,4201,51898.0,128.0
228787.0,5102,49834.0,128.0
219602.0,0901,43511.0,128.0
230764.0,5203,94253.0,128.0
174914.0,5214,77870.0,128.0
144892.0,3105,50502.0,128.0
229179.0,5100,58585.0,128.0
160612.0,1312,47405.0,128.0
134130.0,1410,107543.0,128.0
140988.0,5202,63873.0,127.0
220075.0,4201,42358.0,127.0
137847.0,3105,60364.0,127.0
152080.0,4506,122637.0,127.0
183257.0,1101,105078.0,127.0
201441.0,3105,52818.0,127.0
488679.0,5203,67767.0,127.0
236328.0,5202,77585.0,127.0
172264.0,5109,81797.0,127.0
482705.0,4506,101423.0,127.0
183071.0,1101,105078.0,127.0
167358.0,4506,101423.0,127.0
174233.0,0901,60023.0,127.0
151801.0,5203,67767.0,127.0
190044.0,1408,82387.0,127.0
184782.0,2301,57895.0,127.0
157401.0,0183,40839.0,127.0
196246.0,4201,50673.0,127.0
182670.0,4510,106153.0,127.0
227526.0,4301,47743.0,127.0
196079.0,1907,62506.0,127.0
126818.0,0904,53528.0,127.0
183044.0,1101,105078.0,127.0
212054.0,1405,101362.0,127.0
243179.0,4407,29644.0,127.0
240189.0,4201,52284.0,127.0
118888.0,4506,101423.0,127.0
196185.0,4301,58964.0,127.0
192323.0,4201,57984.0,127.0
228796.0,5208,59668.0,127.0
228529.0,2401,44106.0,127.0
196255.0,5138,108786.0,127.0
192192.0,5202,58413.0,127.0
134097.0,5217,92064.0,127.0
164988.0,4201,63838.0,127.0
127565.0,5209,57312.0,127.0
122409.0,0907,43485.0,127.0
122409.0,5004,54569.0,127.0
153658.0,4506,76746.0,127.0
146719.0,5202,89745.0,127.0
167358.0,0901,80191.0,126.0
482705.0,0901,80191.0,126.0
170806.0,5138,79682.0,126.0
152080.0,5208,160313.0,126.0
101189.0,4301,60384.0,126.0
153384.0,2401,59638.0,126.0
190415.0,4506,137935.0,126.0
196079.0,4510,73044.0,126.0
122436.0,5208,93099.0,126.0
207500.0,1419,91653.0,126.0
236939.0,2601,60418.0,126.0
192448.0,5199,56863.0,126.0
193900.0,4510,80957.0,126.0
217165.0,5202,89929.0,126.0
187985.0,2313,56244.0,126.0
228459.0,1410,94780.0,126.0
123961.0,4201,70461.0,126.0
149028.0,5138,79997.0,126.0
147703.0,5115,55586.0,126.0
100751.0,1312,49007.0,126.0
100663.0,0901,44461.0,126.0
190594.0,3027,83420.0,126.0
225511.0,1905,49724.0,126.0
183062.0,1312,48940.0,126.0
243346.0,5109,26561.0,126.0
185262.0,1312,58885.0,126.0
243197.0,1407,74254.0,126.0
181464.0,1313,51293.0,126.0
191241.0,4201,62273.0,126.0
237312.0,5202,74791.0,126.0
161253.0,5214,67863.0,126.0
157401.0,4407,41165.0,126.0
100751.0,0907,55894.0,126.0
202134.0,5203,73476.0,126.0
243601.0,5203,37040.0,126.0
147679.0,5138,86581.0,126.0
166124.0,4506,118131.0,126.0
204796.0,1909,66256.0,126.0
201885.0,5107,77549.0,126.0
139931.0,5208,79411.0,126.0
243780.0,1501,97594.0,126.0
197869.0,4510,54344.0,126.0
243780.0,4227,52170.0,126.0
178420.0,2401,51187.0,125.0
173920.0,4201,52859.0,125.0
440828.0,1410,105359.0,125.0
157401.0,5138,72462.0,125.0
197869.0,5208,75396.0,125.0
120403.0,5004,55891.0,125.0
169363.0,5202,65787.0,125.0
230782.0,1107,100157.0,125.0
240480.0,4201,51024.0,125.0
178396.0,3099,54133.0,125.0
238616.0,5202,65787.0,125.0
196088.0,1408,84868.0,125.0
209542.0,1410,105359.0,125.0
174783.0,3099,56547.0,125.0
146719.0,0909,68942.0,125.0
110592.0,2601,53908.0,125.0
157085.0,1101,99535.0,125.0
172699.0,2601,59249.0,125.0
139931.0,1101,92026.0,125.0
182290.0,5208,72227.0,125.0
215655.0,5202,60394.0,125.0
243780.0,1402,97332.0,125.0
106467.0,5202,56643.0,125.0
243780.0,1108,59766.0,125.0
217882.0,5203,84458.0,125.0
181394.0,1312,48486.0,125.0
204024.0,5203,101808.0,125.0
140951.0,5005,35177.0,125.0
154095.0,5208,81172.0,125.0
210429.0,4201,52407.0,125.0
110574.0,2601,74010.0,125.0
157289.0,5203,74924.0,125.0
139755.0,1409,128497.0,125.0
220978.0,5203,73702.0,125.0
234076.0,4506,110773.0,125.0
229027.0,4511,45866.0,125.0
166629.0,3105,73238.0,125.0
228778.0,2602,64145.0,125.0
230807.0,5138,80037.0,124.0
134130.0,2609,73679.0,124.0
105330.0,3105,61250.0,124.0
110644.0,1407,102649.0,124.0
231624.0,5202,111366.0,124.0
229027.0,2301,44680.0,124.0
212054.0,5107,65999.0,124.0
185129.0,5203,66244.0,124.0
110662.0,4507,67193.0,124.0
171100.0,0109,54751.0,124.0
216339.0,5138,96342.0,124.0
240444.0,0301,52631.0,124.0
160038.0,4201,44492.0,124.0
204705.0,5401,49986.0,124.0
433387.0,5107,82644.0,124.0
148654.0,5202,61499.0,124.0
157809.0,5202,82906.0,124.0
212106.0,5214,66542.0,124.0
217059.0,5202,69548.0,124.0
102368.0,4407,45789.0,124.0
237950.0,1408,82117.0,124.0
218724.0,1312,46581.0,124.0
218061.0,5138,72580.0,124.0
147776.0,1107,88917.0,124.0
197045.0,4303,82733.0,124.0
203775.0,5202,64881.0,124.0
204796.0,5401,49986.0,124.0
202134.0,4407,48571.0,124.0
204671.0,5401,49986.0,124.0
204680.0,5401,49986.0,124.0
204699.0,5401,49986.0,124.0
238032.0,1408,82117.0,124.0
234030.0,4407,55288.0,124.0
220978.0,2601,56659.0,124.0
164076.0,5100,65108.0,124.0
221759.0,0909,63314.0,124.0
167729.0,3105,51362.0,124.0
240268.0,5208,75724.0,124.0
199102.0,4201,45215.0,124.0
106397.0,0904,66087.0,124.0
149222.0,5107,61807.0,123.0
145813.0,1310,52864.0,123.0
206507.0,0101,52319.0,123.0
106397.0,3105,58619.0,123.0
126562.0,4201,52990.0,123.0
115755.0,0306,47003.0,123.0
476975.0,4400,52742.0,123.0
104179.0,4510,56585.0,123.0
153603.0,0901,57110.0,123.0
183080.0,5201,67069.0,123.0
213020.0,1507,90257.0,123.0
178402.0,5100,58973.0,123.0
221838.0,5202,57083.0,123.0
141574.0,3105,53332.0,123.0
155399.0,0904,56418.0,123.0
110574.0,3105,56938.0,123.0
172699.0,3105,50134.0,123.0
178396.0,3101,55280.0,123.0
229115.0,1104,81289.0,123.0
187134.0,0901,68654.0,123.0
178396.0,4510,64747.0,123.0
215655.0,1401,86444.0,123.0
377555.0,1419,102078.0,123.0
223232.0,0901,58915.0,123.0
182281.0,5202,61524.0,123.0
127741.0,4301,55282.0,123.0
236948.0,1419,102078.0,123.0
110714.0,0502,55798.0,123.0
199193.0,3105,60488.0,123.0
210429.0,4301,60363.0,123.0
221768.0,3105,49817.0,123.0
229780.0,2401,53900.0,123.0
149222.0,1506,87442.0,123.0
214069.0,5100,68418.0,123.0
207661.0,5202,53864.0,123.0
240268.0,4201,58458.0,123.0
228723.0,5210,76593.0,123.0
110714.0,4510,65890.0,123.0
377564.0,1419,102078.0,123.0
219602.0,4301,53376.0,123.0
231624.0,4510,72173.0,123.0
122612.0,5202,104390.0,123.0
445267.0,5201,51274.0,122.0
199412.0,5138,79586.0,122.0
209807.0,3099,57438.0,122.0
155317.0,2401,58777.0,122.0
176947.0,5201,51274.0,122.0
133951.0,4407,55923.0,122.0
215293.0,4006,57456.0,122.0
142115.0,2601,49570.0,122.0
200800.0,5214,65857.0,122.0
166683.0,1419,131967.0,122.0
233921.0,1410,104839.0,122.0
106458.0,1312,41947.0,122.0
145637.0,1403,89400.0,122.0
230171.0,0901,50755.0,122.0
228723.0,1425,114686.0,122.0
131113.0,3017,50081.0,122.0
151263.0,3105,59819.0,122.0
136172.0,5214,62294.0,122.0
101879.0,1312,47973.0,122.0
167729.0,1301,45568.0,122.0
186283.0,5210,70122.0,122.0
183239.0,5138,91470.0,122.0
195809.0,5202,71271.0,122.0
135726.0,5208,110240.0,122.0
237011.0,5214,69323.0,122.0
123961.0,4510,75090.0,122.0
198543.0,5202,48094.0,122.0
237367.0,5202,51968.0,122.0
170976.0,2301,57809.0,122.0
243115.0,1002,22550.0,122.0
216597.0,5203,120207.0,122.0
164076.0,4400,52223.0,122.0
230737.0,5004,55728.0,122.0
215266.0,4006,57456.0,122.0
157401.0,2401,41797.0,122.0
215284.0,4006,57456.0,122.0
142285.0,4201,42825.0,122.0
172608.0,5203,78902.0,122.0
137351.0,0301,53991.0,122.0
174066.0,5210,74358.0,122.0
206604.0,1101,92006.0,122.0
178411.0,1410,98264.0,122.0
229179.0,5202,62469.0,122.0
163204.0,0901,67181.0,122.0
498571.0,0901,48116.0,122.0
163046.0,0901,71948.0,122.0
217819.0,2601,55342.0,122.0
154095.0,5214,72757.0,122.0
110635.0,2200,70636.0,122.0
147703.0,1312,50385.0,122.0
166513.0,5138,93650.0,122.0
137078.0,5122,59200.0,122.0
110680.0,4005,77249.0,122.0
167987.0,4504,54174.0,122.0
238032.0,1435,99180.0,122.0
231420.0,5202,72810.0,121.0
239105.0,5214,82233.0,121.0
199281.0,5202,55233.0,121.0
203465.0,1107,91614.0,121.0
137351.0,4407,52451.0,121.0
204015.0,2401,51919.0,121.0
218663.0,5217,96539.0,121.0
199218.0,0301,46527.0,121.0
110529.0,1909,52952.0,121.0
204024.0,2401,51919.0,121.0
196103.0,2613,50010.0,121.0
168263.0,1312,51049.0,121.0
145619.0,5138,97934.0,121.0
230737.0,1108,61451.0,121.0
110608.0,4407,52988.0,121.0
129215.0,0901,53673.0,121.0
100858.0,4201,50633.0,121.0
164988.0,1419,95757.0,121.0
155399.0,5208,75705.0,121.0
220978.0,1312,46252.0,121.0
203517.0,1107,91614.0,121.0
200280.0,1419,89704.0,121.0
232982.0,1101,95485.0,121.0
490805.0,1312,49224.0,121.0
150136.0,0904,49456.0,121.0
110680.0,2615,61799.0,121.0
141334.0,1312,49499.0,121.0
154493.0,5138,76345.0,121.0
232265.0,5202,82252.0,121.0
212054.0,1409,117537.0,121.0
217819.0,4201,47926.0,121.0
110714.0,4502,52315.0,121.0
131496.0,5208,152744.0,121.0
211440.0,1107,268121.0,121.0
234030.0,1419,88410.0,121.0
228796.0,1101,103286.0,121.0
206695.0,4407,49361.0,121.0
230737.0,5214,81582.0,121.0
110680.0,5213,89451.0,121.0
122597.0,5209,65510.0,121.0
223232.0,5208,102812.0,121.0
201441.0,5214,65926.0,121.0
104151.0,1407,93264.0,121.0
104151.0,1405,92974.0,121.0
171100.0,2607,41768.0,121.0
238458.0,5138,78698.0,121.0
122597.0,4511,62385.0,121.0
204006.0,2401,51919.0,121.0
110583.0,2601,61492.0,121.0
139959.0,1904,74107.0,121.0
134097.0,0909,65941.0,121.0
231712.0,0901,57254.0,121.0
213020.0,0901,43582.0,120.0
217484.0,4506,77225.0,120.0
134130.0,5100,74152.0,120.0
207263.0,4301,50268.0,120.0
199157.0,1901,46136.0,120.0
132903.0,5001,52922.0,120.0
174233.0,5203,74360.0,120.0
100663.0,5107,53021.0,120.0
163286.0,0904,68128.0,120.0
196194.0,5214,66766.0,120.0
216038.0,3105,50048.0,120.0
173124.0,1312,44719.0,120.0
156125.0,3105,47463.0,120.0
230171.0,5138,80852.0,120.0
163462.0,5201,74839.0,120.0
178420.0,1312,38980.0,120.0
218742.0,2401,46121.0,120.0
104151.0,4507,65759.0,120.0
159391.0,4511,54442.0,120.0
169248.0,5102,62082.0,120.0
159391.0,4510,67007.0,120.0
115755.0,2401,42049.0,120.0
230038.0,2609,68321.0,120.0
159391.0,1419,99975.0,120.0
144281.0,0907,54357.0,120.0
182290.0,1409,100203.0,120.0
196413.0,5203,112682.0,120.0
216339.0,5122,57499.0,120.0
176965.0,2401,51897.0,120.0
483124.0,4507,65759.0,120.0
159717.0,5202,60532.0,120.0
169248.0,0901,55353.0,120.0
164988.0,0904,65617.0,120.0
163851.0,3105,59892.0,120.0
483124.0,5213,96430.0,120.0
183044.0,1907,55186.0,120.0
104151.0,5213,96430.0,120.0
190567.0,2301,47753.0,120.0
203517.0,1301,46646.0,120.0
237011.0,4400,53788.0,120.0
216597.0,4506,100288.0,120.0
221759.0,2301,46366.0,120.0
232265.0,0904,61675.0,119.0
195809.0,5203,91878.0,119.0
200800.0,1310,41782.0,119.0
240453.0,3105,53974.0,119.0
230852.0,1110,112282.0,119.0
132903.0,5007,46779.0,119.0
243197.0,1409,96870.0,119.0
165699.0,5138,93307.0,119.0
196130.0,4201,52490.0,119.0
195128.0,5138,89836.0,119.0
166513.0,1408,83233.0,119.0
199139.0,5109,86238.0,119.0
166629.0,5214,86299.0,119.0
100663.0,5203,69201.0,119.0
196149.0,0901,63431.0,119.0
210775.0,5138,94679.0,119.0
154022.0,4511,51004.0,119.0
211440.0,5202,160783.0,119.0
122409.0,1410,106416.0,119.0
122612.0,0901,68592.0,119.0
110486.0,1907,50850.0,119.0
145813.0,2601,63725.0,119.0
227881.0,5138,91697.0,119.0
159391.0,5208,95302.0,119.0
174783.0,4407,52765.0,119.0
186584.0,5214,77940.0,119.0
178420.0,4504,52331.0,119.0
237525.0,4201,45309.0,119.0
133669.0,2301,47642.0,119.0
240365.0,1312,45902.0,119.0
182290.0,4407,60320.0,119.0
143297.0,5138,79303.0,119.0
441937.0,5138,112691.0,119.0
135081.0,4301,52126.0,119.0
209807.0,3001,57303.0,119.0
142522.0,1101,96249.0,119.0
143118.0,4301,60808.0,119.0
165662.0,5214,76623.0,119.0
110583.0,5210,73857.0,119.0
176035.0,5202,42035.0,119.0
227881.0,5122,50970.0,118.0
128106.0,5138,80676.0,118.0
104151.0,1003,57618.0,118.0
137847.0,4504,60742.0,118.0
440828.0,2601,47221.0,118.0
197869.0,3103,41052.0,118.0
199193.0,1409,110416.0,118.0
228787.0,2601,58540.0,118.0
240471.0,1313,54043.0,118.0
168227.0,0402,67122.0,118.0
100751.0,1407,100857.0,118.0
218742.0,4301,48209.0,118.0
181464.0,4301,57236.0,118.0
227368.0,5007,35115.0,118.0
134079.0,5202,65104.0,118.0
209807.0,5004,56158.0,118.0
440828.0,1408,89822.0,118.0
209542.0,2601,47221.0,118.0
110547.0,5107,59094.0,118.0
483124.0,1003,57618.0,118.0
215293.0,1408,77608.0,118.0
240462.0,0101,66059.0,118.0
161226.0,1312,42375.0,118.0
166513.0,2301,54039.0,118.0
110653.0,1408,96354.0,118.0
482705.0,4510,73539.0,118.0
209542.0,1408,89822.0,118.0
175272.0,3105,63303.0,118.0
159993.0,5138,83058.0,118.0
178420.0,4407,52337.0,118.0
215770.0,5100,84658.0,118.0
209551.0,0301,49770.0,118.0
139931.0,1510,95844.0,118.0
221847.0,3105,50530.0,118.0
166850.0,1907,53734.0,118.0
110422.0,0109,54805.0,118.0
100858.0,5138,73228.0,118.0
144892.0,4201,49478.0,118.0
167358.0,4510,73539.0,118.0
196042.0,5138,108029.0,118.0
133669.0,5007,46606.0,118.0
215284.0,1408,77608.0,118.0
179557.0,5138,85155.0,118.0
236939.0,1408,91879.0,118.0
110510.0,5138,109499.0,118.0
133508.0,5202,57132.0,118.0
110422.0,1410,125240.0,118.0
155317.0,5203,84736.0,118.0
157757.0,5138,77983.0,118.0
130253.0,5208,94733.0,118.0
187648.0,2401,55379.0,117.0
199139.0,1408,83289.0,117.0
235097.0,2601,56083.0,117.0
130776.0,4301,66510.0,117.0
216038.0,5138,86557.0,117.0
230038.0,1313,49272.0,117.0
163286.0,2301,59288.0,117.0
231174.0,5138,82571.0,117.0
230764.0,5006,49841.0,117.0
230038.0,4506,95227.0,117.0
163204.0,5208,78512.0,117.0
198464.0,1907,46941.0,117.0
142522.0,1419,86239.0,117.0
153603.0,5212,87413.0,117.0
110565.0,1408,95854.0,117.0
149231.0,2601,60059.0,117.0
228769.0,1107,109197.0,117.0
220978.0,5212,75044.0,117.0
145813.0,4511,51000.0,117.0
225432.0,5201,59188.0,117.0
207847.0,1507,66785.0,117.0
232557.0,2203,48589.0,117.0
228778.0,1408,95271.0,117.0
130934.0,3105,49115.0,117.0
140951.0,5007,41153.0,117.0
174783.0,4228,49922.0,117.0
224226.0,5202,72897.0,117.0
212054.0,5213,104599.0,117.0
214041.0,4407,49400.0,117.0
133669.0,2401,48428.0,117.0
104179.0,1907,51857.0,117.0
139940.0,2301,49792.0,117.0
199193.0,1407,104705.0,117.0
126562.0,5009,46532.0,117.0
141574.0,1408,87286.0,117.0
219356.0,0109,53784.0,117.0
122409.0,0909,67414.0,117.0
207041.0,5138,78578.0,117.0
203517.0,4901,76501.0,117.0
174020.0,4201,55824.0,117.0
190415.0,1419,112212.0,117.0
182281.0,1107,94475.0,116.0
150136.0,1313,50260.0,116.0
187134.0,1312,59328.0,116.0
139959.0,5007,53300.0,116.0
230852.0,4304,101401.0,116.0
211440.0,1419,105623.0,116.0
233277.0,5214,62981.0,116.0
215293.0,5120,121958.0,116.0
217156.0,1107,214479.0,116.0
221759.0,2601,58149.0,116.0
171128.0,1408,83841.0,116.0
171128.0,1410,99848.0,116.0
154095.0,4201,53829.0,116.0
228778.0,0904,61145.0,116.0
228459.0,5219,58794.0,116.0
217819.0,2609,58317.0,116.0
183026.0,3105,54407.0,116.0
147536.0,5213,74144.0,116.0
187046.0,4501,63772.0,116.0
217882.0,1408,84873.0,116.0
161217.0,5115,48604.0,116.0
217484.0,5202,79692.0,116.0
100751.0,4510,61617.0,116.0
243179.0,5203,33999.0,116.0
128771.0,5214,67290.0,116.0
110653.0,2301,54299.0,116.0
436836.0,5120,122474.0,116.0
440651.0,5138,35132.0,116.0
196042.0,0999,62608.0,116.0
129020.0,5120,122474.0,116.0
436818.0,5120,122474.0,116.0
463056.0,5120,122474.0,116.0
196079.0,1419,89650.0,116.0
240268.0,5203,83018.0,116.0
196185.0,0901,57447.0,116.0
110635.0,4407,67393.0,116.0
192323.0,2601,77609.0,116.0
197869.0,4407,51012.0,116.0
133650.0,5138,73658.0,116.0
196097.0,4506,74965.0,116.0
110617.0,1410,103512.0,116.0
110680.0,1409,149139.0,116.0
196130.0,4407,53130.0,116.0
436827.0,5120,122474.0,116.0
198419.0,4506,161149.0,116.0
133386.0,5138,91166.0,116.0
199193.0,0301,46772.0,116.0
482680.0,5203,70468.0,116.0
130943.0,5209,71102.0,116.0
110608.0,1101,91131.0,116.0
157447.0,4201,47280.0,115.0
141264.0,0901,47880.0,115.0
150136.0,2601,55097.0,115.0
233921.0,0109,47224.0,115.0
229814.0,5138,79583.0,115.0
217882.0,1435,92491.0,115.0
225414.0,4201,48885.0,115.0
135717.0,4399,60067.0,115.0
163286.0,1408,93280.0,115.0
440828.0,1433,105964.0,115.0
228459.0,1905,52836.0,115.0
243780.0,5138,80403.0,115.0
196413.0,0901,70106.0,115.0
366711.0,1107,97827.0,115.0
215929.0,5138,105353.0,115.0
155317.0,5202,77725.0,115.0
133650.0,5100,46081.0,115.0
232423.0,5007,54093.0,115.0
216339.0,4407,54166.0,115.0
194091.0,1101,83710.0,115.0
190415.0,1101,144389.0,115.0
127565.0,5212,91399.0,115.0
133951.0,4404,62424.0,115.0
196079.0,2601,66816.0,115.0
104151.0,4901,79821.0,115.0
213349.0,1312,51346.0,115.0
221768.0,5202,54552.0,115.0
209542.0,1433,105964.0,115.0
190512.0,4201,58476.0,115.0
174020.0,1107,92342.0,115.0
179566.0,2401,47696.0,115.0
110529.0,1402,106171.0,115.0
110486.0,5138,102298.0,115.0
155061.0,1313,53945.0,115.0
130943.0,1909,76595.0,115.0
145600.0,4506,63429.0,115.0
151324.0,4201,42822.0,115.0
110617.0,5401,55797.0,115.0
171492.0,5214,62860.0,115.0
136215.0,2609,122809.0,115.0
151324.0,1312,44482.0,115.0
232982.0,5203,73157.0,114.0
206604.0,4407,47235.0,114.0
234030.0,4005,67439.0,114.0
131469.0,4506,99406.0,114.0
190637.0,5102,61761.0,114.0
168227.0,1107,121671.0,114.0
142115.0,5214,65040.0,114.0
127565.0,3105,57096.0,114.0
100858.0,0901,56636.0,114.0
147776.0,4201,54301.0,114.0
134097.0,4407,50723.0,114.0
110644.0,1401,114228.0,114.0
240462.0,1408,81976.0,114.0
210146.0,4201,48217.0,114.0
239318.0,5138,82822.0,114.0
174066.0,5401,54659.0,114.0
170976.0,0301,65714.0,114.0
240453.0,4506,64454.0,114.0
195544.0,2313,57305.0,114.0
181464.0,0904,53618.0,114.0
130943.0,1408,87015.0,114.0
209542.0,0303,48077.0,114.0
137209.0,5100,59669.0,114.0
185262.0,5214,61602.0,114.0
130943.0,2601,74535.0,114.0
134130.0,1407,109607.0,114.0
110422.0,0101,88396.0,114.0
110538.0,5203,85612.0,114.0
228723.0,1402,97227.0,114.0
155812.0,5138,85587.0,114.0
440828.0,0303,48077.0,114.0
243780.0,1313,54559.0,114.0
200572.0,1312,48841.0,114.0
100751.0,1408,87685.0,114.0
174066.0,1105,104839.0,114.0
216597.0,4510,83179.0,113.0
110635.0,4227,64904.0,113.0
232557.0,2401,45257.0,113.0
233921.0,1435,116641.0,113.0
147369.0,3902,50342.0,113.0
157447.0,0901,53082.0,113.0
130943.0,1101,111520.0,113.0
119605.0,4301,81299.0,113.0
198136.0,5202,59746.0,113.0
487524.0,5138,78167.0,113.0
166629.0,0409,93156.0,113.0
165662.0,5005,44760.0,113.0
132602.0,2401,42127.0,113.0
186867.0,5202,108400.0,113.0
128391.0,5202,61876.0,113.0
218724.0,2902,56863.0,113.0
128771.0,5208,78910.0,113.0
201885.0,1407,97220.0,113.0
175856.0,2601,38027.0,113.0
153658.0,5213,91720.0,113.0
228723.0,2613,46453.0,113.0
486840.0,4511,52125.0,113.0
199218.0,4504,50514.0,113.0
229027.0,1410,90846.0,113.0
123572.0,1399,52842.0,113.0
164988.0,1405,99024.0,113.0
153278.0,5202,62918.0,113.0
192323.0,5214,65724.0,113.0
144281.0,1002,43731.0,113.0
102094.0,3000,43023.0,113.0
229027.0,1408,84166.0,113.0
166513.0,1407,94972.0,113.0
153001.0,5202,58440.0,113.0
171128.0,1407,94478.0,113.0
243780.0,1407,104514.0,113.0
211440.0,1410,250168.0,113.0
225399.0,5138,93475.0,113.0
230038.0,3105,30791.0,113.0
195809.0,3105,60265.0,113.0
160612.0,3105,48719.0,113.0
152080.0,1101,142970.0,113.0
243780.0,4511,55072.0,113.0
163851.0,5202,66519.0,113.0
201441.0,1907,43468.0,113.0
216010.0,4301,56376.0,113.0
205957.0,3906,39091.0,113.0
159391.0,1407,114226.0,113.0
234030.0,4511,53122.0,113.0
240727.0,1312,51967.0,113.0
163268.0,4506,79729.0,113.0
174783.0,1312,45386.0,113.0
200332.0,1408,83992.0,113.0
191968.0,5006,44829.0,113.0
174233.0,2601,63317.0,113.0
170976.0,1402,115075.0,113.0
174066.0,4005,71620.0,112.0
230728.0,4506,85136.0,112.0
190637.0,5131,50455.0,112.0
206084.0,4301,53585.0,112.0
199218.0,5006,34184.0,112.0
153658.0,5007,43192.0,112.0
171456.0,5007,36228.0,112.0
192192.0,5138,102802.0,112.0
479956.0,4509,71001.0,112.0
214041.0,4201,49374.0,112.0
140553.0,5202,69422.0,112.0
240453.0,2401,53901.0,112.0
240453.0,2301,46712.0,112.0
226152.0,0901,41350.0,112.0
214777.0,4509,71001.0,112.0
157085.0,2601,52163.0,112.0
151351.0,2601,65224.0,112.0
240453.0,1107,92342.0,112.0
145813.0,2301,47445.0,112.0
100751.0,0901,61548.0,112.0
206437.0,5138,81510.0,112.0
190637.0,1107,85351.0,112.0
164924.0,5214,106353.0,112.0
161253.0,4201,48242.0,112.0
181783.0,5202,57178.0,112.0
104179.0,5115,52243.0,112.0
441937.0,2401,54015.0,112.0
215770.0,5213,96930.0,112.0
154022.0,5115,48922.0,112.0
166629.0,1408,88076.0,112.0
204680.0,4511,50457.0,112.0
219356.0,5120,122169.0,112.0
163578.0,5138,98587.0,112.0
204796.0,4511,50457.0,112.0
240453.0,4510,51320.0,112.0
110556.0,0101,67731.0,112.0
136516.0,5138,94269.0,112.0
174066.0,1401,86148.0,112.0
433660.0,1312,58115.0,112.0
206349.0,5138,80981.0,112.0
155520.0,5202,64377.0,112.0
234076.0,2601,70240.0,112.0
214670.0,4509,71001.0,112.0
230728.0,1101,110414.0,112.0
198543.0,4301,46660.0,112.0
229115.0,4506,68973.0,112.0
196130.0,1904,47880.0,112.0
100663.0,1313,52435.0,112.0
194824.0,1407,98679.0,111.0
206941.0,4201,47937.0,111.0
236230.0,5202,75576.0,111.0
240444.0,2301,53197.0,111.0
206941.0,5138,82603.0,111.0
221759.0,5213,92042.0,111.0
219602.0,4407,44152.0,111.0
132903.0,5102,51149.0,111.0
220613.0,3907,45844.0,111.0
133951.0,1409,101224.0,111.0
192448.0,5202,66231.0,111.0
215284.0,4510,66231.0,111.0
243601.0,5102,19453.0,111.0
165820.0,5138,92187.0,111.0
240444.0,1408,87691.0,111.0
167729.0,0901,50260.0,111.0
215293.0,4510,66231.0,111.0
219709.0,5009,36866.0,111.0
235097.0,1101,95817.0,111.0
171571.0,5203,82699.0,111.0
215062.0,5208,202069.0,111.0
172644.0,1313,58743.0,111.0
198464.0,5203,79351.0,111.0
183026.0,1108,57772.0,111.0
176372.0,3105,54909.0,111.0
147536.0,3099,52616.0,111.0
110538.0,5220,108021.0,111.0
159391.0,2601,56019.0,111.0
171137.0,5202,76606.0,111.0
240277.0,3017,46125.0,111.0
135081.0,5100,54184.0,111.0
165529.0,4301,64406.0,111.0
196079.0,2615,77478.0,111.0
225432.0,1101,72528.0,111.0
147703.0,3105,54207.0,111.0
139931.0,5122,49881.0,111.0
206084.0,0901,47659.0,111.0
229115.0,2313,60563.0,111.0
185590.0,1901,52511.0,111.0
110671.0,1407,91457.0,111.0
139959.0,0901,68319.0,111.0
215275.0,4510,66231.0,111.0
153603.0,1410,99705.0,111.0
110680.0,2701,79015.0,111.0
110583.0,2313,41123.0,111.0
218645.0,5138,78231.0,111.0
161554.0,5109,57790.0,110.0
110538.0,3101,59765.0,110.0
166638.0,2301,53347.0,110.0
110574.0,1107,119900.0,110.0
153001.0,4201,44755.0,110.0
228431.0,4407,50754.0,110.0
164173.0,5202,64956.0,110.0
228778.0,1905,64105.0,110.0
131159.0,3099,76552.0,110.0
117946.0,4201,60958.0,110.0
190567.0,1410,97698.0,110.0
170301.0,5202,65755.0,110.0
101480.0,2401,42864.0,110.0
138947.0,5202,53911.0,110.0
206941.0,0909,50636.0,110.0
183062.0,5202,69674.0,110.0
201441.0,3101,53809.0,110.0
198464.0,1599,87848.0,110.0
164076.0,2601,53793.0,110.0
110608.0,5102,65188.0,110.0
159966.0,5202,54927.0,110.0
164076.0,0907,42584.0,110.0
220075.0,0901,41570.0,110.0
178411.0,1407,94686.0,110.0
230728.0,1310,74535.0,110.0
110680.0,4511,55534.0,110.0
199157.0,0901,43230.0,110.0
190044.0,1515,88793.0,110.0
101435.0,5202,54784.0,110.0
240453.0,0402,62803.0,110.0
207388.0,0101,60830.0,110.0
202134.0,5202,58930.0,110.0
185572.0,5100,75353.0,110.0
229115.0,2601,57789.0,110.0
202806.0,5107,57702.0,110.0
145600.0,4511,53962.0,110.0
196079.0,2701,82492.0,110.0
137847.0,5208,90485.0,110.0
243221.0,1313,31848.0,110.0
243179.0,5138,38201.0,110.0
164988.0,4506,96723.0,110.0
179566.0,5201,56215.0,110.0
236939.0,1907,58834.0,110.0
153658.0,1419,89078.0,110.0
165024.0,5007,45747.0,110.0
153603.0,1107,104211.0,110.0
206695.0,2401,46399.0,110.0
185828.0,1410,97718.0,110.0
229115.0,0907,50279.0,110.0
139959.0,5203,93260.0,110.0
131520.0,0999,59909.0,110.0
207500.0,1312,46252.0,110.0
131520.0,0909,67881.0,110.0
207263.0,4227,46102.0,110.0
185572.0,1301,63068.0,110.0
214157.0,5138,88293.0,110.0
227216.0,4510,57852.0,110.0
228459.0,3103,47752.0,110.0
143358.0,5138,86941.0,109.0
174817.0,5202,74942.0,109.0
175856.0,4407,41566.0,109.0
165024.0,2601,60880.0,109.0
138558.0,0199,54179.0,109.0
145336.0,2401,50703.0,109.0
122597.0,0502,59990.0,109.0
147703.0,5213,71040.0,109.0
145600.0,2301,48442.0,109.0
482680.0,2601,54272.0,109.0
199111.0,4201,40673.0,109.0
187134.0,4201,62397.0,109.0
186283.0,5203,91950.0,109.0
226152.0,3099,48990.0,109.0
166683.0,1410,161118.0,109.0
233921.0,4511,63654.0,109.0
166513.0,5123,72958.0,109.0
122409.0,2301,49406.0,109.0
165866.0,5201,62467.0,109.0
215770.0,5203,93585.0,109.0
166674.0,5007,40999.0,109.0
110565.0,2602,68170.0,109.0
221999.0,4506,140337.0,109.0
215743.0,5123,72821.0,109.0
196194.0,4301,59563.0,109.0
220862.0,5214,67468.0,109.0
123961.0,3027,69751.0,109.0
179043.0,5202,65696.0,109.0
176080.0,5203,70904.0,109.0
223232.0,5111,68460.0,109.0
130943.0,4400,55209.0,109.0
190567.0,0901,69948.0,109.0
196097.0,4511,58966.0,109.0
213400.0,3902,44718.0,109.0
130493.0,4407,59438.0,109.0
200004.0,4407,50025.0,109.0
218663.0,5006,40962.0,109.0
151379.0,5138,80132.0,109.0
141981.0,4501,41536.0,109.0
229115.0,2701,69664.0,109.0
100724.0,5123,40152.0,109.0
151111.0,4407,50246.0,109.0
139366.0,1101,80694.0,109.0
195809.0,5109,142774.0,109.0
153603.0,2401,54889.0,109.0
217518.0,4301,70747.0,109.0
217484.0,1101,88915.0,109.0
141334.0,2601,47252.0,109.0
498562.0,2601,53988.0,109.0
190594.0,5203,75803.0,109.0
207263.0,5202,60651.0,109.0
213349.0,5004,53312.0,109.0
141574.0,1419,92555.0,109.0
216038.0,1310,48796.0,109.0
195003.0,1502,83553.0,109.0
170082.0,5109,70655.0,109.0
153366.0,5138,80619.0,109.0
237011.0,2313,38460.0,109.0
171137.0,1419,94919.0,109.0
230737.0,3105,63951.0,109.0
243151.0,4299,25313.0,109.0
174020.0,4400,51009.0,109.0
479956.0,0101,73471.0,108.0
214777.0,0101,73471.0,108.0
110617.0,3101,59041.0,108.0
498571.0,4407,45436.0,108.0
153658.0,5203,92767.0,108.0
129215.0,4201,51748.0,108.0
219046.0,5202,59626.0,108.0
144740.0,4510,58163.0,108.0
100663.0,2601,55174.0,108.0
185828.0,1407,97371.0,108.0
147660.0,4201,52062.0,108.0
202480.0,1312,47775.0,108.0
232557.0,4407,48003.0,108.0
110653.0,1101,96347.0,108.0
178396.0,2301,47487.0,108.0
139861.0,0904,57843.0,108.0
149231.0,5203,69610.0,108.0
175272.0,0901,53456.0,108.0
197984.0,5202,70655.0,108.0
209551.0,5203,85438.0,108.0
186380.0,1408,87557.0,108.0
442569.0,5202,62150.0,108.0
108092.0,5138,73708.0,108.0
212106.0,2601,70958.0,108.0
122436.0,5202,79678.0,108.0
110644.0,5401,57734.0,108.0
169479.0,5214,60463.0,108.0
207263.0,5203,65781.0,108.0
174066.0,0402,62246.0,108.0
104151.0,0301,60369.0,108.0
159993.0,2401,45873.0,108.0
202134.0,5214,61829.0,108.0
168005.0,5208,90090.0,108.0
230764.0,1907,46411.0,108.0
230728.0,2301,50708.0,108.0
231165.0,5138,77267.0,108.0
196130.0,1104,64628.0,108.0
218724.0,4201,45469.0,108.0
189857.0,3802,24179.0,108.0
240277.0,3027,56117.0,108.0
145637.0,2705,105978.0,108.0
185129.0,4303,63137.0,108.0
243744.0,1107,214907.0,108.0
217819.0,1312,46036.0,108.0
228787.0,1410,104448.0,108.0
207500.0,5208,106719.0,108.0
110644.0,2705,88033.0,108.0
203517.0,0909,60218.0,108.0
179566.0,3105,61070.0,108.0
134097.0,5212,103648.0,108.0
104151.0,1310,56311.0,108.0
219602.0,4201,41303.0,108.0
139199.0,5138,88731.0,108.0
483124.0,0301,60369.0,108.0
243780.0,5209,58861.0,108.0
240453.0,5212,76422.0,108.0
110510.0,2601,56799.0,107.0
151306.0,1312,45245.0,107.0
133951.0,5210,67696.0,107.0
218742.0,1312,42119.0,107.0
204024.0,1313,49054.0,107.0
133951.0,1410,98697.0,107.0
221999.0,4501,103229.0,107.0
229027.0,5100,53757.0,107.0
100706.0,1419,95341.0,107.0
182281.0,5214,58919.0,107.0
159939.0,5203,59301.0,107.0
211981.0,5202,66210.0,107.0
141334.0,3103,49799.0,107.0
204866.0,1419,91285.0,107.0
156620.0,5123,66530.0,107.0
165529.0,5202,68677.0,107.0
196088.0,4506,70720.0,107.0
204839.0,1419,91285.0,107.0
179955.0,5138,79507.0,107.0
204820.0,1419,91285.0,107.0
236939.0,2401,55403.0,107.0
204848.0,4511,51312.0,107.0
165699.0,5202,79846.0,107.0
184782.0,0901,55277.0,107.0
237525.0,5111,42925.0,107.0
134097.0,2401,51587.0,107.0
204796.0,5007,46899.0,107.0
204820.0,4511,51312.0,107.0
193016.0,4301,51758.0,107.0
204848.0,1419,91285.0,107.0
232186.0,4506,87548.0,107.0
206941.0,1312,46831.0,107.0
151360.0,5138,82626.0,107.0
232423.0,5203,98767.0,107.0
115755.0,3105,55222.0,107.0
226091.0,1419,97159.0,107.0
204802.0,1419,91285.0,107.0
181394.0,4201,50826.0,107.0
228796.0,5214,49068.0,107.0
204857.0,1419,91285.0,107.0
139959.0,4509,70510.0,107.0
199209.0,4201,41976.0,107.0
130943.0,2301,56243.0,107.0
240329.0,0901,56470.0,107.0
183044.0,3019,63077.0,107.0
204802.0,4511,51312.0,107.0
228778.0,5138,87891.0,107.0
214041.0,2601,57483.0,107.0
183080.0,1312,44048.0,107.0
212054.0,1107,113610.0,107.0
227368.0,5208,50156.0,107.0
137351.0,4509,58999.0,107.0
152080.0,1419,99859.0,107.0
171100.0,2301,49154.0,107.0
230995.0,2902,85184.0,107.0
204857.0,4511,51312.0,107.0
204839.0,4511,51312.0,107.0
197869.0,5220,80257.0,107.0
104179.0,3019,59079.0,107.0
228459.0,1907,50151.0,107.0
204866.0,4511,51312.0,107.0
145336.0,5202,59562.0,107.0
190594.0,1107,102321.0,107.0
221740.0,2601,50597.0,107.0
139463.0,5202,60331.0,107.0
132903.0,2200,59715.0,107.0
190691.0,5203,67152.0,107.0
232982.0,5214,61550.0,107.0
133872.0,5109,82600.0,107.0
162007.0,4301,67303.0,107.0
110680.0,1419,104229.0,107.0
146719.0,5212,103884.0,107.0
190567.0,2601,63206.0,107.0
173920.0,1312,48632.0,106.0
122409.0,4510,64824.0,106.0
225414.0,5202,62046.0,106.0
217420.0,4301,58156.0,106.0
240268.0,3105,53907.0,106.0
110608.0,4301,54169.0,106.0
163851.0,1312,55807.0,106.0
190655.0,1512,65285.0,106.0
224147.0,4201,43269.0,106.0
228431.0,5201,61686.0,106.0
195003.0,5109,100680.0,106.0
199069.0,1312,47411.0,106.0
224554.0,3105,45169.0,106.0
228431.0,5100,52716.0,106.0
193654.0,1108,75792.0,106.0
240189.0,2601,58118.0,106.0
190567.0,4506,67679.0,106.0
451404.0,3802,20163.0,106.0
106704.0,5138,76783.0,106.0
212054.0,1410,102978.0,106.0
228723.0,4903,124645.0,106.0
206507.0,5202,62449.0,106.0
202134.0,5208,73669.0,106.0
233921.0,4506,92653.0,106.0
141574.0,5208,64224.0,106.0
366252.0,5138,86854.0,106.0
199139.0,2701,66450.0,106.0
202134.0,4504,52713.0,106.0
142522.0,1313,47567.0,106.0
196167.0,5202,78286.0,106.0
219471.0,5100,61518.0,106.0
216339.0,4506,73154.0,106.0
228778.0,1907,59166.0,106.0
227216.0,1907,48172.0,106.0
181464.0,1419,88972.0,106.0
149231.0,1419,81428.0,106.0
149231.0,1312,43916.0,106.0
132903.0,5202,69111.0,106.0
480198.0,5202,78571.0,106.0
233921.0,5220,95165.0,106.0
202134.0,1312,43424.0,106.0
199157.0,4201,44053.0,106.0
154518.0,5201,63357.0,106.0
168005.0,5203,86396.0,106.0
196130.0,1310,57096.0,106.0
210571.0,5202,64702.0,106.0
210304.0,5202,78571.0,106.0
243221.0,1601,31930.0,106.0
235097.0,4407,60696.0,106.0
110714.0,5007,40156.0,106.0
110671.0,1405,90041.0,106.0
240268.0,1312,47473.0,106.0
174066.0,1904,53055.0,106.0
221838.0,4301,46062.0,106.0
221759.0,4511,53635.0,106.0
174066.0,0109,51271.0,106.0
228705.0,3099,55231.0,106.0
169479.0,5107,64247.0,106.0
171571.0,1410,99967.0,105.0
214670.0,5205,55840.0,105.0
178402.0,0901,49135.0,105.0
196167.0,0901,63577.0,105.0
214810.0,5205,55840.0,105.0
219602.0,2401,48177.0,105.0
239318.0,1410,93201.0,105.0
128771.0,2601,58193.0,105.0
159993.0,5202,52842.0,105.0
130493.0,0901,56694.0,105.0
151360.0,5201,56211.0,105.0
149231.0,1101,73513.0,105.0
110529.0,3019,54605.0,105.0
202480.0,5203,90314.0,105.0
168148.0,1107,156343.0,105.0
238032.0,2609,70165.0,105.0
115083.0,5202,91369.0,105.0
228459.0,5007,44934.0,105.0
240374.0,4301,54156.0,105.0
239105.0,4201,60338.0,105.0
217484.0,4510,60559.0,105.0
155317.0,5138,78601.0,105.0
178679.0,3902,40548.0,105.0
214801.0,5205,55840.0,105.0
214759.0,5205,55840.0,105.0
110556.0,5102,51835.0,105.0
149222.0,3105,55039.0,105.0
127060.0,4201,56161.0,105.0
186283.0,1312,60178.0,105.0
130943.0,3025,66716.0,105.0
165662.0,0904,63337.0,105.0
214777.0,0109,49772.0,105.0
214777.0,5205,55840.0,105.0
176372.0,5203,65861.0,105.0
164447.0,5138,95137.0,105.0
155681.0,5201,64565.0,105.0
199218.0,2609,50564.0,105.0
171100.0,4509,74709.0,105.0
177968.0,4301,58400.0,105.0
232186.0,5001,54703.0,105.0
204024.0,1419,87343.0,105.0
214829.0,5205,55840.0,105.0
214652.0,5205,55840.0,105.0
214643.0,5205,55840.0,105.0
181020.0,5202,63983.0,105.0
199120.0,2703,119839.0,105.0
180258.0,5138,119206.0,105.0
143084.0,2601,68648.0,105.0
214768.0,5205,55840.0,105.0
139931.0,0909,64934.0,105.0
168421.0,1405,92806.0,105.0
170082.0,5209,58413.0,105.0
139959.0,0904,60729.0,105.0
198969.0,5202,63424.0,105.0
213349.0,1101,74677.0,105.0
214634.0,5205,55840.0,105.0
212054.0,1407,99338.0,105.0
385619.0,5220,90526.0,105.0
237011.0,0901,56415.0,105.0
240444.0,5401,58343.0,105.0
187444.0,4511,53253.0,104.0
240480.0,4511,48451.0,104.0
240727.0,4201,52732.0,104.0
436836.0,2401,60092.0,104.0
206084.0,5208,74304.0,104.0
200800.0,5201,54086.0,104.0
110662.0,3801,61754.0,104.0
206084.0,1312,43533.0,104.0
110714.0,2200,66244.0,104.0
440828.0,0100,53547.0,104.0
163046.0,5203,103352.0,104.0
195809.0,2200,65316.0,104.0
436827.0,2401,60092.0,104.0
184694.0,5202,65593.0,104.0
136172.0,1312,49545.0,104.0
140818.0,5138,79552.0,104.0
240480.0,0305,55724.0,104.0
110635.0,5122,76572.0,104.0
184603.0,5202,65593.0,104.0
161253.0,1408,78989.0,104.0
110662.0,5007,46173.0,104.0
487524.0,5100,61215.0,104.0
174066.0,0301,56916.0,104.0
110538.0,0109,48474.0,104.0
196060.0,5401,55377.0,104.0
191241.0,2301,63834.0,104.0
170082.0,2313,43552.0,104.0
236948.0,1408,92010.0,104.0
236939.0,0907,57956.0,104.0
129020.0,2401,60092.0,104.0
134097.0,5138,78811.0,104.0
156125.0,0901,50773.0,104.0
199139.0,1508,78160.0,104.0
220978.0,5214,60217.0,104.0
463056.0,2401,60092.0,104.0
104179.0,2609,56045.0,104.0
219091.0,5138,76515.0,104.0
215293.0,1409,110417.0,104.0
231651.0,5202,59087.0,104.0
232681.0,4201,53388.0,104.0
377564.0,1408,92010.0,104.0
153603.0,0904,53633.0,104.0
199281.0,4511,44935.0,104.0
147703.0,5007,44202.0,104.0
175856.0,3000,49299.0,104.0
204796.0,5109,68942.0,104.0
209542.0,0100,53547.0,104.0
165024.0,5401,52936.0,104.0
165334.0,4201,61203.0,104.0
143358.0,0909,58515.0,104.0
122612.0,4201,65071.0,104.0
215284.0,1409,110417.0,104.0
153603.0,4301,61166.0,104.0
126562.0,0901,62882.0,104.0
182670.0,4506,152929.0,104.0
217882.0,5208,91269.0,104.0
206604.0,5208,71696.0,104.0
155061.0,5138,79957.0,104.0
178615.0,5202,70633.0,104.0
127060.0,5208,99135.0,104.0
178624.0,1312,42508.0,104.0
177065.0,4201,49166.0,104.0
220075.0,1101,82073.0,104.0
134608.0,4301,48073.0,104.0
436818.0,2401,60092.0,104.0
163851.0,5214,70597.0,104.0
129242.0,5203,110586.0,104.0
183026.0,4501,50491.0,104.0
174899.0,4407,55743.0,104.0
169080.0,1401,82326.0,104.0
433660.0,5208,75767.0,104.0
155399.0,4501,50681.0,104.0
105330.0,0301,48321.0,104.0
133669.0,4510,53872.0,104.0
166692.0,4903,119916.0,103.0
148627.0,5201,65447.0,103.0
110635.0,2601,79163.0,103.0
216010.0,0904,47760.0,103.0
126562.0,5007,49842.0,103.0
165699.0,3105,57691.0,103.0
216010.0,5208,71432.0,103.0
194310.0,5005,37213.0,103.0
198464.0,4407,54666.0,103.0
174358.0,5138,86563.0,103.0
204486.0,5202,56392.0,103.0
110644.0,1409,145422.0,103.0
217518.0,5214,71989.0,103.0
149231.0,3105,49837.0,103.0
262086.0,2401,58739.0,103.0
166513.0,5122,65429.0,103.0
133951.0,1313,42574.0,103.0
204796.0,0101,66603.0,103.0
100663.0,2401,45714.0,103.0
142115.0,4407,55188.0,103.0
198464.0,4510,60419.0,103.0
177968.0,5210,63385.0,103.0
136172.0,5203,73868.0,103.0
197869.0,0301,46207.0,103.0
228723.0,0108,54017.0,103.0
144281.0,5009,40734.0,103.0
199999.0,3105,43313.0,103.0
489779.0,4407,42798.0,103.0
172644.0,1410,100944.0,103.0
117946.0,4510,72375.0,103.0
196413.0,5202,91472.0,103.0
163286.0,1410,107834.0,103.0
159391.0,1107,89307.0,103.0
150136.0,5208,70833.0,103.0
217864.0,4301,65574.0,103.0
200217.0,5138,74651.0,103.0
196033.0,1104,55799.0,103.0
178624.0,0901,50012.0,103.0
170976.0,1609,64426.0,103.0
144962.0,4201,52264.0,103.0
110556.0,5122,51693.0,103.0
110671.0,2401,62211.0,103.0
134130.0,1427,122299.0,103.0
144281.0,0909,66798.0,103.0
147703.0,4511,58023.0,103.0
110510.0,5210,56773.0,103.0
185572.0,4301,67842.0,103.0
150136.0,0901,51186.0,103.0
227216.0,5102,57888.0,103.0
231174.0,4201,52805.0,103.0
160658.0,1425,102594.0,103.0
196291.0,1419,106932.0,103.0
134097.0,1408,84340.0,103.0
165024.0,4407,59510.0,103.0
243780.0,4901,86161.0,102.0
155317.0,5214,70404.0,102.0
229115.0,4510,59466.0,102.0
230171.0,5202,64097.0,102.0
110662.0,1419,108875.0,102.0
228723.0,1409,127042.0,102.0
185129.0,4511,44151.0,102.0
160755.0,5214,98503.0,102.0
181002.0,5208,89079.0,102.0
233541.0,5138,91096.0,102.0
161253.0,5208,75004.0,102.0
186876.0,1104,79310.0,102.0
157951.0,5214,60222.0,102.0
186876.0,0901,50820.0,102.0
151111.0,4404,60564.0,102.0
409698.0,2601,55654.0,102.0
129215.0,2401,48418.0,102.0
157951.0,0909,53839.0,102.0
196413.0,4509,68049.0,102.0
212054.0,1408,84992.0,102.0
154095.0,3105,54629.0,102.0
179557.0,1312,37245.0,102.0
240329.0,5202,67521.0,102.0
130776.0,5213,66878.0,102.0
147369.0,3907,44522.0,102.0
210429.0,3099,53550.0,102.0
226383.0,5138,88298.0,102.0
486840.0,1408,83012.0,102.0
169798.0,3105,52624.0,102.0
207263.0,2401,41705.0,102.0
476975.0,4301,61075.0,102.0
165820.0,3000,50089.0,102.0
142285.0,0909,56032.0,102.0
190512.0,5213,94582.0,102.0
207500.0,5214,77606.0,102.0
169798.0,5107,54514.0,102.0
176479.0,5138,82147.0,102.0
199148.0,5007,35628.0,102.0
166513.0,5009,53384.0,102.0
173920.0,1901,52041.0,102.0
145600.0,1408,83680.0,102.0
190637.0,2301,54674.0,102.0
100751.0,5213,79811.0,102.0
486840.0,1313,52657.0,102.0
220075.0,5214,58583.0,102.0
203517.0,0904,49842.0,102.0
139931.0,1408,78034.0,102.0
199157.0,4501,43859.0,102.0
206604.0,5201,58039.0,102.0
105330.0,5004,48764.0,102.0
174066.0,5202,90284.0,102.0
201441.0,2401,42463.0,102.0
206613.0,5201,58039.0,102.0
110495.0,2601,59229.0,102.0
104179.0,4199,58075.0,102.0
145813.0,0909,67752.0,101.0
483124.0,5102,53532.0,101.0
164076.0,5107,68077.0,101.0
213020.0,4201,45420.0,101.0
126775.0,1425,116691.0,101.0
213020.0,2601,49673.0,101.0
198464.0,5209,55541.0,101.0
187134.0,5138,104369.0,101.0
236230.0,5138,91528.0,101.0
240453.0,5107,65400.0,101.0
110608.0,5009,40669.0,101.0
217925.0,3902,38117.0,101.0
186283.0,5214,67230.0,101.0
240189.0,4504,63365.0,101.0
154493.0,5203,63645.0,101.0
174792.0,5202,74762.0,101.0
486840.0,1104,84364.0,101.0
104151.0,5102,53532.0,101.0
243197.0,5203,38688.0,101.0
174066.0,4511,56690.0,101.0
213349.0,3101,56525.0,101.0
440916.0,4301,49609.0,101.0
484473.0,0904,58150.0,101.0
104151.0,0907,58974.0,101.0
169248.0,5207,56553.0,101.0
204006.0,0907,82411.0,101.0
483124.0,0907,58974.0,101.0
160621.0,4301,49609.0,101.0
196079.0,3099,72955.0,101.0
185590.0,0907,62999.0,101.0
154235.0,5138,75832.0,101.0
110556.0,2601,50728.0,101.0
204006.0,5138,77451.0,101.0
196680.0,5202,87618.0,101.0
106263.0,5109,74782.0,101.0
174783.0,1313,48923.0,101.0
204015.0,0907,82411.0,101.0
167358.0,1409,135416.0,101.0
233277.0,0901,59932.0,101.0
214777.0,0999,66866.0,101.0
210146.0,1312,53584.0,101.0
204024.0,0907,82411.0,101.0
120403.0,5001,47220.0,101.0
192703.0,1419,92802.0,101.0
214704.0,0999,66866.0,101.0
204024.0,5138,77451.0,101.0
241216.0,1108,21309.0,101.0
366252.0,1506,85665.0,101.0
151351.0,1107,114199.0,101.0
161253.0,1419,85064.0,101.0
178396.0,1408,83684.0,101.0
100663.0,5212,79843.0,101.0
178396.0,0109,47983.0,101.0
110635.0,1419,119371.0,101.0
200332.0,5214,71027.0,101.0
409698.0,5138,134489.0,101.0
151102.0,5202,60816.0,101.0
222831.0,3105,53743.0,101.0
212054.0,5010,54328.0,101.0
134130.0,0904,58150.0,101.0
476975.0,0901,62743.0,101.0
479956.0,0999,66866.0,101.0
241739.0,1312,29046.0,101.0
228431.0,5203,69635.0,101.0
183044.0,4506,84460.0,101.0
201441.0,1003,52388.0,101.0
200280.0,1312,45955.0,101.0
148487.0,4201,52049.0,101.0
191649.0,5214,68530.0,101.0
204015.0,5138,77451.0,101.0
243780.0,5203,90119.0,101.0
179566.0,5208,72227.0,101.0
228778.0,1407,115423.0,101.0
130943.0,1407,103910.0,101.0
188641.0,5007,38877.0,101.0
176080.0,1408,81203.0,100.0
445708.0,5214,64321.0,100.0
386472.0,4301,69601.0,100.0
240392.0,4301,69601.0,100.0
459851.0,4301,69601.0,100.0
459842.0,4301,69601.0,100.0
168227.0,5004,68160.0,100.0
104586.0,1419,96331.0,100.0
206622.0,5214,73414.0,100.0
137847.0,5214,69876.0,100.0
243586.0,2401,28523.0,100.0
216339.0,5211,65302.0,100.0
187444.0,5214,61156.0,100.0
174154.0,4301,69601.0,100.0
191931.0,5214,69542.0,100.0
232557.0,5212,84228.0,100.0
459949.0,5203,60376.0,100.0
133553.0,1419,96331.0,100.0
196149.0,4201,56366.0,100.0
243780.0,1503,85224.0,100.0
180814.0,5107,65242.0,100.0
243780.0,5218,82441.0,100.0
166656.0,5106,83253.0,100.0
228778.0,5202,94458.0,100.0
433536.0,4301,69601.0,100.0
117140.0,2401,58953.0,100.0
236577.0,5138,93334.0,100.0
460349.0,5214,64321.0,100.0
193016.0,4501,55052.0,100.0
110538.0,1101,91059.0,100.0
163851.0,5138,86233.0,100.0
147536.0,1312,46398.0,100.0
224554.0,5202,63791.0,100.0
176372.0,4301,46109.0,100.0
156125.0,1419,89074.0,100.0
123572.0,0901,68833.0,100.0
227526.0,3105,46693.0,100.0
174066.0,3019,59054.0,100.0
110653.0,1410,106871.0,100.0
171137.0,1410,105446.0,100.0
151388.0,4201,49596.0,100.0
169798.0,1313,48994.0,100.0
230728.0,1104,88289.0,100.0
196006.0,5299,58323.0,100.0
217882.0,0101,67050.0,100.0
230782.0,4301,62191.0,100.0
240480.0,1313,47537.0,100.0
140960.0,0904,39677.0,100.0
216597.0,1419,97556.0,100.0
160755.0,5208,129850.0,100.0
217235.0,5214,64321.0,100.0
110644.0,5120,73595.0,100.0
101189.0,5210,48056.0,100.0
101365.0,4301,69601.0,100.0
160658.0,4201,44574.0,100.0
110608.0,5138,116613.0,100.0
136172.0,5107,55345.0,100.0
140340.0,4301,69601.0,100.0
151324.0,3103,49623.0,100.0
240471.0,1312,46004.0,100.0
130934.0,0901,46440.0,100.0
226091.0,4301,54509.0,100.0
218742.0,4201,45659.0,100.0
217484.0,5214,75011.0,100.0
104151.0,2701,79013.0,100.0
241395.0,2401,28523.0,100.0
243197.0,2601,40422.0,100.0
200785.0,4301,69601.0,100.0
241410.0,2401,28523.0,100.0
230764.0,5214,83511.0,100.0
233426.0,5202,69323.0,100.0
172644.0,4301,56423.0,100.0
110565.0,5401,48309.0,100.0
165866.0,4201,53937.0,99.0
157951.0,1101,73300.0,99.0
178396.0,1909,63723.0,99.0
191241.0,4509,77234.0,99.0
130776.0,5138,96483.0,99.0
173124.0,5203,72153.0,99.0
199139.0,5007,41383.0,99.0
224147.0,3105,50896.0,99.0
147828.0,5202,57973.0,99.0
234155.0,4301,48624.0,99.0
236948.0,4511,60292.0,99.0
195544.0,5203,82916.0,99.0
200217.0,5202,71639.0,99.0
230728.0,4407,47699.0,99.0
225511.0,1907,54871.0,99.0
207865.0,5202,51657.0,99.0
196167.0,5203,84177.0,99.0
203517.0,0402,59299.0,99.0
190646.0,4407,60755.0,99.0
230737.0,5122,49432.0,99.0
130314.0,5138,90587.0,99.0
198464.0,4506,64597.0,99.0
228459.0,0301,55595.0,99.0
164924.0,5138,94867.0,99.0
110370.0,5004,59238.0,99.0
209542.0,1407,92741.0,99.0
110608.0,2601,59100.0,99.0
168148.0,4506,123809.0,99.0
163851.0,2601,62407.0,99.0
137351.0,1408,84789.0,99.0
147703.0,5208,86511.0,99.0
206084.0,5203,74103.0,99.0
122597.0,1419,102104.0,99.0
169248.0,4599,54888.0,99.0
110705.0,2705,90778.0,99.0
154095.0,4407,50629.0,99.0
240444.0,5218,82081.0,99.0
228459.0,4511,53434.0,99.0
147703.0,2601,52086.0,99.0
196088.0,1410,95209.0,99.0
219347.0,1419,85350.0,99.0
168847.0,5210,61954.0,99.0
157289.0,5212,90799.0,99.0
173920.0,5208,74852.0,99.0
190655.0,5107,76730.0,99.0
173920.0,5203,73726.0,99.0
243151.0,5203,35981.0,99.0
110529.0,3105,53024.0,99.0
440828.0,1407,92741.0,99.0
214157.0,2401,63342.0,99.0
220075.0,4301,43998.0,99.0
227216.0,5212,91514.0,99.0
170082.0,2401,51497.0,99.0
151306.0,3105,50541.0,99.0
213020.0,5203,66845.0,99.0
126818.0,4510,67873.0,99.0
218663.0,0904,53294.0,99.0
127185.0,5201,56038.0,99.0
133951.0,4511,47538.0,99.0
498571.0,1101,73164.0,99.0
195474.0,4201,63227.0,98.0
184694.0,0901,57829.0,98.0
156125.0,1303,51036.0,98.0
157085.0,4510,57514.0,98.0
171137.0,4201,48052.0,98.0
133881.0,5202,72717.0,98.0
184603.0,0901,57829.0,98.0
142522.0,5007,35443.0,98.0
147776.0,4301,53121.0,98.0
172644.0,1312,48506.0,98.0
185590.0,5122,55681.0,98.0
220978.0,4407,45451.0,98.0
102049.0,5138,72517.0,98.0
142115.0,5208,70449.0,98.0
154518.0,1507,83151.0,98.0
149222.0,5109,80220.0,98.0
201654.0,5138,73789.0,98.0
174233.0,5202,69767.0,98.0
169479.0,5210,67854.0,98.0
211088.0,2601,73377.0,98.0
218724.0,2401,38460.0,98.0
182290.0,1101,77237.0,98.0
127565.0,3019,60395.0,98.0
142115.0,1419,85354.0,98.0
228875.0,0901,63531.0,98.0
168421.0,1410,109386.0,98.0
237950.0,4510,56969.0,98.0
243197.0,1435,75096.0,98.0
104179.0,0904,55676.0,98.0
153658.0,4510,65923.0,98.0
216038.0,4504,58115.0,98.0
170082.0,1313,49612.0,98.0
151351.0,5138,81781.0,98.0
214166.0,5138,87928.0,98.0
193900.0,5213,158559.0,98.0
171100.0,2200,72414.0,98.0
107044.0,1312,41228.0,98.0
212106.0,5202,77822.0,98.0
231165.0,5203,61162.0,98.0
238032.0,4510,56969.0,98.0
133650.0,5202,53902.0,98.0
230038.0,5203,96632.0,98.0
155399.0,1510,91809.0,98.0
196088.0,4510,58292.0,98.0
126775.0,1107,127217.0,98.0
220862.0,4407,46494.0,98.0
230038.0,0909,80841.0,98.0
150136.0,5007,42594.0,98.0
186283.0,5202,69423.0,98.0
229179.0,3019,53775.0,98.0
243780.0,1410,105396.0,98.0
230038.0,5122,51996.0,98.0
366711.0,5214,73290.0,98.0
164492.0,5138,88554.0,98.0
110635.0,4502,64359.0,98.0
233921.0,2301,64225.0,98.0
204006.0,1101,94001.0,98.0
204024.0,1101,94001.0,98.0
223232.0,1419,92990.0,98.0
110529.0,1409,100673.0,98.0
137351.0,5007,38820.0,98.0
209542.0,5208,78427.0,98.0
110608.0,5401,45821.0,98.0
234030.0,1101,118521.0,98.0
234076.0,4201,62794.0,98.0
161253.0,5138,77494.0,98.0
204015.0,1101,94001.0,98.0
206604.0,0901,40908.0,98.0
440828.0,5208,78427.0,98.0
174783.0,5214,74847.0,97.0
245892.0,2401,66596.0,97.0
170082.0,5006,39082.0,97.0
186283.0,5208,88405.0,97.0
220978.0,0904,49932.0,97.0
240417.0,5209,56451.0,97.0
214591.0,3019,63010.0,97.0
225511.0,1512,78396.0,97.0
110538.0,1907,41993.0,97.0
110662.0,5206,129425.0,97.0
204796.0,1904,67018.0,97.0
174914.0,5203,91587.0,97.0
204866.0,4510,58907.0,97.0
154527.0,5201,74824.0,97.0
153603.0,1433,100676.0,97.0
203368.0,5208,84728.0,97.0
225511.0,1902,53410.0,97.0
243346.0,4407,29026.0,97.0
168430.0,5138,92133.0,97.0
126775.0,1407,94598.0,97.0
230038.0,5004,52929.0,97.0
204802.0,4510,58907.0,97.0
110538.0,1419,93555.0,97.0
100858.0,1408,79778.0,97.0
110097.0,5201,69873.0,97.0
137847.0,0901,55512.0,97.0
228459.0,1101,77701.0,97.0
155317.0,1101,92008.0,97.0
198561.0,5138,75117.0,97.0
155089.0,5202,74063.0,97.0
218663.0,5206,94547.0,97.0
197869.0,5212,87041.0,97.0
204848.0,4510,58907.0,97.0
166656.0,5111,90224.0,97.0
110680.0,1407,96798.0,97.0
187985.0,1313,49309.0,97.0
145813.0,4510,59571.0,97.0
190983.0,5138,89729.0,97.0
206084.0,5210,60561.0,97.0
214272.0,2401,57721.0,97.0
169910.0,4407,53351.0,97.0
163453.0,4407,60082.0,97.0
204857.0,4510,58907.0,97.0
213020.0,5209,53551.0,97.0
196167.0,2601,66852.0,97.0
232423.0,3015,82455.0,97.0
169910.0,5107,56774.0,97.0
110671.0,5401,51913.0,97.0
110361.0,2401,55968.0,97.0
245838.0,2401,66596.0,97.0
223232.0,5212,96148.0,97.0
204796.0,0199,88205.0,97.0
489779.0,1312,38197.0,97.0
245847.0,2401,66596.0,97.0
245883.0,2401,66596.0,97.0
216339.0,5123,51599.0,97.0
199193.0,1405,98129.0,97.0
110644.0,0110,70571.0,97.0
204820.0,4510,58907.0,97.0
204839.0,4510,58907.0,97.0
212106.0,5123,72059.0,97.0
144892.0,0901,57887.0,97.0
122436.0,0901,68913.0,97.0
154493.0,4201,50877.0,97.0
190600.0,4510,62150.0,97.0
161253.0,1313,56169.0,97.0
137032.0,1312,49634.0,97.0
100751.0,5102,56071.0,97.0
145619.0,5299,71185.0,97.0
122409.0,5209,70113.0,97.0
138354.0,0901,51352.0,97.0
228796.0,0909,49558.0,97.0
151342.0,2401,48815.0,97.0
228529.0,5203,68031.0,97.0
145637.0,4407,56917.0,97.0
200280.0,4407,56001.0,97.0
178341.0,2401,46892.0,97.0
243780.0,1408,90873.0,97.0
195216.0,4506,96345.0,97.0
110495.0,0901,54007.0,97.0
214777.0,3019,63010.0,97.0
171100.0,2615,58046.0,97.0
126580.0,2601,54639.0,96.0
129020.0,1405,95682.0,96.0
151324.0,3105,46556.0,96.0
174358.0,4407,50419.0,96.0
228769.0,5401,57159.0,96.0
157447.0,5100,73478.0,96.0
145813.0,5007,51386.0,96.0
240374.0,4201,46647.0,96.0
200332.0,5203,74888.0,96.0
201885.0,1410,98364.0,96.0
174066.0,5007,44850.0,96.0
436827.0,1405,95682.0,96.0
134097.0,1312,51863.0,96.0
139959.0,1907,59664.0,96.0
100663.0,4301,51643.0,96.0
228796.0,1410,94122.0,96.0
228459.0,5138,84557.0,96.0
104151.0,1402,96946.0,96.0
196079.0,5208,115013.0,96.0
192448.0,5109,107539.0,96.0
157289.0,1312,47190.0,96.0
203368.0,5214,73881.0,96.0
228778.0,2313,68314.0,96.0
154022.0,5208,64426.0,96.0
213543.0,1419,96618.0,96.0
179557.0,0901,47813.0,96.0
436818.0,1405,95682.0,96.0
126614.0,2609,71444.0,96.0
186876.0,5209,53796.0,96.0
237932.0,5202,50824.0,96.0
145600.0,0901,56845.0,96.0
110653.0,5006,51423.0,96.0
196185.0,1909,61121.0,96.0
436836.0,1405,95682.0,96.0
157386.0,5138,85740.0,96.0
409698.0,4501,57200.0,96.0
228769.0,0907,60617.0,96.0
174066.0,3105,60931.0,96.0
181464.0,0101,65312.0,96.0
230038.0,5202,105544.0,96.0
196185.0,5010,47324.0,96.0
127565.0,2301,51955.0,96.0
199120.0,5210,76811.0,96.0
242644.0,5138,33897.0,96.0
152080.0,4510,94297.0,96.0
463056.0,1405,95682.0,96.0
174783.0,5208,70259.0,96.0
219602.0,5110,75261.0,96.0
181464.0,0301,46817.0,96.0
200280.0,5203,82187.0,96.0
172699.0,5210,71870.0,96.0
149222.0,1419,86238.0,96.0
196413.0,1419,91438.0,96.0
110422.0,5220,118331.0,96.0
174233.0,1107,91911.0,96.0
489779.0,4302,97967.0,96.0
217882.0,4506,79468.0,96.0
409698.0,0301,51598.0,96.0
160612.0,5214,53477.0,96.0
136172.0,3000,49804.0,96.0
121150.0,0909,81417.0,96.0
224147.0,4301,49859.0,96.0
130493.0,5122,53997.0,96.0
203517.0,4510,52423.0,96.0
235097.0,5203,75927.0,96.0
159391.0,2301,49464.0,96.0
209542.0,4506,70436.0,95.0
110556.0,5208,67312.0,95.0
214801.0,5213,73308.0,95.0
190150.0,4227,86946.0,95.0
127556.0,4301,58708.0,95.0
227881.0,5202,61464.0,95.0
104179.0,5138,88892.0,95.0
204796.0,2615,68480.0,95.0
203465.0,2301,36241.0,95.0
203456.0,2301,36241.0,95.0
214731.0,5213,73308.0,95.0
214810.0,5213,73308.0,95.0
214713.0,5213,73308.0,95.0
178624.0,5202,57907.0,95.0
243133.0,5203,43129.0,95.0
203526.0,2301,36241.0,95.0
212115.0,4201,46912.0,95.0
214777.0,5213,73308.0,95.0
183080.0,4301,59937.0,95.0
498562.0,1312,48662.0,95.0
203517.0,2301,36241.0,95.0
186867.0,1107,138468.0,95.0
172699.0,1313,49340.0,95.0
110653.0,4005,74810.0,95.0
139940.0,0901,47132.0,95.0
200332.0,0103,83779.0,95.0
225511.0,5138,91276.0,95.0
237011.0,3000,54290.0,95.0
204820.0,1907,45346.0,95.0
237011.0,4506,64123.0,95.0
233921.0,4509,71988.0,95.0
172644.0,2601,50811.0,95.0
204839.0,1907,45346.0,95.0
151111.0,0907,46473.0,95.0
190600.0,4404,66834.0,95.0
198464.0,1313,49247.0,95.0
186876.0,2401,54628.0,95.0
172264.0,4301,72791.0,95.0
226152.0,2601,53125.0,95.0
190594.0,4506,69920.0,95.0
195030.0,5009,34888.0,95.0
100858.0,1312,49258.0,95.0
234030.0,5203,78631.0,95.0
233921.0,1902,65248.0,95.0
214759.0,5213,73308.0,95.0
203474.0,2301,36241.0,95.0
128771.0,1313,56607.0,95.0
198516.0,5214,95163.0,95.0
185590.0,4506,66148.0,95.0
128771.0,4407,59309.0,95.0
135726.0,0909,82999.0,95.0
214795.0,5213,73308.0,95.0
178420.0,1107,102723.0,95.0
190664.0,2301,50194.0,95.0
440828.0,4506,70436.0,95.0
203483.0,2301,36241.0,95.0
160612.0,4201,37998.0,95.0
214786.0,5213,73308.0,95.0
203492.0,2301,36241.0,95.0
214768.0,5213,73308.0,95.0
185262.0,5208,65415.0,95.0
204848.0,1907,45346.0,95.0
240462.0,0109,53530.0,95.0
214777.0,5299,104205.0,95.0
204802.0,1907,45346.0,95.0
160658.0,5203,60241.0,95.0
100858.0,5004,61609.0,95.0
133492.0,2401,45768.0,95.0
126614.0,0301,63337.0,95.0
187985.0,1419,94990.0,95.0
164924.0,4201,70033.0,95.0
214634.0,5213,73308.0,95.0
164924.0,2601,83614.0,95.0
232982.0,2301,49024.0,95.0
157386.0,3105,45877.0,95.0
204857.0,1907,45346.0,95.0
134130.0,1409,128140.0,95.0
157085.0,1408,81031.0,95.0
110529.0,1407,102849.0,95.0
148496.0,5202,66871.0,95.0
214670.0,5213,73308.0,95.0
204866.0,1907,45346.0,95.0
228723.0,5115,66865.0,95.0
228431.0,4201,43697.0,95.0
234076.0,5138,86653.0,95.0
167358.0,5123,81320.0,95.0
214652.0,5213,73308.0,95.0
166692.0,1499,104007.0,95.0
155317.0,5201,68572.0,95.0
238476.0,5214,69045.0,95.0
203447.0,2301,36241.0,95.0
134130.0,1907,51497.0,95.0
120883.0,3099,171261.0,95.0
221759.0,0109,49656.0,95.0
126669.0,4201,54887.0,95.0
235097.0,1313,57915.0,95.0
176017.0,1312,42535.0,95.0
122931.0,5208,118737.0,95.0
157401.0,0909,58265.0,95.0
224147.0,1419,82322.0,95.0
147660.0,5214,71123.0,95.0
214698.0,5213,73308.0,95.0
228778.0,1402,104422.0,95.0
228529.0,0109,43185.0,95.0
214625.0,5213,73308.0,95.0
110510.0,5208,61095.0,95.0
196264.0,1301,50954.0,95.0
191241.0,1101,97265.0,95.0
196680.0,1514,119783.0,95.0
133702.0,5138,90705.0,95.0
204024.0,2313,61474.0,95.0
126562.0,5122,58310.0,95.0
214591.0,5213,73308.0,95.0
157447.0,5203,69610.0,95.0
164924.0,4228,76328.0,95.0
188340.0,4901,76979.0,95.0
138716.0,5202,49246.0,95.0
186283.0,5009,43753.0,95.0
232681.0,2301,45824.0,95.0
214829.0,5213,73308.0,95.0
110510.0,2701,57603.0,95.0
178396.0,5109,73861.0,94.0
231174.0,0909,65706.0,94.0
204848.0,2609,57479.0,94.0
220978.0,1107,96485.0,94.0
204866.0,2609,57479.0,94.0
218663.0,5211,107205.0,94.0
160658.0,1419,91187.0,94.0
240453.0,5006,44232.0,94.0
204857.0,1506,85798.0,94.0
217420.0,0901,51105.0,94.0
232557.0,0907,50891.0,94.0
239318.0,1409,103360.0,94.0
498562.0,4006,60075.0,94.0
240453.0,0301,51181.0,94.0
110608.0,5006,46913.0,94.0
204857.0,2609,57479.0,94.0
185262.0,4511,51122.0,94.0
106704.0,5115,49129.0,94.0
486840.0,1500,89729.0,94.0
170806.0,4301,50913.0,94.0
228769.0,1408,86844.0,94.0
178411.0,1515,91035.0,94.0
147776.0,0901,48247.0,94.0
110583.0,4407,68448.0,94.0
166027.0,4506,155592.0,94.0
170976.0,4511,63419.0,94.0
204802.0,2609,57479.0,94.0
182290.0,1408,81201.0,94.0
212115.0,4301,57494.0,94.0
163338.0,4301,52398.0,94.0
185129.0,2601,60104.0,94.0
164562.0,5123,54822.0,94.0
191649.0,5203,92530.0,94.0
459949.0,3105,55218.0,94.0
225627.0,4201,51470.0,94.0
154095.0,1313,50144.0,94.0
204839.0,2609,57479.0,94.0
195809.0,0909,67728.0,94.0
196097.0,4510,70243.0,94.0
142276.0,5100,48828.0,94.0
126818.0,2401,51830.0,94.0
126818.0,4407,54720.0,94.0
204820.0,2609,57479.0,94.0
100751.0,5209,53180.0,94.0
176017.0,5203,85482.0,94.0
226231.0,5202,67970.0,94.0
157951.0,4407,48771.0,94.0
200332.0,3105,48986.0,94.0
199157.0,5138,90760.0,94.0
117946.0,5005,49135.0,94.0
178341.0,1312,39419.0,94.0
104179.0,1410,105839.0,94.0
196246.0,5138,92095.0,94.0
133951.0,5131,52470.0,94.0
100663.0,5122,44398.0,94.0
197869.0,1107,97670.0,94.0
167987.0,1419,89310.0,94.0
199193.0,0305,86357.0,94.0
234076.0,0901,76243.0,94.0
151306.0,4201,40574.0,94.0
135081.0,5203,59334.0,94.0
168847.0,5203,63286.0,94.0
187444.0,5208,70356.0,94.0
135081.0,5131,54825.0,94.0
110510.0,5107,55217.0,94.0
151263.0,5202,61006.0,94.0
232681.0,2401,54336.0,94.0
181464.0,1312,48046.0,94.0
110422.0,1402,107498.0,94.0
240189.0,5210,62750.0,94.0
235097.0,4504,55621.0,93.0
206622.0,2401,69546.0,93.0
200004.0,2601,50180.0,93.0
192703.0,0901,74471.0,93.0
214634.0,2401,58195.0,93.0
206862.0,5210,78093.0,93.0
214883.0,5202,66070.0,93.0
145637.0,2301,54570.0,93.0
101480.0,1312,47385.0,93.0
217235.0,4228,48967.0,93.0
173045.0,5138,93046.0,93.0
214777.0,2401,58195.0,93.0
139959.0,1313,56024.0,93.0
110529.0,0109,53017.0,93.0
240268.0,2601,59937.0,93.0
237066.0,1312,60010.0,93.0
186380.0,5213,126906.0,93.0
230737.0,5138,81664.0,93.0
475200.0,1312,60010.0,93.0
145637.0,4005,70197.0,93.0
225511.0,5007,45446.0,93.0
214652.0,2401,58195.0,93.0
172644.0,5212,80630.0,93.0
436836.0,1313,62630.0,93.0
231165.0,4201,50782.0,93.0
196413.0,0409,76367.0,93.0
157401.0,1507,84705.0,93.0
212106.0,5109,105387.0,93.0
221999.0,3099,86559.0,93.0
170976.0,5401,62077.0,93.0
201195.0,5202,67934.0,93.0
230737.0,1107,115541.0,93.0
161253.0,1312,45122.0,93.0
192323.0,5138,89941.0,93.0
204185.0,3105,60728.0,93.0
463056.0,1313,62630.0,93.0
214689.0,2401,58195.0,93.0
166391.0,0901,53172.0,93.0
225511.0,2701,62833.0,93.0
136172.0,2301,42390.0,93.0
151324.0,5115,51288.0,93.0
157085.0,4407,51313.0,93.0
447953.0,3902,36973.0,93.0
436818.0,1313,62630.0,93.0
240365.0,4402,46812.0,93.0
167987.0,5004,51857.0,93.0
144740.0,2301,52608.0,93.0
220862.0,1312,44293.0,93.0
199148.0,5208,64077.0,93.0
110714.0,4506,76382.0,93.0
128498.0,5202,68222.0,93.0
225432.0,4407,54784.0,93.0
197869.0,2301,45954.0,93.0
214801.0,2401,58195.0,93.0
159993.0,3105,50370.0,93.0
229027.0,4604,90691.0,93.0
214591.0,2401,58195.0,93.0
220862.0,5208,65132.0,93.0
104151.0,1609,55428.0,93.0
126614.0,4510,69651.0,93.0
110705.0,2701,85391.0,93.0
206604.0,5214,64589.0,93.0
214768.0,2401,58195.0,93.0
214740.0,2401,58195.0,93.0
207500.0,0901,57453.0,93.0
141334.0,4511,47412.0,93.0
105330.0,4199,54507.0,93.0
139311.0,5107,50131.0,93.0
196121.0,2609,56745.0,93.0
228796.0,5007,36854.0,93.0
216339.0,1408,82553.0,93.0
216339.0,1410,97839.0,93.0
190761.0,4501,56966.0,93.0
146719.0,4510,63437.0,93.0
483124.0,1609,55428.0,93.0
190415.0,2699,85883.0,93.0
214713.0,2401,58195.0,93.0
191931.0,0901,58650.0,93.0
214731.0,2401,58195.0,93.0
236896.0,5138,101497.0,93.0
436827.0,1313,62630.0,93.0
204796.0,5102,57797.0,93.0
240444.0,4511,58007.0,93.0
102368.0,4301,56317.0,93.0
174066.0,1410,97575.0,93.0
223232.0,3105,51273.0,93.0
214795.0,2401,58195.0,93.0
119605.0,5122,70340.0,93.0
139764.0,5202,65514.0,93.0
129020.0,1313,62630.0,93.0
173920.0,2601,60198.0,93.0
160612.0,5203,59067.0,93.0
479956.0,2401,58195.0,93.0
231651.0,0901,41335.0,93.0
150136.0,2301,38676.0,93.0
196237.0,4599,56609.0,92.0
136950.0,0901,62086.0,92.0
228431.0,0901,50302.0,92.0
202134.0,0901,48688.0,92.0
196307.0,5109,86543.0,92.0
226152.0,5138,83327.0,92.0
228875.0,5208,111304.0,92.0
174066.0,5100,74079.0,92.0
141264.0,4201,47285.0,92.0
137032.0,5210,62122.0,92.0
106458.0,3105,55833.0,92.0
159717.0,1401,107319.0,92.0
110583.0,4506,71220.0,92.0
217819.0,5214,68348.0,92.0
199148.0,2301,38366.0,92.0
186380.0,5212,89098.0,92.0
136172.0,4510,58718.0,92.0
456959.0,5100,74079.0,92.0
199148.0,1312,51778.0,92.0
240444.0,2701,101438.0,92.0
217484.0,1312,56999.0,92.0
204796.0,2701,81909.0,92.0
161518.0,5138,84796.0,92.0
228787.0,5213,85717.0,92.0
139959.0,5122,78085.0,92.0
145600.0,1407,87407.0,92.0
233277.0,3101,48743.0,92.0
216339.0,1313,52739.0,92.0
129154.0,5138,99458.0,92.0
199069.0,4301,50800.0,92.0
230764.0,2601,62950.0,92.0
186399.0,5212,89098.0,92.0
134608.0,5138,99714.0,92.0
181464.0,0109,49193.0,92.0
187134.0,5007,51033.0,92.0
110538.0,4407,57146.0,92.0
110510.0,1107,74845.0,92.0
151306.0,5202,56804.0,92.0
151111.0,1107,94380.0,92.0
201441.0,5004,54274.0,92.0
178624.0,3103,48600.0,92.0
174066.0,4509,56257.0,92.0
170082.0,4404,49776.0,92.0
156356.0,4407,56285.0,92.0
169910.0,1003,44116.0,92.0
153603.0,0301,51387.0,92.0
106704.0,1312,46295.0,92.0
110583.0,1407,92523.0,92.0
180814.0,5210,66702.0,92.0
133669.0,1301,50946.0,92.0
110574.0,2401,57755.0,92.0
130253.0,0901,59068.0,92.0
183080.0,5214,76631.0,92.0
231059.0,5202,73566.0,92.0
228431.0,5102,61476.0,92.0
190558.0,5138,113631.0,92.0
200280.0,5138,79624.0,92.0
218663.0,2301,45185.0,92.0
229115.0,0402,63871.0,92.0
152567.0,1513,77517.0,92.0
240444.0,5217,105992.0,92.0
414878.0,1513,77517.0,92.0
137351.0,4400,43976.0,92.0
198464.0,5007,45817.0,92.0
230852.0,5202,69076.0,92.0
128106.0,4511,48962.0,92.0
210146.0,4301,59008.0,92.0
102094.0,2601,54090.0,92.0
110422.0,0110,75466.0,92.0
154688.0,5138,78233.0,91.0
117140.0,4201,56925.0,91.0
180814.0,1101,80378.0,91.0
212133.0,1312,46736.0,91.0
155399.0,4227,53337.0,91.0
227881.0,5214,55522.0,91.0
123961.0,4511,70555.0,91.0
157386.0,0100,45255.0,91.0
129020.0,0301,57384.0,91.0
106397.0,4510,60441.0,91.0
181215.0,1312,41922.0,91.0
229179.0,4201,52686.0,91.0
100663.0,4407,47791.0,91.0
100858.0,1404,97759.0,91.0
155681.0,4201,51640.0,91.0
436836.0,0301,57384.0,91.0
167899.0,5100,76417.0,91.0
200800.0,0909,51824.0,91.0
217493.0,5007,40568.0,91.0
440828.0,4511,56865.0,91.0
126182.0,5201,51111.0,91.0
463056.0,0301,57384.0,91.0
436818.0,0301,57384.0,91.0
229115.0,5401,52969.0,91.0
179557.0,2601,45207.0,91.0
201441.0,5138,78798.0,91.0
227526.0,5100,50657.0,91.0
156620.0,1507,92289.0,91.0
127565.0,5214,64069.0,91.0
130253.0,5203,91777.0,91.0
199184.0,5005,48664.0,91.0
228529.0,4407,50275.0,91.0
198419.0,4405,103071.0,91.0
126562.0,1419,94320.0,91.0
110556.0,5115,51047.0,91.0
129242.0,0901,78081.0,91.0
221838.0,5199,48365.0,91.0
163268.0,5199,68823.0,91.0
199272.0,5202,56173.0,91.0
436827.0,0301,57384.0,91.0
217882.0,5004,66150.0,91.0
178411.0,1409,99620.0,91.0
241739.0,4407,28134.0,91.0
154095.0,5203,82641.0,91.0
204796.0,5206,96843.0,91.0
198215.0,5202,60718.0,91.0
166656.0,5120,72947.0,91.0
190594.0,4005,54699.0,91.0
139940.0,4407,52356.0,91.0
209542.0,4511,56865.0,91.0
236948.0,1312,59736.0,91.0
238476.0,5202,72468.0,91.0
134130.0,5401,54448.0,91.0
207500.0,4511,51277.0,91.0
147703.0,4510,54039.0,91.0
237011.0,2301,46571.0,91.0
186380.0,1407,100729.0,91.0
190646.0,5201,53503.0,91.0
209551.0,1609,57106.0,91.0
138354.0,5100,55704.0,91.0
141486.0,5138,108622.0,91.0
211440.0,3006,146929.0,91.0
233277.0,2601,51266.0,91.0
211291.0,4506,108422.0,91.0
145813.0,5401,52757.0,91.0
206835.0,5138,89006.0,91.0
137351.0,1410,102275.0,91.0
184782.0,1408,78834.0,91.0
142522.0,2601,52426.0,91.0
186201.0,5203,83004.0,91.0
233921.0,0402,75074.0,91.0
207351.0,5138,92450.0,91.0
184782.0,1419,90084.0,90.0
200332.0,0101,77296.0,90.0
190549.0,0502,56138.0,90.0
102094.0,1313,48602.0,90.0
174127.0,5004,39467.0,90.0
237011.0,1310,64780.0,90.0
220075.0,5203,57642.0,90.0
145637.0,2699,60352.0,90.0
185828.0,5202,75805.0,90.0
133669.0,1419,89583.0,90.0
139861.0,3105,55817.0,90.0
209612.0,5202,61696.0,90.0
234827.0,4501,58680.0,90.0
436818.0,0907,65892.0,90.0
241739.0,5109,28015.0,90.0
174783.0,5203,76080.0,90.0
102094.0,0901,46828.0,90.0
476717.0,3802,19093.0,90.0
167987.0,1101,96727.0,90.0
139861.0,4227,54441.0,90.0
110705.0,1107,149190.0,90.0
482705.0,5107,80233.0,90.0
151351.0,4510,69992.0,90.0
217165.0,5211,89409.0,90.0
144005.0,5202,53181.0,90.0
151351.0,1909,77520.0,90.0
173124.0,4301,58519.0,90.0
137847.0,5202,67521.0,90.0
180461.0,1107,111728.0,90.0
110714.0,3025,72125.0,90.0
129020.0,0907,65892.0,90.0
191649.0,4201,60448.0,90.0
123572.0,5138,143886.0,90.0
110529.0,2701,63059.0,90.0
110495.0,3105,57060.0,90.0
489779.0,3099,66445.0,90.0
436827.0,0907,65892.0,90.0
221847.0,1901,39565.0,90.0
212106.0,5203,86169.0,90.0
436836.0,0907,65892.0,90.0
222831.0,5202,54543.0,90.0
118888.0,5107,80233.0,90.0
234155.0,1313,48362.0,90.0
216597.0,5214,102222.0,90.0
231165.0,5202,51438.0,90.0
110662.0,1410,126209.0,90.0
167729.0,4407,60026.0,90.0
196015.0,4301,53778.0,90.0
230038.0,1407,101726.0,90.0
171146.0,5202,64086.0,90.0
126669.0,5210,69617.0,90.0
190664.0,4510,65213.0,90.0
189705.0,4227,51532.0,90.0
235316.0,5138,95155.0,90.0
232186.0,1410,103074.0,90.0
243197.0,1408,63091.0,90.0
169327.0,5202,81341.0,90.0
173920.0,5220,102090.0,90.0
157289.0,5208,75089.0,90.0
110608.0,4506,72890.0,90.0
463056.0,0907,65892.0,90.0
243221.0,2601,40152.0,90.0
235097.0,3000,56507.0,90.0
183044.0,4511,54785.0,90.0
229115.0,0109,55753.0,90.0
190576.0,5201,83561.0,90.0
213367.0,0901,61347.0,90.0
167358.0,5107,80233.0,90.0
110413.0,4201,59153.0,90.0
141574.0,5209,60157.0,90.0
141574.0,5214,58999.0,90.0
240444.0,5203,101390.0,90.0
199193.0,0101,68671.0,90.0
174020.0,0901,61355.0,90.0
152080.0,1407,113614.0,90.0
104151.0,5209,64315.0,90.0
104151.0,5220,103060.0,90.0
151111.0,5109,80783.0,90.0
143118.0,4201,55697.0,90.0
195544.0,4201,59679.0,90.0
145600.0,4510,60020.0,90.0
110592.0,4510,56063.0,90.0
189705.0,5208,70001.0,90.0
145619.0,5202,65665.0,90.0
242699.0,5138,26257.0,89.0
174066.0,4227,50098.0,89.0
216339.0,5401,52584.0,89.0
137847.0,0909,63368.0,89.0
233921.0,1402,106633.0,89.0
228787.0,0907,53828.0,89.0
239105.0,5202,81670.0,89.0
204796.0,4507,60363.0,89.0
228778.0,5007,47730.0,89.0
160612.0,4301,45393.0,89.0
262086.0,5202,83778.0,89.0
211583.0,4400,48375.0,89.0
234030.0,5401,53186.0,89.0
490805.0,4201,42322.0,89.0
155061.0,5202,61153.0,89.0
486840.0,2301,50587.0,89.0
148627.0,4201,47273.0,89.0
486840.0,4510,61971.0,89.0
126614.0,2613,53429.0,89.0
110635.0,5401,64755.0,89.0
243115.0,5138,38478.0,89.0
224226.0,3099,55690.0,89.0
239105.0,1101,98108.0,89.0
176965.0,4227,47390.0,89.0
224004.0,5202,70668.0,89.0
151801.0,2401,52784.0,89.0
190655.0,1508,73336.0,89.0
190655.0,5138,109738.0,89.0
242617.0,5138,37165.0,89.0
162584.0,4201,50210.0,89.0
192703.0,5208,100376.0,89.0
194310.0,5010,62064.0,89.0
441937.0,5007,45548.0,89.0
169910.0,5199,62718.0,89.0
196158.0,1313,53292.0,89.0
178396.0,0501,75230.0,89.0
243106.0,2601,31295.0,89.0
240189.0,5201,68873.0,89.0
488679.0,2401,52784.0,89.0
104717.0,5207,52783.0,89.0
110662.0,2602,73506.0,89.0
222831.0,5138,81432.0,89.0
131159.0,4506,85016.0,89.0
110680.0,1499,88159.0,89.0
196130.0,0901,51379.0,89.0
221847.0,4511,42830.0,89.0
196413.0,2601,68283.0,89.0
138354.0,3105,48645.0,89.0
204024.0,5202,95796.0,89.0
172644.0,1419,94869.0,89.0
195216.0,5201,82269.0,89.0
221847.0,1500,77658.0,89.0
199184.0,5006,41000.0,89.0
221847.0,1107,90521.0,89.0
240329.0,5123,58908.0,89.0
151324.0,1313,54610.0,89.0
228431.0,5009,52341.0,89.0
157951.0,0100,51065.0,89.0
180179.0,5201,58827.0,89.0
455257.0,3802,20640.0,89.0
204617.0,5202,63823.0,89.0
229115.0,1101,113062.0,89.0
204006.0,1500,89862.0,89.0
133951.0,4506,70022.0,89.0
151333.0,2401,49893.0,89.0
106397.0,2601,54497.0,89.0
114813.0,5210,74265.0,89.0
204015.0,1500,89862.0,89.0
234827.0,2601,56154.0,89.0
110705.0,0502,59004.0,89.0
171100.0,4407,57321.0,89.0
228459.0,4502,40706.0,89.0
207388.0,1905,61369.0,89.0
184773.0,4201,54745.0,89.0
106704.0,1101,75893.0,89.0
110705.0,4005,74713.0,89.0
221661.0,5138,83525.0,89.0
195809.0,1101,79960.0,89.0
204024.0,1500,89862.0,89.0
170976.0,1410,117610.0,89.0
215442.0,5005,40121.0,89.0
209807.0,4407,63456.0,89.0
377564.0,1301,65217.0,88.0
196130.0,1312,51209.0,88.0
202480.0,4201,54909.0,88.0
140447.0,1312,51513.0,88.0
196264.0,3001,71066.0,88.0
225627.0,5210,72061.0,88.0
169248.0,5212,95721.0,88.0
166638.0,4511,58394.0,88.0
141565.0,5138,111027.0,88.0
110592.0,1408,94760.0,88.0
166629.0,1407,97990.0,88.0
214777.0,2701,77336.0,88.0
141574.0,1312,55490.0,88.0
173920.0,3103,54532.0,88.0
187444.0,2401,54607.0,88.0
129941.0,5202,59107.0,88.0
179566.0,5212,80753.0,88.0
182281.0,2301,48773.0,88.0
218724.0,2601,51247.0,88.0
498571.0,2601,53619.0,88.0
155399.0,1101,107194.0,88.0
122409.0,5102,61510.0,88.0
154855.0,4301,74997.0,88.0
214591.0,2701,77336.0,88.0
126818.0,5007,41309.0,88.0
377555.0,1301,65217.0,88.0
137351.0,4502,44283.0,88.0
240453.0,1609,47574.0,88.0
214801.0,2701,77336.0,88.0
463056.0,1408,87883.0,88.0
133508.0,5138,89818.0,88.0
131113.0,4301,58493.0,88.0
179557.0,1901,41619.0,88.0
228796.0,0907,36373.0,88.0
202046.0,5004,47147.0,88.0
168421.0,1442,111103.0,88.0
214689.0,2701,77336.0,88.0
130943.0,5212,107062.0,88.0
133881.0,4228,55282.0,88.0
436827.0,1408,87883.0,88.0
129020.0,1408,87883.0,88.0
170082.0,2301,45237.0,88.0
186201.0,0901,56894.0,88.0
159656.0,5010,42089.0,88.0
159717.0,5138,85928.0,88.0
111188.0,4903,117176.0,88.0
105330.0,5203,81144.0,88.0
238032.0,0306,45348.0,88.0
240480.0,0306,42330.0,88.0
231624.0,4506,105467.0,88.0
199193.0,2301,48338.0,88.0
240444.0,2602,72988.0,88.0
219709.0,1002,44222.0,88.0
154095.0,0901,53506.0,88.0
164988.0,4510,66373.0,88.0
110714.0,1110,94589.0,88.0
227368.0,5214,45859.0,88.0
190558.0,4513,50716.0,88.0
126562.0,0402,62619.0,88.0
238032.0,0999,61411.0,88.0
188030.0,1101,94024.0,88.0
201964.0,3802,46350.0,88.0
229115.0,5209,57221.0,88.0
139366.0,4301,49956.0,88.0
154095.0,2401,51712.0,88.0
228723.0,3019,62289.0,88.0
227216.0,5210,60456.0,88.0
211981.0,0109,49225.0,88.0
436836.0,1408,87883.0,88.0
436818.0,1408,87883.0,88.0
236948.0,1301,65217.0,88.0
176080.0,1407,95968.0,88.0
206622.0,5208,81532.0,88.0
234076.0,5201,142113.0,88.0
196200.0,5202,57066.0,88.0
233921.0,0305,64204.0,88.0
174783.0,2601,62595.0,88.0
219602.0,1101,77125.0,88.0
217402.0,5203,103245.0,88.0
151351.0,2699,65901.0,88.0
219471.0,5203,71179.0,88.0
181394.0,2601,62982.0,88.0
178396.0,1904,74381.0,88.0
218441.0,5202,52707.0,88.0
203544.0,5138,83539.0,88.0
190549.0,5208,69489.0,88.0
180461.0,1408,82785.0,88.0
142115.0,2301,39059.0,88.0
129525.0,4201,49642.0,87.0
225502.0,4201,42359.0,87.0
154095.0,4504,54993.0,87.0
169248.0,1419,85196.0,87.0
152567.0,5202,57055.0,87.0
133553.0,4509,75520.0,87.0
220978.0,5208,66701.0,87.0
128106.0,5201,60401.0,87.0
235316.0,1419,93816.0,87.0
110565.0,4510,53966.0,87.0
107983.0,5201,47979.0,87.0
228875.0,0909,71186.0,87.0
220075.0,4407,43855.0,87.0
480198.0,1907,60180.0,87.0
219046.0,1312,44958.0,87.0
104586.0,4509,75520.0,87.0
110486.0,3105,53553.0,87.0
221838.0,1312,45886.0,87.0
215275.0,5401,53682.0,87.0
234076.0,5213,139095.0,87.0
144740.0,5202,74847.0,87.0
154022.0,5207,43140.0,87.0
165671.0,3099,57341.0,87.0
176965.0,1507,84738.0,87.0
213367.0,5203,83892.0,87.0
240453.0,4511,49486.0,87.0
153603.0,1313,52622.0,87.0
215284.0,5401,53682.0,87.0
221759.0,1407,91643.0,87.0
196121.0,4407,55602.0,87.0
144281.0,2313,39751.0,87.0
144281.0,0904,51639.0,87.0
198561.0,5202,61489.0,87.0
153603.0,2301,49626.0,87.0
150136.0,5005,43082.0,87.0
232423.0,4509,68798.0,87.0
157447.0,5214,67018.0,87.0
240277.0,1301,44331.0,87.0
180461.0,1407,87590.0,87.0
137096.0,5202,57645.0,87.0
155399.0,2609,65677.0,87.0
215293.0,5401,53682.0,87.0
184694.0,5203,87753.0,87.0
190567.0,4510,59540.0,87.0
145600.0,5004,59188.0,87.0
156125.0,5107,48446.0,87.0
156125.0,5214,52709.0,87.0
122597.0,2301,56297.0,87.0
110680.0,2613,52701.0,87.0
183044.0,5123,72625.0,87.0
230782.0,5203,85554.0,87.0
433660.0,2203,56695.0,87.0
159009.0,4301,44033.0,87.0
126614.0,3020,59796.0,87.0
232423.0,5107,77393.0,87.0
196413.0,5005,44045.0,87.0
146719.0,5203,97667.0,87.0
236939.0,5209,66874.0,87.0
204796.0,1435,106932.0,87.0
414878.0,5202,57055.0,87.0
179566.0,5209,53789.0,87.0
171571.0,2301,48101.0,87.0
186867.0,1409,124037.0,87.0
147703.0,2401,57697.0,87.0
190549.0,5006,44032.0,87.0
184603.0,5203,87753.0,87.0
170082.0,5007,39307.0,87.0
163268.0,1110,74808.0,87.0
190637.0,1104,73936.0,87.0
135726.0,4201,54290.0,87.0
157085.0,5122,59163.0,87.0
210304.0,1907,60180.0,87.0
193654.0,2401,62976.0,87.0
124292.0,2401,49898.0,86.0
180489.0,5202,57892.0,86.0
164632.0,5202,74912.0,86.0
216038.0,3103,44304.0,86.0
228802.0,3105,52101.0,86.0
151324.0,5201,57171.0,86.0
117140.0,1313,54898.0,86.0
114813.0,4407,61951.0,86.0
133881.0,4901,83243.0,86.0
240471.0,5205,61411.0,86.0
159647.0,1419,92457.0,86.0
146612.0,4201,52029.0,86.0
151351.0,4509,57806.0,86.0
180461.0,1312,45523.0,86.0
200004.0,5208,58076.0,86.0
168005.0,5202,71855.0,86.0
207500.0,2607,55682.0,86.0
170082.0,5206,73241.0,86.0
234030.0,5006,37958.0,86.0
171128.0,1409,93557.0,86.0
134130.0,0109,47724.0,86.0
166638.0,1312,56460.0,86.0
153658.0,1312,51338.0,86.0
220978.0,5007,44760.0,86.0
128744.0,2401,56700.0,86.0
217518.0,0402,65092.0,86.0
230782.0,0901,59969.0,86.0
166513.0,1432,100428.0,86.0
149772.0,2601,50855.0,86.0
202134.0,2601,53898.0,86.0
149772.0,0901,51203.0,86.0
221731.0,5202,61103.0,86.0
228459.0,5009,52320.0,86.0
228529.0,0901,50385.0,86.0
147660.0,3105,60018.0,86.0
232186.0,1408,93856.0,86.0
433660.0,5203,72207.0,86.0
212054.0,2601,72197.0,86.0
200332.0,5208,80522.0,86.0
134130.0,0402,67399.0,86.0
459949.0,4201,46362.0,86.0
243197.0,0109,37629.0,86.0
229027.0,0402,57778.0,86.0
195544.0,4301,60471.0,86.0
154004.0,5202,61940.0,86.0
217688.0,5202,69117.0,86.0
150668.0,5138,78185.0,86.0
212054.0,5111,95081.0,86.0
215929.0,5203,93677.0,86.0
179326.0,5138,78525.0,86.0
132903.0,1410,99442.0,86.0
201441.0,5208,76659.0,86.0
122409.0,5100,73095.0,86.0
168421.0,1407,100199.0,86.0
239105.0,1419,93764.0,86.0
206613.0,2301,41987.0,86.0
163286.0,2701,99689.0,86.0
223232.0,4510,61578.0,86.0
137032.0,1101,81025.0,86.0
240444.0,1435,110711.0,86.0
486840.0,4400,47540.0,86.0
224554.0,4301,46596.0,86.0
240189.0,1101,79799.0,86.0
219082.0,1110,78637.0,86.0
212832.0,5202,67288.0,86.0
206604.0,2301,41987.0,86.0
145637.0,1312,55105.0,86.0
110592.0,1410,96014.0,86.0
206604.0,5203,73024.0,86.0
218663.0,4506,77536.0,86.0
164076.0,2301,53164.0,86.0
211440.0,2705,156743.0,86.0
243780.0,1312,48502.0,86.0
126580.0,1419,91192.0,86.0
185262.0,5401,60236.0,86.0
194091.0,2601,80208.0,86.0
137078.0,1399,45220.0,86.0
234155.0,0901,40896.0,86.0
187444.0,5138,101328.0,86.0
110592.0,5123,57695.0,86.0
110565.0,0501,50739.0,86.0
209551.0,2301,47639.0,85.0
181002.0,5214,85891.0,85.0
162007.0,4201,54082.0,85.0
214157.0,5202,63844.0,85.0
153658.0,5109,68601.0,85.0
237792.0,5138,78764.0,85.0
106397.0,5122,67891.0,85.0
110608.0,1410,104065.0,85.0
166452.0,5004,45099.0,85.0
498562.0,5109,70181.0,85.0
204802.0,5102,57085.0,85.0
217420.0,1312,49069.0,85.0
196219.0,0901,46596.0,85.0
171100.0,1408,90650.0,85.0
204820.0,5102,57085.0,85.0
445267.0,4201,42219.0,85.0
433660.0,5138,86452.0,85.0
217484.0,1609,67384.0,85.0
185590.0,3105,58308.0,85.0
234979.0,5202,77260.0,85.0
196237.0,5202,59309.0,85.0
166124.0,4201,74095.0,85.0
122436.0,5214,83562.0,85.0
196042.0,2601,71533.0,85.0
426314.0,4706,87797.0,85.0
141574.0,5203,66651.0,85.0
215743.0,5109,115813.0,85.0
230038.0,5138,59080.0,85.0
122597.0,4509,65775.0,85.0
122597.0,5007,42868.0,85.0
204866.0,5102,57085.0,85.0
175272.0,5210,65501.0,85.0
171456.0,2601,43698.0,85.0
183062.0,4201,51904.0,85.0
221759.0,1907,49785.0,85.0
190512.0,5206,84280.0,85.0
204848.0,5102,57085.0,85.0
101879.0,5202,51912.0,85.0
206941.0,4511,48562.0,85.0
227881.0,0109,49636.0,85.0
228778.0,5120,143049.0,85.0
164988.0,1312,54766.0,85.0
234076.0,5401,71187.0,85.0
204839.0,5102,57085.0,85.0
148131.0,5138,78599.0,85.0
164748.0,1108,40186.0,85.0
147703.0,1410,93962.0,85.0
166638.0,4510,63131.0,85.0
154235.0,3105,67548.0,85.0
223232.0,4201,65090.0,85.0
228459.0,5109,79289.0,85.0
236939.0,4006,45002.0,85.0
199193.0,5004,61382.0,85.0
225511.0,0904,53195.0,85.0
185590.0,5007,43564.0,85.0
217484.0,5208,87196.0,85.0
136172.0,1419,85995.0,85.0
204857.0,5102,57085.0,85.0
155177.0,5138,78050.0,85.0
131496.0,4506,118999.0,85.0
217059.0,4301,60275.0,85.0
105330.0,3101,50501.0,85.0
174066.0,1402,92422.0,85.0
196176.0,4201,55378.0,85.0
217536.0,5202,70694.0,85.0
154518.0,4302,100060.0,85.0
227368.0,5401,50620.0,85.0
170976.0,2701,109146.0,85.0
134097.0,1313,57287.0,85.0
221847.0,5203,67411.0,85.0
176947.0,4201,42219.0,85.0
183044.0,3105,59280.0,85.0
199069.0,5138,93698.0,85.0
150136.0,1101,79620.0,85.0
173920.0,4407,56858.0,85.0
175272.0,4201,49361.0,85.0
147776.0,5208,64022.0,85.0
110644.0,4005,73365.0,85.0
231624.0,3099,70523.0,85.0
226152.0,3105,50261.0,85.0
176080.0,1506,79068.0,85.0
216038.0,5208,62805.0,85.0
133553.0,4706,87797.0,85.0
136215.0,2601,57249.0,85.0
183080.0,3105,55452.0,85.0
218964.0,1312,44487.0,85.0
196121.0,5203,68712.0,85.0
240462.0,2601,50540.0,85.0
149222.0,1101,69552.0,84.0
134079.0,5138,93335.0,84.0
228459.0,4507,60646.0,84.0
122409.0,4509,59733.0,84.0
122436.0,5203,109142.0,84.0
155317.0,1419,82934.0,84.0
134097.0,1407,90815.0,84.0
110486.0,0901,50989.0,84.0
460349.0,5203,73476.0,84.0
177746.0,5007,37718.0,84.0
146339.0,5202,63153.0,84.0
136215.0,5109,83250.0,84.0
110510.0,5004,42468.0,84.0
214175.0,5202,78360.0,84.0
164988.0,1409,135394.0,84.0
240268.0,2301,46075.0,84.0
186584.0,5203,102626.0,84.0
149231.0,1107,106082.0,84.0
178396.0,5203,95415.0,84.0
176372.0,5214,51714.0,84.0
155681.0,5214,60219.0,84.0
227216.0,5004,57753.0,84.0
145813.0,1101,98382.0,84.0
181446.0,5138,93116.0,84.0
213987.0,2902,86597.0,84.0
133711.0,0909,53353.0,84.0
136172.0,2601,55828.0,84.0
225627.0,2601,50389.0,84.0
198808.0,5138,87523.0,84.0
197197.0,5109,156982.0,84.0
143358.0,1419,95896.0,84.0
199120.0,1609,64570.0,84.0
177065.0,5208,64555.0,84.0
234030.0,2701,68457.0,84.0
225511.0,2301,49884.0,84.0
198695.0,0999,67085.0,84.0
199111.0,5202,56479.0,84.0
148593.0,5138,79694.0,84.0
138275.0,5202,55458.0,84.0
154022.0,5214,66307.0,84.0
110486.0,2601,58885.0,84.0
196121.0,0904,50073.0,84.0
144740.0,5212,94197.0,84.0
442569.0,4301,54793.0,84.0
227881.0,2601,53165.0,84.0
145637.0,0109,48026.0,84.0
232566.0,4301,56685.0,84.0
445708.0,5203,73476.0,84.0
230764.0,5208,100793.0,84.0
100858.0,1409,110927.0,84.0
218964.0,3105,49080.0,84.0
204796.0,5209,53039.0,84.0
170976.0,1409,142071.0,84.0
100858.0,4510,63178.0,84.0
230728.0,5208,84633.0,84.0
217235.0,5203,73476.0,84.0
168430.0,5115,63505.0,84.0
229814.0,5202,71979.0,84.0
200059.0,5202,67169.0,84.0
195809.0,5102,74937.0,84.0
237950.0,1402,94750.0,84.0
106467.0,4201,38611.0,84.0
173328.0,5138,93347.0,84.0
220075.0,5109,62853.0,84.0
139250.0,5201,56480.0,84.0
199999.0,5107,45182.0,84.0
169248.0,0301,48290.0,84.0
216694.0,5138,79037.0,84.0
218654.0,5202,56852.0,84.0
169910.0,2401,54837.0,84.0
102094.0,5109,69490.0,84.0
230038.0,2301,54290.0,84.0
218742.0,1101,67286.0,84.0
218663.0,5007,39517.0,84.0
190044.0,1407,93614.0,84.0
230737.0,2301,44206.0,84.0
174020.0,5210,70299.0,84.0
237011.0,4510,49640.0,84.0
100706.0,5202,62872.0,84.0
142276.0,1313,46205.0,84.0
498571.0,5109,60617.0,84.0
153603.0,4510,57752.0,84.0
200332.0,4201,54784.0,84.0
171456.0,4301,59390.0,84.0
217518.0,4201,57212.0,84.0
200800.0,3105,46992.0,84.0
217484.0,5102,60922.0,84.0
130794.0,4510,90764.0,84.0
200800.0,1313,44100.0,84.0
238032.0,1402,94750.0,84.0
201885.0,5210,61590.0,84.0
190567.0,5202,64414.0,84.0
172644.0,1909,46737.0,84.0
440828.0,5214,73205.0,83.0
216038.0,4201,47654.0,83.0
181464.0,2301,48785.0,83.0
216038.0,5202,56810.0,83.0
199193.0,4407,53209.0,83.0
185572.0,4201,57159.0,83.0
236577.0,5201,84493.0,83.0
110583.0,5131,68578.0,83.0
230038.0,4510,83209.0,83.0
228778.0,5102,67405.0,83.0
237792.0,5202,62588.0,83.0
212656.0,1401,75535.0,83.0
240444.0,3020,63452.0,83.0
234076.0,2301,55412.0,83.0
237950.0,1313,51403.0,83.0
229115.0,4511,51527.0,83.0
229179.0,4407,45761.0,83.0
110529.0,4510,61712.0,83.0
209542.0,5214,73205.0,83.0
104717.0,1101,85864.0,83.0
243133.0,1312,28845.0,83.0
445188.0,5122,56393.0,83.0
219383.0,5138,79077.0,83.0
243780.0,1506,88474.0,83.0
153001.0,1312,45573.0,83.0
141981.0,3099,69931.0,83.0
174075.0,5202,93969.0,83.0
144050.0,4405,94237.0,83.0
238032.0,1313,51403.0,83.0
228787.0,5100,65617.0,83.0
141574.0,5202,62119.0,83.0
105330.0,5212,76041.0,83.0
206941.0,5208,58334.0,83.0
166629.0,4510,60726.0,83.0
190655.0,0409,61664.0,83.0
228778.0,4407,59850.0,83.0
231174.0,4506,69416.0,83.0
139931.0,4301,52398.0,83.0
197197.0,5202,80927.0,83.0
209807.0,5007,40731.0,83.0
170976.0,5009,43777.0,83.0
178624.0,5214,57705.0,83.0
112075.0,5202,68635.0,83.0
159391.0,5102,55630.0,83.0
183822.0,5401,52160.0,83.0
134130.0,5213,109220.0,83.0
134130.0,5007,39332.0,83.0
233277.0,1107,87740.0,83.0
134130.0,1313,55284.0,83.0
179557.0,4301,47934.0,83.0
207388.0,1508,76400.0,83.0
134097.0,5102,67180.0,83.0
232706.0,5202,80196.0,83.0
130943.0,1313,56133.0,83.0
217518.0,5208,94919.0,83.0
190600.0,1110,96069.0,83.0
121309.0,5202,74495.0,83.0
190594.0,4510,62040.0,83.0
230737.0,1313,52194.0,83.0
178420.0,5213,89660.0,83.0
123961.0,0909,87946.0,83.0
148487.0,5203,65839.0,83.0
230171.0,4301,54536.0,83.0
196130.0,5209,48267.0,83.0
162584.0,2401,53934.0,83.0
145619.0,4201,53994.0,83.0
102368.0,1312,49195.0,83.0
139764.0,5138,80811.0,83.0
240444.0,1312,49640.0,83.0
240444.0,4407,54375.0,83.0
126580.0,2301,42627.0,83.0
110662.0,2604,72443.0,83.0
217882.0,1405,93705.0,83.0
218441.0,2401,39535.0,83.0
192703.0,5214,78423.0,83.0
126562.0,4301,61192.0,83.0
217156.0,5207,125955.0,83.0
232557.0,5006,43025.0,83.0
230852.0,5004,54561.0,83.0
206084.0,1409,93816.0,83.0
192819.0,1107,111893.0,83.0
236948.0,4502,53212.0,83.0
243443.0,0907,23283.0,83.0
218663.0,5401,45595.0,83.0
149772.0,3103,46363.0,83.0
142285.0,1419,86415.0,83.0
153658.0,1405,86894.0,83.0
482158.0,4901,93627.0,83.0
232186.0,2301,56071.0,83.0
232186.0,1313,59979.0,83.0
208822.0,1401,91427.0,83.0
215293.0,5102,63436.0,83.0
220613.0,4201,46719.0,83.0
240444.0,5215,120483.0,83.0
181464.0,5209,53777.0,83.0
185590.0,1313,65007.0,83.0
110422.0,1405,109232.0,83.0
235097.0,0901,50969.0,83.0
243346.0,1205,32489.0,83.0
127565.0,5208,77596.0,83.0
110422.0,4201,60466.0,83.0
216010.0,2601,62124.0,83.0
185590.0,5401,52160.0,83.0
206695.0,1312,38535.0,83.0
199193.0,1313,57022.0,83.0
174914.0,1419,91683.0,83.0
185590.0,5138,109167.0,82.0
117627.0,4301,53902.0,82.0
440828.0,1902,56800.0,82.0
201441.0,4407,51267.0,82.0
220862.0,0901,42605.0,82.0
195030.0,1107,155464.0,82.0
156620.0,1312,38951.0,82.0
198464.0,5212,79238.0,82.0
175272.0,2601,57528.0,82.0
171128.0,1107,105428.0,82.0
228981.0,5202,68991.0,82.0
217819.0,4510,58955.0,82.0
232043.0,5138,81610.0,82.0
234076.0,4510,78310.0,82.0
239105.0,1405,95728.0,82.0
171137.0,5214,73340.0,82.0
190415.0,1407,116165.0,82.0
100724.0,0901,38566.0,82.0
152637.0,4301,53461.0,82.0
442356.0,2601,82769.0,82.0
110422.0,2401,68171.0,82.0
122597.0,5211,75824.0,82.0
233277.0,0904,45369.0,82.0
104179.0,1609,48487.0,82.0
153603.0,0102,78890.0,82.0
104179.0,0301,51871.0,82.0
110574.0,5007,46136.0,82.0
213367.0,5214,68227.0,82.0
156541.0,5201,59760.0,82.0
228778.0,4005,72025.0,82.0
227881.0,5107,55155.0,82.0
131283.0,5138,96949.0,82.0
195720.0,5203,72171.0,82.0
102094.0,1419,89052.0,82.0
166692.0,5211,89094.0,82.0
230728.0,1408,85815.0,82.0
110714.0,5401,60519.0,82.0
209807.0,5006,41639.0,82.0
172699.0,5005,44694.0,82.0
170082.0,0301,49113.0,82.0
146719.0,0301,57790.0,82.0
170976.0,2602,67925.0,82.0
110714.0,1409,124641.0,82.0
139931.0,1907,45505.0,82.0
180489.0,4201,46192.0,82.0
148405.0,5138,70537.0,82.0
147828.0,1401,82632.0,82.0
227216.0,5123,45354.0,82.0
209807.0,0301,58961.0,82.0
173920.0,5115,57266.0,82.0
196088.0,4511,54382.0,82.0
242617.0,2601,32559.0,82.0
182281.0,5006,42317.0,82.0
190664.0,1312,67221.0,82.0
232982.0,5007,46308.0,82.0
197045.0,4301,69898.0,82.0
162584.0,4301,56668.0,82.0
139931.0,5004,53396.0,82.0
110617.0,5007,41969.0,82.0
183822.0,5138,109167.0,82.0
189088.0,2399,50402.0,82.0
102234.0,5202,69108.0,82.0
201867.0,1203,52985.0,82.0
145637.0,0110,66226.0,82.0
215770.0,2601,82769.0,82.0
178244.0,1312,36820.0,82.0
234030.0,0301,50217.0,82.0
157447.0,5201,67174.0,82.0
218061.0,2601,51447.0,82.0
142115.0,5004,42527.0,82.0
134097.0,5401,56834.0,82.0
237066.0,5202,75038.0,82.0
231712.0,4510,65241.0,82.0
174233.0,1408,79485.0,82.0
172051.0,4301,59042.0,82.0
154095.0,1506,87580.0,82.0
157447.0,0904,44834.0,82.0
157447.0,4301,55835.0,82.0
187985.0,4510,52569.0,82.0
475200.0,5202,75038.0,82.0
190600.0,2301,56768.0,82.0
221838.0,0901,43121.0,82.0
229027.0,5401,52655.0,82.0
209542.0,1902,56800.0,82.0
122409.0,1609,49167.0,82.0
217420.0,5214,57119.0,82.0
191649.0,5208,89518.0,82.0
203368.0,0901,62270.0,82.0
100663.0,5214,56591.0,82.0
104717.0,4510,56495.0,82.0
176372.0,1907,33936.0,81.0
436818.0,5401,56937.0,81.0
110635.0,0402,76679.0,81.0
169248.0,5123,49639.0,81.0
214591.0,0301,60193.0,81.0
474863.0,5202,82437.0,81.0
162584.0,0901,48762.0,81.0
463056.0,5401,56937.0,81.0
171100.0,0301,60728.0,81.0
190664.0,5004,44835.0,81.0
110413.0,0901,61653.0,81.0
196079.0,1107,126183.0,81.0
218724.0,5208,70181.0,81.0
194824.0,1402,94750.0,81.0
198464.0,2609,61791.0,81.0
196079.0,1435,95354.0,81.0
436818.0,5214,89208.0,81.0
228723.0,0907,61478.0,81.0
110510.0,5401,44655.0,81.0
217864.0,1408,81055.0,81.0
463056.0,5214,89208.0,81.0
212601.0,5138,80846.0,81.0
204194.0,5202,63714.0,81.0
162928.0,5122,79113.0,81.0
199193.0,3103,52233.0,81.0
436836.0,5401,56937.0,81.0
436836.0,5214,89208.0,81.0
137032.0,4407,44711.0,81.0
152080.0,5203,115909.0,81.0
196097.0,4407,59449.0,81.0
204839.0,1101,60767.0,81.0
204848.0,1101,60767.0,81.0
128106.0,4407,58449.0,81.0
230737.0,4302,83807.0,81.0
164924.0,5203,126461.0,81.0
220978.0,2301,47105.0,81.0
240189.0,2301,46409.0,81.0
139764.0,5203,63928.0,81.0
235097.0,1419,85495.0,81.0
184782.0,5009,47208.0,81.0
184782.0,5007,47176.0,81.0
240268.0,5102,57862.0,81.0
202134.0,5210,65203.0,81.0
193900.0,5299,87656.0,81.0
227368.0,2701,60645.0,81.0
183239.0,5201,84734.0,81.0
170675.0,1419,100145.0,81.0
206084.0,3105,68866.0,81.0
175342.0,2601,40379.0,81.0
214777.0,0301,60193.0,81.0
106397.0,1909,63394.0,81.0
193654.0,5009,32930.0,81.0
262129.0,2401,39137.0,81.0
180461.0,2601,50711.0,81.0
436827.0,5401,56937.0,81.0
436827.0,5214,89208.0,81.0
204820.0,1101,60767.0,81.0
194666.0,3802,23329.0,81.0
207388.0,5102,56543.0,81.0
181464.0,4510,63466.0,81.0
173300.0,5202,63910.0,81.0
145637.0,3101,61313.0,81.0
133951.0,1405,88656.0,81.0
168227.0,1408,93402.0,81.0
154095.0,3101,48506.0,81.0
131520.0,4510,65733.0,81.0
106397.0,4301,49690.0,81.0
231651.0,4201,41007.0,81.0
214777.0,1504,81835.0,81.0
217484.0,4599,66738.0,81.0
212115.0,2601,63320.0,81.0
200253.0,5202,60988.0,81.0
214759.0,1504,81835.0,81.0
182281.0,1419,97901.0,81.0
191126.0,1909,71139.0,81.0
240727.0,5213,66744.0,81.0
235097.0,2609,60556.0,81.0
214625.0,1504,81835.0,81.0
151111.0,5202,72282.0,81.0
199120.0,4005,64981.0,81.0
110583.0,5209,57927.0,81.0
223232.0,5102,63909.0,81.0
122612.0,5214,91815.0,81.0
214148.0,5004,38831.0,81.0
196103.0,0301,49489.0,81.0
147013.0,5138,79916.0,81.0
206941.0,5203,73074.0,81.0
171137.0,5203,78969.0,81.0
183026.0,5213,94942.0,81.0
193900.0,1419,91821.0,81.0
204866.0,1101,60767.0,81.0
151111.0,0901,51397.0,81.0
242705.0,4304,31130.0,81.0
483124.0,1515,102320.0,81.0
190637.0,0901,50265.0,81.0
181604.0,5138,73801.0,81.0
228431.0,1101,75271.0,81.0
117946.0,5006,61500.0,81.0
190415.0,1437,151709.0,81.0
214689.0,0301,60193.0,81.0
131469.0,5208,126638.0,81.0
193353.0,5202,66930.0,81.0
168430.0,2601,68459.0,81.0
214704.0,1504,81835.0,81.0
204802.0,1101,60767.0,81.0
204796.0,2607,45501.0,81.0
214689.0,1504,81835.0,81.0
134130.0,1312,53079.0,81.0
214829.0,1504,81835.0,81.0
204857.0,1101,60767.0,81.0
229115.0,1407,99747.0,81.0
199102.0,4407,47072.0,81.0
122597.0,2609,68440.0,81.0
129020.0,5401,56937.0,81.0
129020.0,5214,89208.0,81.0
134130.0,2605,64285.0,81.0
235097.0,1108,46104.0,81.0
169248.0,4407,53279.0,81.0
110583.0,5005,38270.0,81.0
498562.0,5111,73383.0,81.0
225502.0,5201,56397.0,81.0
484473.0,2605,64285.0,81.0
433660.0,5122,58119.0,81.0
104151.0,1515,102320.0,81.0
110583.0,3101,53933.0,81.0
130934.0,5202,59689.0,80.0
196121.0,1101,80807.0,80.0
142115.0,4510,55478.0,80.0
206084.0,5107,54335.0,80.0
240727.0,1313,55338.0,80.0
156125.0,4407,49670.0,80.0
203517.0,5209,56143.0,80.0
122597.0,2313,59032.0,80.0
377564.0,4407,59256.0,80.0
194091.0,1410,99480.0,80.0
110653.0,4502,50850.0,80.0
174783.0,4201,52031.0,80.0
203447.0,5209,56143.0,80.0
196194.0,0909,58675.0,80.0
238032.0,5201,65372.0,80.0
221759.0,1107,106312.0,80.0
174783.0,1110,80331.0,80.0
156125.0,5208,64060.0,80.0
224545.0,5202,45585.0,80.0
196194.0,5208,72784.0,80.0
104179.0,4506,83267.0,80.0
236948.0,5100,61062.0,80.0
164924.0,2301,70141.0,80.0
199218.0,2613,39812.0,80.0
183257.0,5401,54841.0,80.0
165015.0,5201,108405.0,80.0
151379.0,1312,46073.0,80.0
187967.0,1419,98213.0,80.0
240268.0,4407,52461.0,80.0
233921.0,1407,106011.0,80.0
169248.0,4511,48389.0,80.0
224004.0,5138,79891.0,80.0
206084.0,1508,83465.0,80.0
213358.0,5213,53064.0,80.0
150136.0,5102,61677.0,80.0
185590.0,5001,41156.0,80.0
185262.0,5138,96821.0,80.0
104717.0,5006,43469.0,80.0
146719.0,4301,58145.0,80.0
236948.0,4407,59256.0,80.0
238032.0,2601,57486.0,80.0
153603.0,5131,54391.0,80.0
237950.0,5201,65372.0,80.0
160038.0,5109,66559.0,80.0
157447.0,5208,68409.0,80.0
216357.0,5202,56140.0,80.0
232982.0,1408,82703.0,80.0
197869.0,5122,49039.0,80.0
200004.0,1500,78801.0,80.0
195003.0,2601,68862.0,80.0
181215.0,3101,54563.0,80.0
240268.0,1310,47877.0,80.0
155317.0,4407,55582.0,80.0
106397.0,1312,51474.0,80.0
145637.0,1402,97276.0,80.0
176080.0,5208,70367.0,80.0
157951.0,0904,47661.0,80.0
139931.0,4504,53766.0,80.0
181394.0,5007,44386.0,80.0
138716.0,2401,43777.0,80.0
183822.0,5001,41156.0,80.0
199218.0,4407,47587.0,80.0
143084.0,5203,91143.0,80.0
183062.0,0901,63995.0,80.0
110635.0,1408,108548.0,80.0
483036.0,5202,55689.0,80.0
183044.0,5401,54841.0,80.0
228459.0,1609,54541.0,80.0
227881.0,2301,48761.0,80.0
149222.0,0907,42113.0,80.0
176017.0,0907,69082.0,80.0
228875.0,4510,75419.0,80.0
127565.0,2313,58918.0,80.0
181464.0,1101,116221.0,80.0
190567.0,4511,55683.0,80.0
483124.0,5100,64696.0,80.0
174358.0,1313,49685.0,80.0
110565.0,5005,42455.0,80.0
196413.0,5122,69776.0,80.0
172051.0,5202,65594.0,80.0
149222.0,0305,50394.0,80.0
130943.0,0301,59620.0,80.0
191649.0,0909,66780.0,80.0
237950.0,2601,57486.0,80.0
230764.0,4511,50087.0,80.0
183026.0,5208,81489.0,80.0
201645.0,1419,94197.0,80.0
183044.0,4504,59549.0,80.0
196097.0,2602,60648.0,80.0
104151.0,5100,64696.0,80.0
172644.0,2301,42585.0,80.0
190549.0,0901,57024.0,80.0
209551.0,2601,51459.0,80.0
127565.0,5107,62250.0,80.0
195474.0,5208,88623.0,80.0
111948.0,5005,51611.0,80.0
170976.0,5006,57059.0,80.0
142285.0,5214,59776.0,79.0
240338.0,5202,61704.0,79.0
436818.0,5202,78542.0,79.0
146755.0,5138,82804.0,79.0
193016.0,5203,72587.0,79.0
147767.0,4201,73646.0,79.0
159391.0,1410,97208.0,79.0
235316.0,4201,61533.0,79.0
200280.0,5214,64912.0,79.0
228529.0,1101,76980.0,79.0
228042.0,5138,92978.0,79.0
195720.0,5208,70455.0,79.0
153658.0,2399,40434.0,79.0
166124.0,4510,88088.0,79.0
128744.0,4201,55958.0,79.0
172644.0,5007,39271.0,79.0
228723.0,0402,64643.0,79.0
160038.0,4301,44267.0,79.0
492801.0,5202,52286.0,79.0
243212.0,4299,23999.0,79.0
229027.0,5212,90049.0,79.0
147776.0,2601,53567.0,79.0
159382.0,2401,47171.0,79.0
111948.0,5205,76412.0,79.0
209807.0,4510,59185.0,79.0
139931.0,3101,42573.0,79.0
130776.0,4201,50410.0,79.0
122409.0,4501,52095.0,79.0
175272.0,5203,72768.0,79.0
153658.0,2301,51679.0,79.0
172644.0,2401,66426.0,79.0
201104.0,1312,42544.0,79.0
204796.0,5122,70369.0,79.0
179557.0,0909,58082.0,79.0
207342.0,5109,72320.0,79.0
166638.0,4506,70552.0,79.0
463056.0,5202,78542.0,79.0
147369.0,3903,40561.0,79.0
131876.0,4227,54934.0,79.0
483124.0,2313,61676.0,79.0
110635.0,0501,70366.0,79.0
155399.0,0111,58603.0,79.0
187134.0,1310,66767.0,79.0
442356.0,5199,85690.0,79.0
154022.0,0901,61909.0,79.0
141334.0,5203,70405.0,79.0
176017.0,5208,80488.0,79.0
215770.0,5199,85690.0,79.0
199209.0,5203,53327.0,79.0
164216.0,5201,74880.0,79.0
236452.0,5202,67805.0,79.0
105330.0,4511,44082.0,79.0
129020.0,5202,78542.0,79.0
204857.0,1905,55659.0,79.0
151801.0,5212,73742.0,79.0
191968.0,5005,46563.0,79.0
215062.0,3801,107454.0,79.0
215062.0,4506,129985.0,79.0
218663.0,1408,84148.0,79.0
154493.0,1312,45945.0,79.0
168263.0,5138,93248.0,79.0
436836.0,5202,78542.0,79.0
177968.0,4201,46138.0,79.0
174066.0,5107,72862.0,79.0
169442.0,1003,34003.0,79.0
104151.0,2313,61676.0,79.0
177214.0,5202,52286.0,79.0
148654.0,4201,47802.0,79.0
155317.0,1312,50434.0,79.0
153603.0,0402,69310.0,79.0
436827.0,5202,78542.0,79.0
110565.0,1410,92618.0,79.0
104151.0,0909,59864.0,79.0
110556.0,5401,51676.0,79.0
231174.0,4510,63279.0,79.0
218724.0,5203,63239.0,79.0
152318.0,1409,109164.0,79.0
169248.0,5219,57513.0,79.0
137096.0,5138,89675.0,79.0
183026.0,5219,51355.0,79.0
209551.0,3020,52842.0,79.0
237792.0,1312,48992.0,79.0
175856.0,4301,46799.0,79.0
239105.0,4504,59083.0,79.0
133669.0,4506,74056.0,79.0
230038.0,3101,63080.0,79.0
110662.0,2705,109017.0,79.0
234155.0,5202,49764.0,79.0
165015.0,4506,95872.0,79.0
216010.0,5212,73570.0,79.0
488679.0,5212,73742.0,79.0
219639.0,5109,61506.0,79.0
160755.0,5199,71325.0,79.0
139366.0,0901,48499.0,79.0
483036.0,2401,50375.0,79.0
215266.0,2703,95719.0,79.0
168005.0,0909,66709.0,79.0
206941.0,4304,54876.0,79.0
232186.0,4407,55715.0,79.0
137847.0,5203,84875.0,79.0
229115.0,1425,139864.0,79.0
215293.0,2703,95719.0,79.0
186867.0,1407,98782.0,79.0
212106.0,5208,83781.0,79.0
215275.0,2703,95719.0,79.0
178402.0,4201,47928.0,79.0
207500.0,5109,72320.0,79.0
169910.0,5220,90504.0,79.0
101480.0,5202,56874.0,79.0
136172.0,5007,43804.0,79.0
128771.0,2301,55295.0,79.0
216852.0,1419,88358.0,79.0
222831.0,4201,45910.0,79.0
176053.0,3105,48861.0,79.0
220862.0,2301,41383.0,79.0
207500.0,5212,91291.0,78.0
219082.0,1101,85696.0,78.0
483124.0,5122,64275.0,78.0
142276.0,2401,43444.0,78.0
234827.0,1312,59659.0,78.0
130943.0,5131,63799.0,78.0
171571.0,4301,60027.0,78.0
185572.0,4407,59147.0,78.0
127565.0,4407,55915.0,78.0
104179.0,1306,48168.0,78.0
181604.0,5123,64401.0,78.0
209551.0,3001,58319.0,78.0
117946.0,5208,109303.0,78.0
171571.0,5201,68496.0,78.0
190415.0,0100,67954.0,78.0
228705.0,3105,56170.0,78.0
474863.0,2401,57173.0,78.0
223232.0,0904,63622.0,78.0
127565.0,1107,111187.0,78.0
179557.0,4201,44580.0,78.0
144281.0,5214,65686.0,78.0
219471.0,5202,64890.0,78.0
213020.0,1101,77097.0,78.0
122597.0,0904,57260.0,78.0
144740.0,1101,84554.0,78.0
142328.0,5202,57599.0,78.0
193900.0,2301,66306.0,78.0
204015.0,5207,67193.0,78.0
110538.0,1408,92472.0,78.0
228802.0,4201,43908.0,78.0
204024.0,5207,67193.0,78.0
164076.0,1310,56971.0,78.0
168430.0,0901,50511.0,78.0
190415.0,1410,147241.0,78.0
165024.0,4511,54224.0,78.0
110556.0,1419,88002.0,78.0
147369.0,3906,38907.0,78.0
143118.0,5203,74820.0,78.0
209825.0,1419,93119.0,78.0
110422.0,1435,112797.0,78.0
204796.0,1609,58235.0,78.0
203517.0,1101,76515.0,78.0
147767.0,4510,73231.0,78.0
102094.0,4201,43384.0,78.0
190558.0,4506,70747.0,78.0
240471.0,2601,60875.0,78.0
243780.0,5004,58917.0,78.0
159647.0,1312,52150.0,78.0
482149.0,4201,41544.0,78.0
187046.0,3001,90507.0,78.0
237367.0,4301,49055.0,78.0
153603.0,1403,88576.0,78.0
196149.0,5102,62122.0,78.0
136774.0,1003,75213.0,78.0
110662.0,5005,39023.0,78.0
229027.0,4510,53674.0,78.0
104151.0,5122,64275.0,78.0
151333.0,5201,60496.0,78.0
172699.0,4201,50655.0,78.0
221731.0,5138,71084.0,78.0
227216.0,3103,54621.0,78.0
167987.0,2601,60170.0,78.0
136172.0,5131,54952.0,78.0
145637.0,5004,65186.0,78.0
126580.0,4507,48892.0,78.0
196158.0,4407,53223.0,78.0
123961.0,1419,104649.0,78.0
240444.0,5102,61737.0,78.0
160959.0,3000,31138.0,78.0
482149.0,3105,48836.0,78.0
184782.0,4511,46130.0,78.0
167288.0,2301,39955.0,78.0
243780.0,1907,49649.0,78.0
237011.0,3099,43919.0,78.0
207263.0,5138,96702.0,78.0
228723.0,1506,89629.0,78.0
482680.0,1101,90765.0,78.0
149772.0,4407,54063.0,78.0
243221.0,5210,34844.0,78.0
204006.0,5207,67193.0,78.0
234030.0,3001,61395.0,78.0
163268.0,0901,60957.0,78.0
110671.0,2602,59549.0,78.0
159391.0,5007,43364.0,78.0
171100.0,5210,85886.0,78.0
171100.0,1410,100481.0,78.0
201441.0,5100,54424.0,78.0
110671.0,1410,102630.0,78.0
145336.0,4201,47048.0,78.0
240453.0,1408,77958.0,78.0
135726.0,5214,85935.0,78.0
129941.0,4399,69932.0,78.0
234030.0,5007,43690.0,78.0
159382.0,5202,49772.0,78.0
201441.0,1409,93626.0,77.0
179566.0,1107,93094.0,77.0
110529.0,0402,76969.0,77.0
236948.0,4008,75867.0,77.0
240268.0,1609,54074.0,77.0
217882.0,1410,96446.0,77.0
199148.0,1107,86372.0,77.0
139959.0,5206,84675.0,77.0
143358.0,5202,73110.0,77.0
145813.0,5131,54604.0,77.0
110671.0,2313,35583.0,77.0
377564.0,5401,61059.0,77.0
200004.0,5109,65010.0,77.0
167987.0,5208,64107.0,77.0
208822.0,5138,93740.0,77.0
139940.0,4005,53430.0,77.0
226091.0,5202,66279.0,77.0
217484.0,2301,54524.0,77.0
110361.0,4301,65603.0,77.0
218964.0,4201,43365.0,77.0
163453.0,0904,50700.0,77.0
200332.0,1107,87562.0,77.0
225511.0,1108,51596.0,77.0
174066.0,0101,69498.0,77.0
209551.0,5006,50499.0,77.0
219347.0,1408,80613.0,77.0
236948.0,5401,61059.0,77.0
498562.0,2301,46990.0,77.0
201885.0,1104,93694.0,77.0
219356.0,1907,46487.0,77.0
119605.0,1110,94203.0,77.0
171100.0,0306,49948.0,77.0
206695.0,1419,80158.0,77.0
224147.0,5100,51909.0,77.0
216366.0,5219,57815.0,77.0
162283.0,5138,102720.0,77.0
174020.0,1104,81539.0,77.0
487524.0,1002,48777.0,77.0
139940.0,5209,59089.0,77.0
171146.0,5107,56867.0,77.0
221759.0,1408,80958.0,77.0
105330.0,3000,49080.0,77.0
203517.0,1105,79317.0,77.0
176372.0,2601,45471.0,77.0
214777.0,1404,94483.0,77.0
207500.0,1425,123416.0,77.0
186584.0,4509,71949.0,77.0
235097.0,5208,66710.0,77.0
240453.0,3020,54462.0,77.0
151351.0,5009,28727.0,77.0
196246.0,1312,55996.0,77.0
186201.0,4407,58371.0,77.0
214041.0,1506,76831.0,77.0
133492.0,0301,39932.0,77.0
214041.0,4511,54329.0,77.0
130226.0,0909,73547.0,77.0
377555.0,4008,75867.0,77.0
196015.0,5107,59700.0,77.0
152318.0,1407,98341.0,77.0
213349.0,4407,47221.0,77.0
126711.0,5202,64949.0,77.0
240727.0,4301,57016.0,77.0
130776.0,4407,56058.0,77.0
129525.0,5009,43700.0,77.0
229115.0,0101,69689.0,77.0
155399.0,4511,51237.0,77.0
196079.0,5401,65984.0,77.0
212054.0,5202,84040.0,77.0
204796.0,1402,92999.0,77.0
243780.0,5214,84725.0,77.0
130934.0,5138,94568.0,77.0
366711.0,5203,86318.0,77.0
240444.0,2607,50080.0,77.0
230764.0,2301,47005.0,77.0
230728.0,3099,58711.0,77.0
232256.0,5206,87835.0,77.0
476975.0,4501,53311.0,76.0
119173.0,4511,59575.0,76.0
151111.0,1199,75498.0,76.0
489779.0,5115,42305.0,76.0
230764.0,1407,98215.0,76.0
217819.0,5208,84187.0,76.0
196219.0,5010,51954.0,76.0
182290.0,4510,55483.0,76.0
175272.0,5214,70203.0,76.0
163453.0,1313,55716.0,76.0
174020.0,4407,60755.0,76.0
141334.0,5208,72717.0,76.0
239105.0,5203,99086.0,76.0
203474.0,5005,36429.0,76.0
136172.0,3105,51606.0,76.0
131159.0,0904,66635.0,76.0
206941.0,4301,51332.0,76.0
145637.0,5102,65605.0,76.0
149222.0,1312,48127.0,76.0
167996.0,4201,63957.0,76.0
238032.0,0109,52548.0,76.0
190558.0,1107,89093.0,76.0
178420.0,2601,55358.0,76.0
131520.0,2601,60923.0,76.0
155681.0,5138,70657.0,76.0
175856.0,5107,45308.0,76.0
233921.0,1601,68263.0,76.0
157447.0,5109,61173.0,76.0
110556.0,0109,53579.0,76.0
145725.0,1419,87789.0,76.0
163851.0,1104,81116.0,76.0
127741.0,5005,46089.0,76.0
193654.0,5006,48557.0,76.0
198136.0,5120,79566.0,76.0
134130.0,1402,94375.0,76.0
194310.0,5006,52368.0,76.0
199193.0,3015,67468.0,76.0
169798.0,1312,50007.0,76.0
183822.0,4510,60984.0,76.0
219356.0,1313,50076.0,76.0
106397.0,5102,62592.0,76.0
226152.0,5203,50614.0,76.0
228723.0,1110,85477.0,76.0
180984.0,1312,45047.0,76.0
227881.0,1510,93904.0,76.0
196088.0,0402,61525.0,76.0
192323.0,5208,82414.0,76.0
203492.0,5109,67676.0,76.0
229063.0,5202,53203.0,76.0
149772.0,4201,44683.0,76.0
237011.0,5203,82246.0,76.0
225627.0,1312,53576.0,76.0
180814.0,5212,82946.0,76.0
169080.0,5202,73155.0,76.0
192448.0,4201,51029.0,76.0
215655.0,5214,64349.0,76.0
185590.0,4510,60984.0,76.0
167288.0,5202,53753.0,76.0
133650.0,5107,44477.0,76.0
236133.0,3906,52385.0,76.0
100724.0,4301,45173.0,76.0
139658.0,4506,111631.0,76.0
182290.0,2401,52501.0,76.0
202806.0,5208,73574.0,76.0
110583.0,4502,47166.0,76.0
163286.0,0402,68527.0,76.0
186399.0,5109,87399.0,76.0
199139.0,1609,50218.0,76.0
142522.0,2301,36173.0,76.0
185590.0,5009,50418.0,76.0
152099.0,5202,58663.0,76.0
230038.0,5214,112596.0,76.0
159647.0,5202,60949.0,76.0
176080.0,4006,62082.0,76.0
190691.0,5100,60346.0,76.0
166629.0,2701,83338.0,76.0
184782.0,5100,55839.0,76.0
101480.0,4301,46156.0,76.0
178721.0,5212,85162.0,76.0
196088.0,4006,59841.0,76.0
217882.0,1312,49861.0,76.0
237525.0,4301,49559.0,76.0
159391.0,5213,80498.0,76.0
223232.0,5219,67066.0,76.0
174233.0,4504,59754.0,76.0
134097.0,5005,44115.0,76.0
110538.0,2609,61230.0,76.0
213996.0,1401,84927.0,76.0
203447.0,5109,67676.0,76.0
221847.0,0100,52085.0,76.0
157401.0,5201,51818.0,76.0
104717.0,5401,54209.0,76.0
110538.0,4510,61293.0,76.0
180461.0,4201,53623.0,76.0
487603.0,3906,52385.0,76.0
157289.0,4407,54437.0,76.0
144740.0,4511,52791.0,76.0
193654.0,5010,74936.0,76.0
216931.0,1419,79326.0,76.0
230728.0,4511,49861.0,76.0
200800.0,1408,82547.0,76.0
196097.0,3099,61888.0,76.0
223232.0,1313,57434.0,76.0
217402.0,5202,85119.0,76.0
110495.0,1107,71601.0,76.0
186201.0,2601,68904.0,76.0
203368.0,3105,65098.0,76.0
157386.0,5203,50125.0,76.0
110538.0,0904,63358.0,76.0
165529.0,4201,50496.0,76.0
203517.0,5109,67676.0,76.0
237011.0,5007,35161.0,76.0
229179.0,5106,66034.0,76.0
221768.0,5138,77092.0,76.0
203517.0,5005,36429.0,76.0
186380.0,5109,87399.0,76.0
179566.0,0909,60390.0,76.0
240480.0,0303,52424.0,75.0
207500.0,1107,110853.0,75.0
178624.0,4201,42827.0,75.0
138716.0,4301,49310.0,75.0
203517.0,0907,41900.0,75.0
236328.0,2701,75462.0,75.0
206604.0,2601,62925.0,75.0
110608.0,1408,97123.0,75.0
141264.0,1312,46155.0,75.0
179566.0,5102,50774.0,75.0
178387.0,3105,45251.0,75.0
228246.0,5208,133852.0,75.0
366252.0,5202,61444.0,75.0
110592.0,2301,52259.0,75.0
154493.0,4504,56767.0,75.0
199281.0,4407,52344.0,75.0
176080.0,4504,48805.0,75.0
377564.0,4506,87239.0,75.0
236939.0,2301,50745.0,75.0
152567.0,3105,58816.0,75.0
178721.0,1109,83579.0,75.0
217484.0,1909,64328.0,75.0
207388.0,4901,75469.0,75.0
104151.0,5001,48589.0,75.0
236948.0,5007,53805.0,75.0
199148.0,4510,51657.0,75.0
203368.0,5202,78272.0,75.0
172334.0,5138,91869.0,75.0
220862.0,5212,73323.0,75.0
243601.0,1101,35586.0,75.0
122409.0,1402,100139.0,75.0
181446.0,5201,70281.0,75.0
149222.0,5213,56680.0,75.0
110617.0,5006,42392.0,75.0
207388.0,5122,52517.0,75.0
225511.0,1410,107399.0,75.0
198464.0,5123,49029.0,75.0
219000.0,5138,77844.0,75.0
110617.0,0301,67795.0,75.0
153603.0,5401,52934.0,75.0
172608.0,5208,76597.0,75.0
483124.0,5001,48589.0,75.0
110671.0,4405,58504.0,75.0
197869.0,5131,50403.0,75.0
131283.0,4510,73917.0,75.0
182281.0,5109,85095.0,75.0
237011.0,4502,50703.0,75.0
137032.0,4400,38043.0,75.0
106704.0,3105,50557.0,75.0
174066.0,1407,92946.0,75.0
199148.0,3101,42838.0,75.0
221838.0,4201,46721.0,75.0
168281.0,5202,78769.0,75.0
188429.0,3105,66003.0,75.0
120883.0,2601,83012.0,75.0
144740.0,5005,44095.0,75.0
218663.0,0901,53247.0,75.0
207263.0,3105,44064.0,75.0
227216.0,5201,71695.0,75.0
196194.0,5004,44939.0,75.0
160755.0,5202,95966.0,75.0
216339.0,5005,36994.0,75.0
230737.0,2601,57010.0,75.0
204796.0,0302,52528.0,75.0
240426.0,3099,50950.0,75.0
236948.0,4506,87239.0,75.0
178396.0,4511,55098.0,75.0
193654.0,5005,39248.0,75.0
229115.0,5009,57043.0,75.0
194310.0,5202,76974.0,75.0
196097.0,1104,89875.0,75.0
110556.0,1408,87627.0,75.0
240444.0,2200,70123.0,75.0
377555.0,5007,53805.0,75.0
199120.0,1104,100940.0,75.0
110422.0,1003,79432.0,75.0
209551.0,1301,54434.0,75.0
156125.0,5106,61982.0,75.0
490805.0,0901,49326.0,75.0
236948.0,2602,58818.0,75.0
498571.0,5203,63781.0,75.0
176965.0,3105,52328.0,75.0
198303.0,4301,44858.0,75.0
196060.0,2701,71211.0,75.0
179159.0,5214,72251.0,75.0
129941.0,4201,55058.0,75.0
240727.0,5202,57125.0,75.0
217156.0,4506,124508.0,75.0
214175.0,5005,42092.0,75.0
194824.0,1405,103306.0,75.0
237525.0,5214,58293.0,75.0
134097.0,5009,44454.0,75.0
165529.0,0901,52041.0,75.0
151111.0,0904,48113.0,75.0
377555.0,2602,58818.0,75.0
122597.0,5401,58717.0,75.0
243780.0,1409,121462.0,75.0
171137.0,0901,52703.0,74.0
436818.0,5213,91446.0,74.0
110671.0,4509,56108.0,74.0
174233.0,1399,46964.0,74.0
198464.0,2301,43585.0,74.0
190691.0,5122,52679.0,74.0
168263.0,3105,55828.0,74.0
194958.0,5210,75523.0,74.0
145813.0,5220,91017.0,74.0
227368.0,1408,71848.0,74.0
198136.0,3105,49087.0,74.0
172608.0,5201,70449.0,74.0
106245.0,4301,43990.0,74.0
436827.0,5213,91446.0,74.0
193900.0,5009,52841.0,74.0
219471.0,4201,50993.0,74.0
168227.0,5299,101580.0,74.0
129020.0,5213,91446.0,74.0
167358.0,1410,118150.0,74.0
482705.0,4227,66130.0,74.0
111948.0,4510,68856.0,74.0
199218.0,4510,58258.0,74.0
206084.0,1407,94065.0,74.0
213020.0,1907,42227.0,74.0
142285.0,1312,50237.0,74.0
110705.0,1601,61580.0,74.0
104179.0,2301,44058.0,74.0
162007.0,4407,57224.0,74.0
129020.0,1407,87267.0,74.0
192819.0,4201,62821.0,74.0
164924.0,1104,131090.0,74.0
220075.0,5122,52543.0,74.0
167358.0,4227,66130.0,74.0
207388.0,1906,53455.0,74.0
201885.0,5199,66550.0,74.0
161554.0,0901,53033.0,74.0
139931.0,1410,95467.0,74.0
436827.0,1407,87267.0,74.0
214777.0,2602,77336.0,74.0
160755.0,4506,79957.0,74.0
155399.0,4407,50480.0,74.0
209542.0,4510,63354.0,74.0
436836.0,1407,87267.0,74.0
236948.0,4301,63311.0,74.0
219356.0,1312,43934.0,74.0
176372.0,1501,82848.0,74.0
183257.0,3099,55509.0,74.0
137351.0,4511,47379.0,74.0
236948.0,0501,56926.0,74.0
228787.0,5107,60602.0,74.0
110556.0,1101,62256.0,74.0
110556.0,3101,56336.0,74.0
209506.0,5106,78089.0,74.0
144892.0,4511,48925.0,74.0
377564.0,4301,63311.0,74.0
127741.0,5100,54921.0,74.0
171100.0,0101,69108.0,74.0
212133.0,5202,60237.0,74.0
133553.0,4303,71014.0,74.0
440828.0,4510,63354.0,74.0
134130.0,1510,109139.0,74.0
214704.0,2602,77336.0,74.0
240444.0,1410,95059.0,74.0
229027.0,5007,41550.0,74.0
126818.0,3103,52971.0,74.0
199120.0,4511,51801.0,74.0
486840.0,1508,83083.0,74.0
196413.0,5006,54115.0,74.0
225432.0,5212,66881.0,74.0
463056.0,1407,87267.0,74.0
232982.0,4511,53734.0,74.0
209542.0,0109,45959.0,74.0
163976.0,2401,44652.0,74.0
231174.0,1419,83438.0,74.0
132903.0,5401,48896.0,74.0
122409.0,0301,58215.0,74.0
377564.0,0501,56926.0,74.0
385619.0,4901,86730.0,74.0
199999.0,5202,43292.0,74.0
203368.0,5203,86546.0,74.0
243601.0,4407,28228.0,74.0
196112.0,1101,85180.0,74.0
154493.0,5210,64706.0,74.0
127741.0,0901,56520.0,74.0
191630.0,4506,111833.0,74.0
130943.0,4509,64715.0,74.0
201548.0,5009,43125.0,74.0
110538.0,3105,52978.0,74.0
231174.0,1107,81160.0,74.0
426314.0,4303,71014.0,74.0
147341.0,5202,65916.0,74.0
200800.0,2601,59427.0,74.0
221759.0,5102,59347.0,74.0
201645.0,1107,143580.0,74.0
196112.0,5202,59011.0,74.0
163286.0,1407,102149.0,74.0
463056.0,5213,91446.0,74.0
183044.0,3099,55509.0,74.0
200280.0,5202,68932.0,74.0
238032.0,5401,45388.0,74.0
227368.0,1410,85971.0,74.0
140447.0,4201,51723.0,74.0
190567.0,1107,116238.0,74.0
122409.0,5211,69141.0,74.0
377555.0,0501,56926.0,74.0
100812.0,5203,63516.0,74.0
199139.0,4407,47050.0,74.0
230764.0,4510,68490.0,74.0
436818.0,1407,87267.0,74.0
181464.0,0111,61946.0,74.0
436836.0,5213,91446.0,74.0
217819.0,5010,52674.0,74.0
196088.0,2609,66880.0,74.0
232423.0,4407,52991.0,74.0
440828.0,0109,45959.0,74.0
199148.0,1909,51510.0,74.0
131113.0,5210,65781.0,74.0
182290.0,1312,55532.0,74.0
193900.0,5099,45991.0,73.0
106245.0,0901,46743.0,73.0
110547.0,1101,74788.0,73.0
220978.0,3103,46796.0,73.0
126775.0,1410,106012.0,73.0
110422.0,1404,92767.0,73.0
181464.0,2601,64930.0,73.0
213020.0,5208,68794.0,73.0
182281.0,5107,64926.0,73.0
229179.0,2601,52960.0,73.0
232423.0,1101,104806.0,73.0
227216.0,5207,69210.0,73.0
479956.0,4227,48348.0,73.0
214777.0,4227,48348.0,73.0
164562.0,5214,75091.0,73.0
227331.0,4407,51943.0,73.0
110680.0,1402,100173.0,73.0
167260.0,5201,62926.0,73.0
160612.0,2601,49951.0,73.0
178411.0,1402,96090.0,73.0
167358.0,1408,100613.0,73.0
154350.0,5202,69958.0,73.0
196103.0,0302,65604.0,73.0
482149.0,1101,83000.0,73.0
176372.0,5122,47419.0,73.0
187985.0,1609,45343.0,73.0
136950.0,5201,80654.0,73.0
479956.0,5401,52871.0,73.0
128771.0,0901,54195.0,73.0
199069.0,5107,61758.0,73.0
176017.0,5214,69139.0,73.0
125897.0,0402,67517.0,73.0
181783.0,4301,55485.0,73.0
129020.0,2604,73120.0,73.0
463056.0,2604,73120.0,73.0
149222.0,5214,58934.0,73.0
214777.0,5401,52871.0,73.0
214801.0,4227,48348.0,73.0
177214.0,1312,37713.0,73.0
132903.0,5006,41255.0,73.0
214591.0,5401,52871.0,73.0
127918.0,5202,81628.0,73.0
106397.0,1905,55275.0,73.0
184782.0,1102,60493.0,73.0
234030.0,5206,64164.0,73.0
155317.0,2601,61561.0,73.0
199139.0,4006,53247.0,73.0
220516.0,1101,75435.0,73.0
126818.0,2301,46154.0,73.0
236513.0,5100,85809.0,73.0
238458.0,4201,55446.0,73.0
209807.0,1408,86084.0,73.0
140960.0,2601,45983.0,73.0
200332.0,2601,58662.0,73.0
199139.0,0402,67204.0,73.0
166513.0,2701,72826.0,73.0
106467.0,1419,85509.0,73.0
198419.0,1409,174522.0,73.0
110644.0,4502,56836.0,73.0
213367.0,4301,55165.0,73.0
175856.0,5202,50246.0,73.0
184782.0,1410,104215.0,73.0
163286.0,1312,58086.0,73.0
137078.0,4399,63162.0,73.0
214801.0,5401,52871.0,73.0
191931.0,5208,84128.0,73.0
217819.0,5209,64154.0,73.0
175078.0,5202,55559.0,73.0
170967.0,1312,43039.0,73.0
235097.0,4227,54974.0,73.0
110556.0,5007,39878.0,73.0
194824.0,1512,125531.0,73.0
175272.0,1107,88164.0,73.0
160904.0,2601,42938.0,73.0
100751.0,1101,115980.0,73.0
217484.0,0109,50203.0,73.0
166027.0,4501,78996.0,73.0
139931.0,1909,45043.0,73.0
204796.0,5213,111500.0,73.0
436836.0,2604,73120.0,73.0
492801.0,1312,37713.0,73.0
212054.0,2401,84166.0,73.0
219471.0,0901,52100.0,73.0
196194.0,2601,58932.0,73.0
150400.0,0901,69228.0,73.0
237899.0,5202,50169.0,73.0
231624.0,3105,68992.0,73.0
157289.0,1409,97216.0,73.0
201441.0,5199,66280.0,73.0
183044.0,0301,57747.0,73.0
157447.0,5007,42684.0,73.0
377564.0,2200,71042.0,73.0
190549.0,0907,51404.0,73.0
151351.0,4506,99653.0,73.0
190512.0,5207,57689.0,73.0
498571.0,4227,45300.0,73.0
186432.0,5202,58634.0,73.0
366711.0,2301,54985.0,73.0
184782.0,2399,47677.0,73.0
110705.0,5007,46428.0,73.0
231165.0,3105,51701.0,73.0
214689.0,5401,52871.0,73.0
196060.0,0904,59495.0,73.0
204024.0,4506,90742.0,73.0
201885.0,1408,89653.0,73.0
110705.0,3801,71796.0,73.0
436827.0,2604,73120.0,73.0
436818.0,2604,73120.0,73.0
230764.0,5122,55200.0,73.0
219471.0,4301,58046.0,73.0
228723.0,1503,99943.0,73.0
186380.0,1405,89850.0,73.0
195544.0,1313,63672.0,73.0
190594.0,5007,56160.0,73.0
178624.0,0101,58035.0,73.0
236948.0,4501,75301.0,73.0
195030.0,2601,54937.0,73.0
190664.0,0901,61501.0,73.0
117168.0,5004,68934.0,73.0
170301.0,4201,52980.0,73.0
179566.0,5007,40386.0,73.0
185262.0,2701,59082.0,73.0
183044.0,4407,58308.0,73.0
236948.0,2200,71042.0,73.0
193584.0,5199,71968.0,73.0
216597.0,5212,118712.0,73.0
151388.0,1312,47103.0,73.0
190415.0,4510,95391.0,73.0
127565.0,5401,48518.0,72.0
167358.0,2601,78327.0,72.0
482705.0,2601,78327.0,72.0
200800.0,1407,90279.0,72.0
161572.0,0302,53934.0,72.0
174491.0,5138,78661.0,72.0
219356.0,4506,64432.0,72.0
110538.0,0101,65198.0,72.0
132903.0,0909,62140.0,72.0
215770.0,1312,59717.0,72.0
199999.0,5123,42179.0,72.0
195720.0,5202,57184.0,72.0
228431.0,5007,38042.0,72.0
498562.0,1310,51949.0,72.0
199218.0,1107,88219.0,72.0
436836.0,1107,108934.0,72.0
486840.0,5007,47221.0,72.0
163286.0,1409,152422.0,72.0
174899.0,4201,58255.0,72.0
129020.0,1107,108934.0,72.0
163453.0,1410,98640.0,72.0
151342.0,4407,48344.0,72.0
100858.0,0109,53117.0,72.0
218964.0,4407,46548.0,72.0
106704.0,1901,42493.0,72.0
163453.0,2401,58788.0,72.0
110644.0,5007,40453.0,72.0
243221.0,4407,33957.0,72.0
147013.0,5202,61173.0,72.0
126614.0,0404,61788.0,72.0
142276.0,5202,69630.0,72.0
134097.0,5213,94887.0,72.0
128780.0,5202,82069.0,72.0
212674.0,5202,84973.0,72.0
186399.0,0301,67805.0,72.0
217882.0,1407,92098.0,72.0
126818.0,1909,57184.0,72.0
110644.0,4499,69702.0,72.0
155399.0,5203,79008.0,72.0
151324.0,1907,40860.0,72.0
237011.0,5212,81678.0,72.0
122597.0,1408,90894.0,72.0
227845.0,4201,53373.0,72.0
227845.0,5202,70706.0,72.0
217819.0,1101,98059.0,72.0
243780.0,5213,93976.0,72.0
229115.0,1410,107110.0,72.0
227845.0,0901,54558.0,72.0
172264.0,5138,82539.0,72.0
133650.0,4407,47477.0,72.0
223232.0,5207,86363.0,72.0
153366.0,5202,62485.0,72.0
216366.0,5004,59731.0,72.0
220978.0,5009,43999.0,72.0
104179.0,1101,77987.0,72.0
216010.0,5203,70459.0,72.0
196413.0,4404,89732.0,72.0
213321.0,5203,77892.0,72.0
212106.0,0909,64538.0,72.0
170976.0,1405,102342.0,72.0
230603.0,5138,74908.0,72.0
171492.0,5219,77647.0,72.0
151342.0,1312,45755.0,72.0
175616.0,1313,43300.0,72.0
198464.0,1107,98406.0,72.0
151324.0,1508,79527.0,72.0
190567.0,1408,87957.0,72.0
436827.0,1107,108934.0,72.0
196079.0,4511,64797.0,72.0
173920.0,5007,47822.0,72.0
135717.0,1101,62360.0,72.0
159939.0,4201,37747.0,72.0
110635.0,2705,133986.0,72.0
196024.0,4301,49141.0,72.0
137847.0,4201,53744.0,72.0
165866.0,4504,59857.0,72.0
231624.0,4201,59226.0,72.0
171100.0,5110,70940.0,72.0
163046.0,5102,72055.0,72.0
122728.0,4201,50354.0,72.0
200332.0,1510,95019.0,72.0
243203.0,5138,41002.0,72.0
196121.0,5208,70248.0,72.0
177968.0,1108,45810.0,72.0
133881.0,1104,85906.0,72.0
217518.0,5202,76219.0,72.0
176965.0,2601,48112.0,72.0
215293.0,4228,55736.0,72.0
240268.0,4301,58762.0,72.0
212674.0,4506,94295.0,72.0
243151.0,1313,35474.0,72.0
436818.0,1107,108934.0,72.0
232423.0,4510,73326.0,72.0
105330.0,5106,68917.0,72.0
199847.0,0901,77984.0,72.0
185262.0,1109,72483.0,72.0
186380.0,0301,67805.0,72.0
206941.0,1313,48851.0,72.0
202134.0,2301,41767.0,72.0
110705.0,1419,104336.0,72.0
241410.0,4407,19099.0,72.0
118888.0,2601,78327.0,72.0
240329.0,5203,78296.0,72.0
171456.0,0301,50300.0,72.0
185572.0,2301,60220.0,72.0
213367.0,5208,89087.0,72.0
213367.0,4201,49216.0,72.0
176372.0,4407,42390.0,72.0
463056.0,1107,108934.0,72.0
237330.0,1312,44168.0,72.0
191649.0,5202,73584.0,72.0
206613.0,4504,46939.0,72.0
433660.0,1409,98650.0,72.0
157085.0,5206,74202.0,72.0
216038.0,5214,61322.0,72.0
498562.0,4304,73289.0,72.0
130794.0,4506,142936.0,72.0
173920.0,5106,72882.0,72.0
204857.0,4504,49632.0,72.0
216339.0,5213,104311.0,72.0
230737.0,4301,68296.0,72.0
243586.0,4407,19099.0,72.0
237330.0,2401,39566.0,72.0
110705.0,4507,67521.0,72.0
152567.0,1419,86997.0,72.0
486840.0,1409,103054.0,72.0
154095.0,5102,60509.0,72.0
220978.0,1904,39268.0,72.0
206604.0,4504,46939.0,72.0
110583.0,1409,98967.0,72.0
227368.0,1101,80857.0,72.0
227216.0,4407,50579.0,72.0
230764.0,4407,59551.0,71.0
195544.0,5138,104818.0,71.0
122931.0,0901,84206.0,71.0
102553.0,5203,77625.0,71.0
110422.0,3019,68930.0,71.0
173920.0,3099,52001.0,71.0
232982.0,3103,51233.0,71.0
130226.0,5109,86337.0,71.0
189413.0,4402,49778.0,71.0
238032.0,2301,41920.0,71.0
199111.0,0301,46518.0,71.0
186380.0,3019,64441.0,71.0
146719.0,4509,58511.0,71.0
218724.0,5122,48238.0,71.0
216597.0,1407,103601.0,71.0
225201.0,1110,58501.0,71.0
102094.0,5202,48021.0,71.0
141574.0,1410,88869.0,71.0
215284.0,1410,102572.0,71.0
110538.0,5004,44629.0,71.0
212054.0,5212,101790.0,71.0
130943.0,5401,55388.0,71.0
230038.0,2705,96164.0,71.0
236939.0,1909,52765.0,71.0
228778.0,4507,62438.0,71.0
186371.0,0502,55164.0,71.0
215442.0,5299,47669.0,71.0
196088.0,1407,95424.0,71.0
163204.0,2200,70845.0,71.0
110538.0,5102,62855.0,71.0
167358.0,4509,74816.0,71.0
130943.0,1405,101175.0,71.0
230728.0,0904,61724.0,71.0
441937.0,1399,49106.0,71.0
174844.0,4506,84559.0,71.0
161554.0,4599,45523.0,71.0
220862.0,0904,49445.0,71.0
141574.0,4511,53696.0,71.0
228778.0,5009,47164.0,71.0
110422.0,3105,64579.0,71.0
190558.0,0901,61691.0,71.0
110538.0,1905,51491.0,71.0
240417.0,5220,101758.0,71.0
155900.0,5202,73596.0,71.0
186380.0,0109,54509.0,71.0
130794.0,2401,113788.0,71.0
105899.0,5202,56882.0,71.0
498562.0,2401,46030.0,71.0
236948.0,4507,64950.0,71.0
228723.0,1108,59769.0,71.0
227368.0,5102,59624.0,71.0
100751.0,3000,56945.0,71.0
155681.0,0901,45940.0,71.0
498562.0,5102,66538.0,71.0
196167.0,4510,66670.0,71.0
154095.0,1107,89305.0,71.0
153001.0,5203,63454.0,71.0
170082.0,4501,52520.0,71.0
131520.0,4201,59069.0,71.0
212054.0,4201,63287.0,71.0
213543.0,1107,141691.0,71.0
154095.0,2301,46343.0,71.0
171100.0,5004,53250.0,71.0
196255.0,5109,114061.0,71.0
228769.0,1410,99993.0,71.0
153126.0,5138,74114.0,71.0
145813.0,5102,62510.0,71.0
186380.0,0502,55164.0,71.0
236595.0,5208,99791.0,71.0
105330.0,4005,60630.0,71.0
105330.0,0901,52957.0,71.0
147767.0,0907,51471.0,71.0
150136.0,4407,50321.0,71.0
145813.0,3105,62112.0,71.0
193900.0,4501,91917.0,71.0
215293.0,2615,65239.0,71.0
182795.0,5100,69449.0,71.0
145813.0,2701,75318.0,71.0
101879.0,0901,40334.0,71.0
110510.0,4407,69201.0,71.0
190716.0,3099,56053.0,71.0
110529.0,1435,95835.0,71.0
225511.0,0907,40419.0,71.0
101879.0,4407,37853.0,71.0
137351.0,1435,90040.0,71.0
147660.0,5202,65992.0,71.0
157951.0,4504,45124.0,71.0
177968.0,0901,54917.0,71.0
230764.0,1104,105127.0,71.0
104179.0,4404,64953.0,71.0
169798.0,1101,90620.0,71.0
220075.0,4400,40288.0,71.0
216010.0,4407,49794.0,71.0
181330.0,5201,64469.0,71.0
196158.0,4201,47043.0,71.0
201885.0,1409,102273.0,71.0
224147.0,0901,42921.0,71.0
200332.0,4301,58252.0,71.0
123572.0,2301,59418.0,71.0
206941.0,3105,49630.0,71.0
240365.0,1310,47828.0,71.0
186399.0,0502,55164.0,71.0
110583.0,5009,47831.0,71.0
163046.0,4201,59905.0,71.0
204796.0,4901,79114.0,71.0
110422.0,4510,81843.0,71.0
221838.0,3105,45568.0,71.0
134130.0,3020,59432.0,71.0
187134.0,4301,61605.0,71.0
228529.0,1506,87678.0,71.0
229115.0,3015,88953.0,71.0
233921.0,2701,67763.0,71.0
176372.0,5210,51402.0,71.0
228796.0,5122,44665.0,71.0
177065.0,5214,51037.0,71.0
207388.0,5207,64678.0,71.0
215293.0,1410,102572.0,71.0
207263.0,1507,69276.0,71.0
155025.0,1313,50458.0,71.0
240277.0,0901,48550.0,71.0
486840.0,1110,95958.0,71.0
171137.0,5208,85068.0,71.0
229027.0,4404,56557.0,71.0
179159.0,5123,70351.0,71.0
159717.0,3105,51257.0,71.0
199847.0,4506,98209.0,70.0
484473.0,5102,65370.0,70.0
165866.0,1099,59555.0,70.0
200332.0,1313,52339.0,70.0
201195.0,5203,86955.0,70.0
440828.0,0301,55805.0,70.0
225511.0,1407,110184.0,70.0
110565.0,1409,101408.0,70.0
155061.0,1104,67823.0,70.0
194824.0,1410,104596.0,70.0
153658.0,5006,47892.0,70.0
184603.0,4301,51148.0,70.0
191241.0,5211,106665.0,70.0
110583.0,0502,50453.0,70.0
166124.0,2301,74214.0,70.0
100751.0,0904,55043.0,70.0
118693.0,5214,74930.0,70.0
191241.0,5214,90733.0,70.0
206695.0,5203,67992.0,70.0
144962.0,5138,79372.0,70.0
209551.0,4502,45920.0,70.0
184782.0,2701,63146.0,70.0
198516.0,3105,68178.0,70.0
217402.0,4201,63746.0,70.0
187444.0,2601,71026.0,70.0
225511.0,0402,70616.0,70.0
236948.0,2604,67234.0,70.0
102553.0,5202,63122.0,70.0
441937.0,1107,100887.0,70.0
463056.0,4511,59684.0,70.0
174020.0,5214,67031.0,70.0
142522.0,1512,113755.0,70.0
204015.0,2601,72037.0,70.0
166629.0,2401,73242.0,70.0
440828.0,0901,61096.0,70.0
151102.0,5115,42133.0,70.0
220978.0,4510,50169.0,70.0
436827.0,4511,59684.0,70.0
239105.0,2609,78125.0,70.0
169798.0,5203,70471.0,70.0
123572.0,0301,69077.0,70.0
111948.0,4201,63617.0,70.0
204796.0,4404,60678.0,70.0
110714.0,2701,59214.0,70.0
106245.0,5202,51384.0,70.0
202763.0,5202,66815.0,70.0
106397.0,0101,65480.0,70.0
179566.0,5138,79615.0,70.0
209807.0,1907,50427.0,70.0
199102.0,1419,85463.0,70.0
240365.0,5208,79927.0,70.0
186867.0,1405,99842.0,70.0
139931.0,2313,47439.0,70.0
236939.0,0901,62406.0,70.0
230782.0,5202,84885.0,70.0
241410.0,4504,22958.0,70.0
229814.0,5100,51397.0,70.0
138275.0,1312,48819.0,70.0
190549.0,2601,53786.0,70.0
149781.0,5206,80258.0,70.0
130934.0,4407,56937.0,70.0
229115.0,1435,98266.0,70.0
123572.0,2601,56345.0,70.0
230038.0,4511,60277.0,70.0
220473.0,3902,39600.0,70.0
200800.0,4301,57319.0,70.0
216339.0,5202,82570.0,70.0
209807.0,4511,53753.0,70.0
186432.0,4301,56438.0,70.0
164173.0,4301,61348.0,70.0
171100.0,1510,95387.0,70.0
240444.0,2615,58824.0,70.0
227368.0,1609,42224.0,70.0
241395.0,4504,22958.0,70.0
164924.0,5213,126475.0,70.0
219602.0,1312,46900.0,70.0
201441.0,1433,82365.0,70.0
172334.0,5202,62928.0,70.0
201441.0,1515,89514.0,70.0
243586.0,4504,22958.0,70.0
142115.0,3105,58562.0,70.0
174233.0,1410,88305.0,70.0
129020.0,4511,59684.0,70.0
110495.0,4501,55109.0,70.0
157289.0,2301,45572.0,70.0
170082.0,2701,51753.0,70.0
240268.0,2701,83027.0,70.0
168227.0,1405,99617.0,70.0
228769.0,2301,50495.0,70.0
204024.0,2601,72037.0,70.0
243151.0,3018,42313.0,70.0
164988.0,5005,39322.0,70.0
110510.0,1312,38985.0,70.0
157289.0,5007,45429.0,70.0
188030.0,1312,51592.0,70.0
193584.0,4201,50903.0,70.0
225432.0,3001,56995.0,70.0
190044.0,1410,97750.0,70.0
157447.0,1104,50009.0,70.0
185590.0,4407,51646.0,70.0
445188.0,4510,62815.0,70.0
220862.0,2601,53784.0,70.0
167288.0,3099,47162.0,70.0
436836.0,4511,59684.0,70.0
436818.0,4511,59684.0,70.0
215770.0,0901,59929.0,70.0
242662.0,5202,29460.0,70.0
196246.0,0901,51715.0,70.0
237932.0,1312,44539.0,70.0
104151.0,5207,64478.0,70.0
188030.0,5201,60970.0,70.0
204006.0,2601,72037.0,70.0
238032.0,4006,66798.0,70.0
133669.0,1408,84778.0,70.0
220978.0,1442,92533.0,70.0
202480.0,1407,97184.0,70.0
149222.0,2401,43236.0,70.0
209542.0,0301,55805.0,70.0
192323.0,5203,72894.0,70.0
139959.0,0907,45555.0,70.0
238032.0,5004,55669.0,70.0
130226.0,4201,61510.0,70.0
185828.0,1409,99880.0,70.0
143084.0,4201,52818.0,70.0
134130.0,5102,65370.0,70.0
122931.0,4506,121307.0,70.0
199120.0,1601,54181.0,70.0
224147.0,5202,56808.0,70.0
157085.0,1905,55633.0,70.0
137546.0,5202,59629.0,70.0
136358.0,1110,69612.0,70.0
209542.0,0901,61096.0,70.0
176017.0,4201,49974.0,70.0
154022.0,0301,55435.0,70.0
201885.0,4407,49465.0,70.0
243601.0,5138,37000.0,70.0
237011.0,5401,46000.0,70.0
228723.0,2703,85792.0,70.0
132471.0,4404,97702.0,70.0
199999.0,2401,42020.0,69.0
110486.0,1107,80432.0,69.0
196112.0,1508,76413.0,69.0
151801.0,5107,64036.0,69.0
164173.0,1109,81700.0,69.0
147703.0,2301,47981.0,69.0
110510.0,5131,54717.0,69.0
172051.0,0901,53825.0,69.0
100663.0,1312,49139.0,69.0
130226.0,5214,83258.0,69.0
144892.0,5203,66840.0,69.0
151786.0,5202,66959.0,69.0
228787.0,4504,52244.0,69.0
157386.0,1312,37275.0,69.0
209551.0,1101,100540.0,69.0
217864.0,1419,83912.0,69.0
237525.0,3105,47581.0,69.0
230737.0,4407,55713.0,69.0
201548.0,5202,71710.0,69.0
184782.0,5210,73035.0,69.0
121309.0,1907,46119.0,69.0
207342.0,5106,68018.0,69.0
164076.0,4510,60313.0,69.0
176479.0,5202,51866.0,69.0
186380.0,5005,42712.0,69.0
199120.0,2701,101599.0,69.0
488679.0,5107,64036.0,69.0
110556.0,1313,62475.0,69.0
164924.0,5202,123144.0,69.0
110644.0,1405,98504.0,69.0
220516.0,4201,40796.0,69.0
171100.0,5009,52132.0,69.0
199139.0,5206,67182.0,69.0
110662.0,2701,99269.0,69.0
207500.0,5106,68018.0,69.0
122931.0,1409,163765.0,69.0
186876.0,0301,58319.0,69.0
199193.0,3019,75508.0,69.0
197869.0,0901,55307.0,69.0
122728.0,5202,65031.0,69.0
156408.0,4506,75885.0,69.0
240426.0,1312,43561.0,69.0
230782.0,4201,55417.0,69.0
243212.0,4228,31751.0,69.0
187134.0,5203,111509.0,69.0
186584.0,5212,101578.0,69.0
160658.0,5208,59315.0,69.0
111948.0,0909,80139.0,69.0
207388.0,4511,48175.0,69.0
230038.0,1609,63189.0,69.0
195216.0,4201,62479.0,69.0
145725.0,1101,97153.0,69.0
172051.0,5111,53376.0,69.0
115755.0,2313,41105.0,69.0
104179.0,5007,43314.0,69.0
200253.0,4407,51931.0,69.0
100706.0,1101,95076.0,69.0
139658.0,2601,70959.0,69.0
186371.0,5005,42712.0,69.0
151351.0,2301,56204.0,69.0
123572.0,4301,66892.0,69.0
200332.0,5120,125175.0,69.0
169248.0,1107,89216.0,69.0
243197.0,2605,40501.0,69.0
229814.0,3105,48492.0,69.0
110653.0,1405,96874.0,69.0
216339.0,5102,62061.0,69.0
206084.0,4201,43795.0,69.0
170976.0,2615,55436.0,69.0
175078.0,3105,54554.0,69.0
160658.0,4301,49201.0,69.0
122612.0,5208,103605.0,69.0
234030.0,0501,45852.0,69.0
220978.0,5401,51206.0,69.0
100858.0,1435,99441.0,69.0
228723.0,5212,94724.0,69.0
172334.0,4407,49642.0,69.0
129941.0,2601,70843.0,69.0
110671.0,2615,51865.0,69.0
190664.0,1313,76925.0,69.0
133711.0,5203,63113.0,69.0
209807.0,5102,59563.0,69.0
196079.0,0301,55579.0,69.0
229115.0,0901,58196.0,69.0
101480.0,4407,45882.0,69.0
240453.0,1410,91955.0,69.0
128106.0,3105,52746.0,69.0
135726.0,4506,92998.0,69.0
168263.0,4407,55699.0,69.0
168254.0,4301,60486.0,69.0
205957.0,5138,68809.0,69.0
240268.0,5212,90193.0,69.0
147776.0,5201,59853.0,69.0
221740.0,1419,89407.0,69.0
160065.0,5138,83877.0,69.0
157951.0,5203,71274.0,69.0
186399.0,5005,42712.0,69.0
131159.0,5122,70831.0,69.0
182281.0,4407,60344.0,69.0
147776.0,5202,69226.0,69.0
192819.0,4301,65881.0,69.0
178402.0,2601,59183.0,69.0
243221.0,1312,25442.0,69.0
152637.0,5138,81270.0,68.0
220613.0,5202,59274.0,68.0
209551.0,0409,67623.0,68.0
204796.0,5210,82371.0,68.0
147660.0,5203,78125.0,68.0
206048.0,4301,66059.0,68.0
216597.0,5213,109642.0,68.0
240189.0,1507,81385.0,68.0
201548.0,4201,48958.0,68.0
130934.0,4504,53128.0,68.0
178387.0,5202,62581.0,68.0
155399.0,5131,59824.0,68.0
130934.0,4201,49132.0,68.0
141060.0,4201,52775.0,68.0
173045.0,5202,72706.0,68.0
445188.0,4511,50468.0,68.0
173920.0,1313,50337.0,68.0
436836.0,1410,94722.0,68.0
440916.0,5123,41311.0,68.0
146481.0,5201,74632.0,68.0
151351.0,1609,61757.0,68.0
171100.0,2313,56662.0,68.0
207500.0,1407,94291.0,68.0
213020.0,1905,52115.0,68.0
217882.0,1515,94449.0,68.0
236595.0,4201,57993.0,68.0
243151.0,2601,41763.0,68.0
214777.0,0106,69540.0,68.0
110705.0,1609,68496.0,68.0
447689.0,1312,51472.0,68.0
180461.0,4511,48273.0,68.0
160621.0,5123,41311.0,68.0
159993.0,5120,134329.0,68.0
135726.0,4510,62216.0,68.0
160612.0,4407,43291.0,68.0
199193.0,5401,49500.0,68.0
151379.0,4201,46145.0,68.0
227368.0,5009,59218.0,68.0
127565.0,4400,54896.0,68.0
436827.0,1410,94722.0,68.0
237011.0,0904,57697.0,68.0
151306.0,5109,71043.0,68.0
240426.0,5202,56863.0,68.0
186618.0,5138,109286.0,68.0
139463.0,1312,45604.0,68.0
168421.0,1408,93417.0,68.0
241410.0,5109,24028.0,68.0
168148.0,4509,77998.0,68.0
129020.0,1410,94722.0,68.0
238032.0,0101,66022.0,68.0
204796.0,0402,66131.0,68.0
243115.0,5203,34294.0,68.0
216931.0,5202,57020.0,68.0
200217.0,5109,67803.0,68.0
179566.0,1909,54347.0,68.0
152600.0,1419,90583.0,68.0
414878.0,4201,46798.0,68.0
163204.0,5214,60811.0,68.0
145600.0,1409,102691.0,68.0
204936.0,5138,80188.0,68.0
484905.0,3099,58293.0,68.0
191621.0,4304,54589.0,68.0
215293.0,0901,69573.0,68.0
107071.0,5201,48955.0,68.0
232423.0,2202,61496.0,68.0
479956.0,0106,69540.0,68.0
196237.0,4504,52598.0,68.0
235097.0,1312,55671.0,68.0
163851.0,5007,44514.0,68.0
165820.0,4301,62396.0,68.0
212674.0,4510,76597.0,68.0
243221.0,5214,46038.0,68.0
127741.0,3103,52363.0,68.0
228723.0,1405,93305.0,68.0
119605.0,5203,79696.0,68.0
436818.0,1410,94722.0,68.0
208822.0,1312,56768.0,68.0
207388.0,1402,91249.0,68.0
232982.0,5106,69732.0,68.0
240444.0,1405,99762.0,68.0
187444.0,1101,76282.0,68.0
117946.0,5203,111733.0,68.0
228431.0,4301,58606.0,68.0
163286.0,4507,63835.0,68.0
217420.0,1313,53057.0,68.0
228787.0,2615,59498.0,68.0
463056.0,1410,94722.0,68.0
169479.0,1110,73487.0,68.0
110097.0,0907,60082.0,68.0
191621.0,4301,53418.0,68.0
199281.0,5138,78674.0,68.0
170976.0,5005,45888.0,68.0
188429.0,4201,61393.0,68.0
171128.0,1405,83916.0,68.0
239105.0,4510,74008.0,68.0
117946.0,2301,66806.0,68.0
174020.0,5208,74237.0,68.0
237792.0,2401,49153.0,68.0
487010.0,5102,59407.0,68.0
163268.0,1407,91547.0,68.0
169248.0,1508,86472.0,68.0
177968.0,1312,41633.0,68.0
123961.0,5009,34124.0,68.0
141574.0,1107,77502.0,68.0
206941.0,5214,60961.0,68.0
176017.0,2401,39871.0,68.0
164076.0,4506,76509.0,68.0
157085.0,1410,96913.0,68.0
213385.0,4506,112864.0,68.0
134130.0,0305,48755.0,68.0
232423.0,5401,55782.0,68.0
145637.0,0409,67147.0,68.0
181783.0,1312,43369.0,68.0
110635.0,0502,67291.0,68.0
147369.0,3904,36770.0,68.0
231174.0,2301,49101.0,68.0
196149.0,4504,56593.0,68.0
199148.0,5005,41108.0,68.0
127060.0,5214,74173.0,68.0
123457.0,4201,56902.0,68.0
169910.0,2601,56878.0,68.0
152567.0,4201,46798.0,68.0
128106.0,4201,45974.0,67.0
108092.0,4301,43509.0,67.0
194824.0,5202,99713.0,67.0
216524.0,4506,75573.0,67.0
486840.0,5220,93910.0,67.0
231174.0,1312,48111.0,67.0
141486.0,4301,52720.0,67.0
215929.0,5202,80611.0,67.0
199139.0,1101,83018.0,67.0
144005.0,4201,47168.0,67.0
220862.0,1310,47465.0,67.0
215293.0,4005,70206.0,67.0
202480.0,5111,76475.0,67.0
459949.0,0901,50856.0,67.0
215266.0,4005,70206.0,67.0
143118.0,5214,64813.0,67.0
243221.0,0909,40173.0,67.0
142522.0,5220,91759.0,67.0
151379.0,2401,49376.0,67.0
187985.0,5007,35527.0,67.0
196042.0,5004,53896.0,67.0
212577.0,3099,74099.0,67.0
213349.0,1310,54845.0,67.0
181464.0,1510,88628.0,67.0
149772.0,0907,46966.0,67.0
238032.0,1425,91142.0,67.0
188030.0,1419,85742.0,67.0
229027.0,2701,57944.0,67.0
199193.0,1435,100172.0,67.0
154095.0,0907,49794.0,67.0
182290.0,0901,68953.0,67.0
106458.0,4504,46293.0,67.0
200280.0,4301,55251.0,67.0
174783.0,1419,87503.0,67.0
195003.0,5212,94827.0,67.0
165024.0,4901,70215.0,67.0
172699.0,5123,68351.0,67.0
215275.0,4005,70206.0,67.0
228875.0,4506,89466.0,67.0
492801.0,4301,47695.0,67.0
130253.0,4301,55710.0,67.0
199102.0,1506,77476.0,67.0
174066.0,1409,119781.0,67.0
206941.0,0904,51042.0,67.0
482936.0,1108,92070.0,67.0
175616.0,5138,76031.0,67.0
221847.0,2601,49220.0,67.0
154095.0,1907,41053.0,67.0
201964.0,4201,42140.0,67.0
153375.0,5201,64126.0,67.0
217882.0,4510,64822.0,67.0
102094.0,5203,64410.0,67.0
166629.0,2602,77853.0,67.0
238032.0,5212,95324.0,67.0
201195.0,4201,45686.0,67.0
243443.0,0909,31189.0,67.0
196088.0,1402,92360.0,67.0
217934.0,4303,71888.0,67.0
165699.0,1399,57946.0,67.0
215284.0,4005,70206.0,67.0
242662.0,5138,24524.0,67.0
152318.0,1107,123753.0,67.0
445267.0,4301,45805.0,67.0
144962.0,3105,66244.0,67.0
228723.0,5122,66732.0,67.0
203517.0,5111,57360.0,67.0
145813.0,1907,52748.0,67.0
163204.0,4510,82263.0,67.0
203517.0,1310,43835.0,67.0
240417.0,1101,82853.0,67.0
186867.0,1408,92609.0,67.0
163851.0,5203,89535.0,67.0
196592.0,5202,60290.0,67.0
224554.0,4201,46639.0,67.0
228705.0,1407,97811.0,67.0
139959.0,0109,61176.0,67.0
217536.0,5214,65220.0,67.0
159717.0,4201,37416.0,67.0
160621.0,5203,53159.0,67.0
232557.0,5009,42960.0,67.0
176965.0,5203,76930.0,67.0
209807.0,5299,70765.0,67.0
156082.0,5107,66325.0,67.0
186201.0,2401,56712.0,67.0
203447.0,5111,57360.0,67.0
177968.0,1110,89675.0,67.0
115755.0,4407,57953.0,67.0
100654.0,5202,58176.0,67.0
157085.0,1407,98003.0,67.0
176947.0,4301,45805.0,67.0
139959.0,2301,51988.0,67.0
110538.0,2301,49189.0,67.0
171100.0,3020,64372.0,67.0
232566.0,5138,82678.0,67.0
240480.0,4407,50710.0,67.0
122597.0,1901,58530.0,67.0
145813.0,4407,55089.0,67.0
212106.0,1312,49883.0,67.0
181394.0,0999,58250.0,67.0
228431.0,5214,57974.0,67.0
171137.0,4301,54621.0,67.0
154590.0,5202,79791.0,67.0
176965.0,5214,50774.0,67.0
240374.0,5203,64177.0,67.0
209542.0,5111,55245.0,67.0
161873.0,1104,54529.0,67.0
156286.0,4201,53413.0,67.0
203517.0,5102,56386.0,67.0
440828.0,5111,55245.0,67.0
163453.0,4201,56741.0,67.0
110583.0,0501,50071.0,67.0
126818.0,2613,54370.0,67.0
159993.0,5199,50446.0,67.0
147767.0,0901,93541.0,67.0
110644.0,0306,46209.0,67.0
238980.0,1101,96835.0,67.0
110635.0,3801,63326.0,67.0
226091.0,3105,48609.0,67.0
177214.0,4301,47695.0,67.0
440916.0,5203,53159.0,67.0
209825.0,2601,58051.0,67.0
217819.0,5203,85826.0,67.0
133669.0,5211,50230.0,67.0
233295.0,5201,71844.0,67.0
183910.0,5138,103559.0,67.0
179159.0,5208,93647.0,67.0
225511.0,1408,89653.0,66.0
240462.0,1410,92443.0,66.0
171571.0,5004,47432.0,66.0
185828.0,0402,66840.0,66.0
150145.0,5138,73384.0,66.0
433660.0,2601,53352.0,66.0
169798.0,5007,41225.0,66.0
240444.0,1407,101676.0,66.0
117946.0,4506,88682.0,66.0
110662.0,1609,55946.0,66.0
215293.0,1435,98654.0,66.0
196219.0,5006,43265.0,66.0
228778.0,0402,76808.0,66.0
198756.0,5202,51371.0,66.0
214591.0,5202,72218.0,66.0
218061.0,4201,37288.0,66.0
188641.0,1419,79452.0,66.0
187444.0,5115,51502.0,66.0
157085.0,0402,62383.0,66.0
160074.0,5138,88618.0,66.0
214069.0,5202,72833.0,66.0
169248.0,5107,67117.0,66.0
242662.0,4301,26475.0,66.0
196158.0,4301,53149.0,66.0
110653.0,2701,77472.0,66.0
156620.0,4302,80497.0,66.0
209506.0,5110,89839.0,66.0
110370.0,5007,44012.0,66.0
215293.0,1312,45202.0,66.0
433660.0,4407,53707.0,66.0
214777.0,1499,102134.0,66.0
202134.0,5006,37745.0,66.0
157809.0,5138,82426.0,66.0
232423.0,4404,71626.0,66.0
133650.0,4201,39472.0,66.0
174066.0,0305,58651.0,66.0
440828.0,5004,60434.0,66.0
153834.0,5202,68510.0,66.0
175272.0,1313,48767.0,66.0
221759.0,4407,48510.0,66.0
200253.0,5138,80533.0,66.0
182281.0,4510,58855.0,66.0
242653.0,5203,40374.0,66.0
169248.0,5131,55134.0,66.0
136172.0,4511,44152.0,66.0
433660.0,4304,52096.0,66.0
206084.0,4407,45476.0,66.0
110547.0,4404,68008.0,66.0
196088.0,5102,57360.0,66.0
153658.0,1408,83350.0,66.0
156620.0,5122,51086.0,66.0
228778.0,4502,48486.0,66.0
100751.0,1410,98943.0,66.0
240444.0,5213,106521.0,66.0
227526.0,0901,48887.0,66.0
166638.0,4407,51034.0,66.0
110529.0,2301,47721.0,66.0
172264.0,4402,46554.0,66.0
215655.0,5208,72129.0,66.0
178059.0,4201,57922.0,66.0
215275.0,1312,45202.0,66.0
106245.0,4407,49594.0,66.0
220862.0,5401,47449.0,66.0
214777.0,5202,72218.0,66.0
216038.0,4407,46974.0,66.0
207388.0,4510,63977.0,66.0
221847.0,1408,78646.0,66.0
110495.0,1312,44020.0,66.0
172644.0,4510,61466.0,66.0
174066.0,1609,53276.0,66.0
232557.0,3907,46531.0,66.0
194091.0,5138,117461.0,66.0
215266.0,1312,45202.0,66.0
240189.0,0904,50970.0,66.0
165024.0,2701,54709.0,66.0
154095.0,2601,62391.0,66.0
196079.0,5214,80825.0,66.0
171456.0,5110,67522.0,66.0
174066.0,5102,60312.0,66.0
176080.0,4407,37656.0,66.0
145637.0,1313,52409.0,66.0
232186.0,5401,51168.0,66.0
213543.0,5203,125874.0,66.0
217536.0,4301,67622.0,66.0
209542.0,5004,60434.0,66.0
207865.0,1312,42538.0,66.0
191649.0,0904,61609.0,66.0
151333.0,1312,43726.0,66.0
195003.0,1407,94641.0,66.0
104179.0,2299,53868.0,66.0
196042.0,4901,72195.0,66.0
479956.0,5202,72218.0,66.0
192749.0,5202,76753.0,66.0
200800.0,5208,74840.0,66.0
214713.0,5202,72218.0,66.0
199962.0,2601,58623.0,66.0
110617.0,1409,104394.0,66.0
230852.0,5001,57883.0,66.0
227216.0,3020,50139.0,66.0
106458.0,0101,58128.0,66.0
153603.0,4511,55714.0,66.0
145600.0,5107,66694.0,66.0
120254.0,4506,103164.0,66.0
209551.0,0402,67425.0,66.0
160612.0,1901,38514.0,66.0
196097.0,2301,55210.0,66.0
215284.0,1312,45202.0,66.0
153603.0,3099,54064.0,66.0
169080.0,5138,74810.0,66.0
243197.0,4201,30372.0,66.0
106704.0,2601,50742.0,66.0
172699.0,5009,36254.0,65.0
218973.0,5208,79643.0,65.0
482158.0,4201,46976.0,65.0
482680.0,0901,51131.0,65.0
170976.0,5106,59402.0,65.0
161457.0,3105,57272.0,65.0
159939.0,2601,52671.0,65.0
199148.0,5203,70389.0,65.0
196130.0,4506,58497.0,65.0
195720.0,5214,68086.0,65.0
233541.0,5202,66673.0,65.0
236948.0,3801,61595.0,65.0
228778.0,2401,73089.0,65.0
196024.0,5209,48006.0,65.0
104151.0,3801,59935.0,65.0
228723.0,4507,65228.0,65.0
175078.0,1312,43904.0,65.0
218724.0,1101,63247.0,65.0
236133.0,5138,89673.0,65.0
207500.0,4510,56749.0,65.0
207388.0,1408,86890.0,65.0
228787.0,1405,87420.0,65.0
174066.0,1408,82281.0,65.0
229887.0,5202,43867.0,65.0
161253.0,1907,44893.0,65.0
240453.0,5401,48442.0,65.0
166391.0,3105,55292.0,65.0
106458.0,5208,68408.0,65.0
126580.0,5100,60605.0,65.0
110608.0,5212,88999.0,65.0
234030.0,5005,43957.0,65.0
197708.0,5202,97914.0,65.0
230737.0,1109,97341.0,65.0
104179.0,0403,76360.0,65.0
220978.0,5122,46320.0,65.0
230038.0,1436,92122.0,65.0
483124.0,3801,59935.0,65.0
196592.0,5203,99047.0,65.0
151324.0,4901,71254.0,65.0
174075.0,5203,65921.0,65.0
130493.0,4511,52249.0,65.0
227881.0,5009,58743.0,65.0
133669.0,5209,54635.0,65.0
196130.0,5007,45222.0,65.0
151351.0,5102,60199.0,65.0
161457.0,5100,69190.0,65.0
159391.0,4006,67493.0,65.0
228723.0,1423,103438.0,65.0
111948.0,0901,73461.0,65.0
142285.0,4511,51873.0,65.0
126614.0,4511,58026.0,65.0
166692.0,0301,74393.0,65.0
136358.0,5138,85210.0,65.0
151111.0,1508,85533.0,65.0
159939.0,5202,56058.0,65.0
486840.0,0907,47723.0,65.0
232566.0,4407,48224.0,65.0
225511.0,2612,78750.0,65.0
197869.0,0907,55235.0,65.0
233921.0,5004,72213.0,65.0
159391.0,5401,48454.0,65.0
191968.0,5123,76766.0,65.0
169363.0,1312,45665.0,65.0
215929.0,5208,100962.0,65.0
482680.0,3105,53294.0,65.0
230782.0,5107,71846.0,65.0
174020.0,1312,49025.0,65.0
212197.0,5199,69614.0,65.0
233921.0,1418,90828.0,65.0
141264.0,4301,46593.0,65.0
163851.0,2401,48963.0,65.0
110680.0,4228,56000.0,65.0
221759.0,5401,52505.0,65.0
213598.0,4400,50390.0,65.0
168005.0,4511,61032.0,65.0
238616.0,1312,45665.0,65.0
232557.0,5122,48926.0,65.0
173452.0,3906,39949.0,65.0
133508.0,1312,57918.0,65.0
240444.0,3105,74963.0,65.0
169910.0,5203,53742.0,65.0
217882.0,2301,50582.0,65.0
234076.0,3020,76044.0,65.0
130493.0,1313,60780.0,65.0
176965.0,1313,40486.0,65.0
487603.0,5138,89673.0,65.0
157447.0,5005,35624.0,65.0
151324.0,1101,61424.0,65.0
490805.0,1419,91229.0,65.0
198136.0,4201,46246.0,65.0
216667.0,5201,72219.0,65.0
149222.0,2601,51947.0,65.0
100751.0,5122,51588.0,65.0
188030.0,5214,63115.0,65.0
409315.0,5107,42423.0,65.0
409698.0,0907,39954.0,65.0
201885.0,0402,65449.0,65.0
195526.0,5201,93229.0,65.0
218070.0,5202,73099.0,65.0
199102.0,0109,48155.0,65.0
211440.0,5005,40073.0,65.0
171100.0,3099,45167.0,65.0
170082.0,5210,75800.0,65.0
157289.0,1410,93968.0,65.0
157951.0,2601,52487.0,65.0
198561.0,4228,42936.0,65.0
127918.0,5203,73054.0,65.0
144892.0,5213,60985.0,65.0
147703.0,2701,69856.0,65.0
178402.0,1410,91326.0,65.0
164076.0,5102,72365.0,65.0
228459.0,1435,90729.0,65.0
240480.0,5199,56019.0,65.0
207263.0,4407,54943.0,65.0
233921.0,2703,117990.0,65.0
377555.0,3801,61595.0,65.0
160038.0,2601,55452.0,65.0
154022.0,3105,51665.0,65.0
132903.0,1409,106680.0,65.0
165866.0,4511,49451.0,65.0
487524.0,5202,62059.0,65.0
207500.0,1435,98394.0,65.0
164988.0,2615,68888.0,65.0
186399.0,4499,67099.0,64.0
236595.0,5214,72518.0,64.0
130776.0,0901,52385.0,64.0
110617.0,1433,114594.0,64.0
159939.0,1419,91435.0,64.0
166692.0,4399,85256.0,64.0
137564.0,3105,46427.0,64.0
174358.0,4301,55577.0,64.0
154022.0,2301,47071.0,64.0
228875.0,5203,101938.0,64.0
196413.0,1101,120773.0,64.0
160755.0,4201,60260.0,64.0
200572.0,1313,52500.0,64.0
236948.0,1402,111349.0,64.0
100706.0,1410,100296.0,64.0
239716.0,0901,52927.0,64.0
242626.0,5138,36999.0,64.0
217882.0,0109,47853.0,64.0
139931.0,5401,45796.0,64.0
164748.0,5099,37117.0,64.0
176080.0,1410,106039.0,64.0
225511.0,5401,55475.0,64.0
196079.0,1410,99397.0,64.0
186380.0,4499,67099.0,64.0
141060.0,4510,66378.0,64.0
144050.0,2401,96510.0,64.0
186876.0,5138,97739.0,64.0
110644.0,2608,77411.0,64.0
139861.0,5122,62386.0,64.0
157289.0,4510,55856.0,64.0
129242.0,4201,70211.0,64.0
174862.0,3902,46800.0,64.0
168218.0,4506,121787.0,64.0
196246.0,5203,70109.0,64.0
189705.0,3105,57036.0,64.0
186399.0,5009,56008.0,64.0
180416.0,1425,106076.0,64.0
172699.0,0901,51446.0,64.0
243601.0,1312,34628.0,64.0
171571.0,5212,88497.0,64.0
128771.0,5212,87396.0,64.0
104179.0,0101,66833.0,64.0
187985.0,2301,46850.0,64.0
215062.0,4510,93033.0,64.0
237367.0,4201,46235.0,64.0
228769.0,4510,50006.0,64.0
139366.0,5100,45997.0,64.0
218964.0,1313,43069.0,64.0
195809.0,5217,105688.0,64.0
215655.0,4304,90206.0,64.0
186380.0,5009,56008.0,64.0
243780.0,5102,59050.0,64.0
128771.0,1101,86238.0,64.0
106467.0,5123,41946.0,64.0
151306.0,4407,42673.0,64.0
206048.0,5202,74964.0,64.0
212115.0,0901,53559.0,64.0
127741.0,2601,53470.0,64.0
226091.0,0901,49746.0,64.0
105330.0,2301,45915.0,64.0
202134.0,4512,53582.0,64.0
190415.0,0901,88463.0,64.0
190512.0,4506,83354.0,64.0
220075.0,1312,43687.0,64.0
220075.0,1500,75298.0,64.0
243212.0,5203,35275.0,64.0
216339.0,5004,60782.0,64.0
155317.0,1407,93391.0,64.0
214777.0,1405,100416.0,64.0
195003.0,5218,58141.0,64.0
132903.0,1402,96972.0,64.0
228653.0,5110,74831.0,64.0
151102.0,5007,37718.0,64.0
185129.0,5007,41077.0,64.0
197869.0,5102,53125.0,64.0
196088.0,5401,50518.0,64.0
127918.0,1107,114098.0,64.0
153834.0,5009,50947.0,64.0
187897.0,5202,57821.0,64.0
196121.0,5214,57901.0,64.0
184603.0,5214,75172.0,64.0
134130.0,3103,64497.0,64.0
106397.0,2301,47809.0,64.0
193353.0,4201,53898.0,64.0
179159.0,4201,58862.0,64.0
109651.0,5006,49933.0,64.0
237011.0,5208,75730.0,64.0
133650.0,0904,50832.0,64.0
117751.0,5202,66165.0,64.0
176965.0,5100,53677.0,64.0
110653.0,1402,100537.0,64.0
225502.0,5203,55175.0,64.0
153375.0,5138,73047.0,64.0
221759.0,1410,93642.0,64.0
175856.0,1399,36481.0,64.0
165866.0,1905,59202.0,64.0
184694.0,5214,75172.0,64.0
195030.0,1419,95060.0,64.0
180692.0,1312,41988.0,64.0
224147.0,5203,60160.0,64.0
240417.0,1313,56563.0,64.0
127565.0,2701,65179.0,64.0
196149.0,5199,62524.0,64.0
110361.0,1312,41749.0,64.0
110617.0,0502,56188.0,64.0
209807.0,1410,101905.0,64.0
196088.0,2701,60882.0,64.0
155025.0,5202,60719.0,64.0
166391.0,5219,69156.0,64.0
191931.0,4301,58688.0,64.0
178387.0,1312,39163.0,64.0
204796.0,5212,110192.0,64.0
220075.0,5208,58232.0,64.0
484473.0,3103,64497.0,64.0
199281.0,0901,41864.0,64.0
137078.0,1312,52047.0,64.0
217402.0,5107,73165.0,64.0
186371.0,5009,56008.0,64.0
142522.0,1108,65397.0,64.0
163204.0,4304,62022.0,64.0
155317.0,5004,59441.0,64.0
100706.0,5212,78319.0,64.0
166452.0,4201,56837.0,64.0
151324.0,5109,58541.0,64.0
228796.0,1408,75882.0,64.0
110422.0,0904,70829.0,64.0
130943.0,1410,97567.0,64.0
122931.0,4201,75742.0,64.0
102368.0,5138,78785.0,64.0
106397.0,3101,52701.0,63.0
153144.0,5202,64619.0,63.0
209807.0,2701,68280.0,63.0
126614.0,2301,54085.0,63.0
174233.0,5201,70334.0,63.0
240727.0,1419,87533.0,63.0
123961.0,2703,101094.0,63.0
192448.0,5120,136840.0,63.0
227526.0,3099,57212.0,63.0
180461.0,5007,46741.0,63.0
227526.0,5202,53715.0,63.0
216339.0,2615,64063.0,63.0
153269.0,5214,71246.0,63.0
216038.0,5123,52743.0,63.0
237011.0,5004,69715.0,63.0
233374.0,5210,92389.0,63.0
196185.0,4511,53396.0,63.0
129215.0,5100,61190.0,63.0
226833.0,5202,59289.0,63.0
148487.0,5005,37748.0,63.0
198136.0,5208,78021.0,63.0
196060.0,4228,58501.0,63.0
178396.0,1907,46853.0,63.0
204848.0,1909,58647.0,63.0
110653.0,5005,40773.0,63.0
182290.0,2301,45095.0,63.0
216339.0,1609,60672.0,63.0
219806.0,5202,64503.0,63.0
174233.0,1407,85667.0,63.0
203517.0,4511,40217.0,63.0
204857.0,1909,58647.0,63.0
170976.0,1408,89165.0,63.0
196158.0,3105,55155.0,63.0
232566.0,0901,53631.0,63.0
233921.0,2615,59714.0,63.0
202806.0,5214,57398.0,63.0
145637.0,0904,67539.0,63.0
137351.0,1409,109054.0,63.0
165574.0,5003,36644.0,63.0
199847.0,4510,85668.0,63.0
230728.0,0109,39041.0,63.0
445188.0,3025,51147.0,63.0
203447.0,4511,40217.0,63.0
241951.0,5007,23194.0,63.0
110538.0,5009,42269.0,63.0
214041.0,3000,46119.0,63.0
228529.0,5214,57478.0,63.0
165699.0,5214,76948.0,63.0
176965.0,4407,51349.0,63.0
200332.0,0909,54656.0,63.0
150400.0,4506,94761.0,63.0
206695.0,4201,42690.0,63.0
228431.0,5202,62185.0,63.0
127741.0,5007,46502.0,63.0
497824.0,5202,55483.0,63.0
462354.0,5006,35917.0,63.0
199218.0,3020,54707.0,63.0
163453.0,4511,52116.0,63.0
102368.0,5203,67190.0,63.0
118693.0,5202,81996.0,63.0
203465.0,4511,40217.0,63.0
175421.0,3105,48349.0,63.0
230764.0,5007,50166.0,63.0
102553.0,4201,51858.0,63.0
163286.0,4511,65974.0,63.0
148654.0,5203,64048.0,63.0
214175.0,5208,94403.0,63.0
147244.0,5202,71489.0,63.0
157447.0,2601,56999.0,63.0
164173.0,5205,60109.0,63.0
228875.0,4201,65356.0,63.0
110529.0,0406,69790.0,63.0
200800.0,1410,97875.0,63.0
110510.0,4510,53378.0,63.0
157085.0,5401,46111.0,63.0
127565.0,4227,48655.0,63.0
179566.0,1907,41866.0,63.0
100830.0,1312,48715.0,63.0
157386.0,1500,76568.0,63.0
210669.0,4201,48890.0,63.0
143358.0,5203,80877.0,63.0
221847.0,1410,94179.0,63.0
193584.0,5138,87529.0,63.0
157386.0,5202,55282.0,63.0
196097.0,3031,83075.0,63.0
214041.0,1312,49373.0,63.0
204866.0,1909,58647.0,63.0
184773.0,5138,96213.0,63.0
204024.0,5122,56955.0,63.0
204820.0,1909,58647.0,63.0
157085.0,2301,44384.0,63.0
223232.0,5206,84808.0,63.0
120865.0,5138,140542.0,63.0
110486.0,1413,88948.0,63.0
179867.0,1107,177066.0,63.0
150677.0,5202,66597.0,63.0
216597.0,4201,73684.0,63.0
171100.0,2701,72226.0,63.0
217165.0,2703,86595.0,63.0
177339.0,5202,55483.0,63.0
225414.0,3105,55083.0,63.0
193016.0,4407,59024.0,63.0
169248.0,5004,54254.0,63.0
142461.0,5138,76250.0,63.0
169248.0,4510,50462.0,63.0
177968.0,1101,86526.0,63.0
173124.0,4407,56345.0,63.0
106704.0,5199,54517.0,63.0
187444.0,2301,42632.0,63.0
178721.0,1101,78561.0,63.0
199148.0,3019,51802.0,63.0
243780.0,3105,72724.0,63.0
243780.0,4510,71601.0,63.0
166850.0,1301,55180.0,63.0
204802.0,1909,58647.0,63.0
240329.0,1303,47047.0,63.0
204839.0,1909,58647.0,63.0
199218.0,5122,60722.0,63.0
196042.0,1508,91941.0,63.0
172699.0,5006,45391.0,63.0
159647.0,1107,96365.0,63.0
192448.0,4301,51086.0,63.0
174899.0,5202,65192.0,63.0
204635.0,1419,85802.0,63.0
240444.0,1403,78368.0,63.0
129525.0,0901,62464.0,63.0
199157.0,3105,44678.0,63.0
240453.0,1304,46822.0,63.0
175078.0,5138,83735.0,63.0
177746.0,5004,43070.0,63.0
163268.0,5007,35125.0,63.0
110608.0,1437,74344.0,63.0
243212.0,2699,33568.0,63.0
217873.0,5202,58021.0,63.0
163268.0,2701,88967.0,63.0
163204.0,5401,55336.0,63.0
182281.0,4511,48528.0,63.0
212656.0,5202,60407.0,63.0
100858.0,1101,91087.0,63.0
141574.0,4510,55177.0,62.0
186399.0,3801,58891.0,62.0
117946.0,4511,68053.0,62.0
366711.0,5401,52985.0,62.0
227526.0,4407,45742.0,62.0
217633.0,1312,43612.0,62.0
219000.0,5202,68463.0,62.0
240480.0,5007,42771.0,62.0
195809.0,1312,69439.0,62.0
110671.0,4005,64131.0,62.0
159717.0,1312,48195.0,62.0
174154.0,5106,73741.0,62.0
201441.0,5007,36036.0,62.0
186380.0,3801,58891.0,62.0
151388.0,4301,51990.0,62.0
219356.0,0100,61132.0,62.0
218229.0,5138,75458.0,62.0
489779.0,2200,43441.0,62.0
230038.0,5220,98073.0,62.0
122409.0,1409,116842.0,62.0
236948.0,4006,66845.0,62.0
196051.0,4301,52244.0,62.0
377564.0,0502,57534.0,62.0
186399.0,3099,51581.0,62.0
139959.0,0101,75921.0,62.0
241720.0,5138,38826.0,62.0
196200.0,4201,48601.0,62.0
240365.0,5202,79228.0,62.0
159647.0,3105,53391.0,62.0
190716.0,5109,114737.0,62.0
216807.0,5202,62412.0,62.0
227526.0,1419,88708.0,62.0
219471.0,5115,52211.0,62.0
117946.0,5007,58468.0,62.0
130493.0,1301,52659.0,62.0
110680.0,5001,45915.0,62.0
217518.0,0901,70575.0,62.0
377555.0,4006,66845.0,62.0
102368.0,4499,41240.0,62.0
195030.0,4506,109324.0,62.0
190415.0,0109,52967.0,62.0
228431.0,5209,49776.0,62.0
227881.0,5210,57689.0,62.0
178721.0,5107,58170.0,62.0
201441.0,4510,58254.0,62.0
218742.0,0901,45298.0,62.0
232982.0,5102,56039.0,62.0
160038.0,4407,47296.0,62.0
157085.0,0301,50204.0,62.0
233426.0,3105,65112.0,62.0
157447.0,5202,67319.0,62.0
196185.0,5001,47321.0,62.0
201885.0,0907,43570.0,62.0
196237.0,0901,47095.0,62.0
129525.0,5109,82172.0,62.0
186380.0,3099,51581.0,62.0
236948.0,0502,57534.0,62.0
240417.0,1500,76784.0,62.0
210146.0,0901,49511.0,62.0
229179.0,5210,62863.0,62.0
377555.0,0502,57534.0,62.0
240392.0,5106,73741.0,62.0
228325.0,1301,50491.0,62.0
196194.0,2607,40755.0,62.0
236948.0,2301,57649.0,62.0
110529.0,5401,51217.0,62.0
190637.0,2601,52420.0,62.0
185590.0,5005,39248.0,62.0
222178.0,5202,63259.0,62.0
133669.0,1410,93561.0,62.0
231712.0,4511,55057.0,62.0
106704.0,5214,57940.0,62.0
170976.0,4502,53042.0,62.0
220075.0,5199,60298.0,62.0
199157.0,3103,42426.0,62.0
154022.0,5401,49773.0,62.0
214777.0,1423,94365.0,62.0
145637.0,4511,55393.0,62.0
226231.0,1312,43305.0,62.0
202480.0,5206,84595.0,62.0
126775.0,1405,95142.0,62.0
189705.0,2607,40174.0,62.0
209542.0,5203,75219.0,62.0
100751.0,1904,65674.0,62.0
240444.0,5123,63061.0,62.0
243601.0,1419,54689.0,62.0
148487.0,5213,69382.0,62.0
229063.0,4301,45961.0,62.0
228875.0,5214,97148.0,62.0
176080.0,0109,52755.0,62.0
138947.0,4201,45368.0,62.0
202523.0,0901,66730.0,62.0
137032.0,4511,50231.0,62.0
110644.0,2701,72640.0,62.0
128771.0,5138,92216.0,62.0
181394.0,3105,56027.0,62.0
198835.0,3105,53609.0,62.0
110644.0,3025,68463.0,62.0
236328.0,4506,81082.0,62.0
196079.0,5202,76271.0,62.0
161509.0,5007,34720.0,62.0
440828.0,0111,57950.0,62.0
151324.0,5220,94902.0,62.0
199102.0,5138,81704.0,62.0
126818.0,0101,58983.0,62.0
497037.0,5202,63259.0,62.0
136215.0,5202,67851.0,62.0
155317.0,4510,61839.0,62.0
232186.0,5006,50086.0,62.0
144740.0,5004,55213.0,62.0
228778.0,5001,53829.0,62.0
215929.0,5214,83756.0,62.0
440828.0,5203,75219.0,62.0
176965.0,1399,44338.0,62.0
163286.0,5007,55713.0,62.0
149231.0,1408,85969.0,62.0
131113.0,4201,50669.0,62.0
212054.0,5006,42980.0,62.0
225414.0,5107,60419.0,62.0
234030.0,5110,80344.0,62.0
186371.0,3099,51581.0,62.0
232186.0,5209,62727.0,62.0
209542.0,0111,57950.0,62.0
186371.0,3801,58891.0,62.0
172644.0,0909,59025.0,62.0
127060.0,4509,59895.0,62.0
204796.0,1905,57859.0,62.0
182670.0,1107,201702.0,62.0
140447.0,5210,68052.0,62.0
227216.0,5005,42362.0,62.0
195544.0,5107,76238.0,62.0
110486.0,2301,52420.0,62.0
220978.0,0109,41965.0,62.0
219602.0,5202,55567.0,62.0
138187.0,5109,89532.0,62.0
201195.0,5138,75687.0,62.0
217688.0,3105,47715.0,62.0
229115.0,4006,74591.0,62.0
229027.0,5009,53878.0,62.0
229115.0,0301,48134.0,62.0
189088.0,3001,64518.0,62.0
142276.0,1312,46189.0,62.0
106397.0,1407,93641.0,62.0
139940.0,5206,84681.0,62.0
171100.0,5131,58989.0,62.0
215770.0,5217,101930.0,62.0
234085.0,4509,72700.0,62.0
110565.0,2604,71185.0,62.0
232265.0,3105,48610.0,61.0
206695.0,1313,42737.0,61.0
104151.0,4005,58247.0,61.0
215275.0,4502,46328.0,61.0
240107.0,5202,70009.0,61.0
204820.0,1408,81019.0,61.0
142285.0,5202,81967.0,61.0
205443.0,5107,55703.0,61.0
186399.0,4008,67544.0,61.0
233277.0,5007,40679.0,61.0
107044.0,5138,71872.0,61.0
243346.0,5203,35180.0,61.0
162928.0,1405,114673.0,61.0
186371.0,4005,73245.0,61.0
225511.0,4006,68127.0,61.0
436818.0,3019,63292.0,61.0
122931.0,5203,130087.0,61.0
196130.0,4511,49595.0,61.0
235343.0,1102,92375.0,61.0
151324.0,5210,67452.0,61.0
199148.0,1310,48151.0,61.0
188030.0,4201,45637.0,61.0
162760.0,5202,78503.0,61.0
206437.0,5202,75364.0,61.0
169910.0,1312,45053.0,61.0
150534.0,3105,63830.0,61.0
183257.0,5107,75291.0,61.0
235097.0,5214,64677.0,61.0
198835.0,5138,78839.0,61.0
176965.0,1907,43166.0,61.0
147767.0,1107,155106.0,61.0
187444.0,5007,44298.0,61.0
486840.0,5401,43954.0,61.0
232423.0,1401,91761.0,61.0
236948.0,5109,150811.0,61.0
183044.0,5107,75291.0,61.0
207388.0,1313,54953.0,61.0
210429.0,3105,54540.0,61.0
200332.0,1410,94510.0,61.0
243221.0,4510,41417.0,61.0
225414.0,2601,64555.0,61.0
134130.0,1601,48198.0,61.0
186283.0,1313,61208.0,61.0
139940.0,2615,51367.0,61.0
177065.0,1101,81090.0,61.0
102368.0,3105,53112.0,61.0
127741.0,4511,48154.0,61.0
144892.0,1312,43190.0,61.0
110556.0,0111,77034.0,61.0
102368.0,1101,79492.0,61.0
234076.0,3099,66350.0,61.0
199120.0,1405,97992.0,61.0
149222.0,2607,43207.0,61.0
100858.0,0909,67413.0,61.0
169363.0,5214,68606.0,61.0
186399.0,4005,73245.0,61.0
192192.0,5123,70306.0,61.0
199139.0,5107,52400.0,61.0
107141.0,5202,70720.0,61.0
102094.0,3101,46912.0,61.0
137546.0,5208,85033.0,61.0
110592.0,5401,55413.0,61.0
204857.0,1408,81019.0,61.0
157085.0,1909,66255.0,61.0
201654.0,1419,86062.0,61.0
190512.0,4404,69033.0,61.0
119605.0,3000,58727.0,61.0
215293.0,4502,46328.0,61.0
163268.0,4510,64756.0,61.0
463056.0,3019,63292.0,61.0
202134.0,5111,67214.0,61.0
230603.0,5203,78586.0,61.0
194310.0,4301,63514.0,61.0
232186.0,3005,72271.0,61.0
238476.0,5208,86952.0,61.0
102094.0,5214,50483.0,61.0
175272.0,4301,62220.0,61.0
142522.0,3103,41946.0,61.0
191630.0,0901,73650.0,61.0
165820.0,2601,65991.0,61.0
483124.0,4005,58247.0,61.0
183026.0,4006,62360.0,61.0
159416.0,2401,49127.0,61.0
104179.0,5401,51737.0,61.0
194392.0,0306,50171.0,61.0
241216.0,1003,23042.0,61.0
110680.0,1907,61262.0,61.0
174792.0,5203,80872.0,61.0
228769.0,0402,62345.0,61.0
170967.0,5202,60312.0,61.0
196200.0,0901,43686.0,61.0
151351.0,4407,51994.0,61.0
217420.0,5109,84238.0,61.0
110662.0,2605,65024.0,61.0
136330.0,4201,51530.0,61.0
219356.0,1419,87704.0,61.0
179566.0,0111,47267.0,61.0
226091.0,5201,56206.0,61.0
178615.0,4227,41487.0,61.0
201441.0,5107,61483.0,61.0
161554.0,4407,52903.0,61.0
206084.0,1104,73932.0,61.0
172699.0,1312,47898.0,61.0
110680.0,2703,85233.0,61.0
204839.0,1408,81019.0,61.0
207500.0,4407,54330.0,61.0
190415.0,0301,68088.0,61.0
142115.0,1313,47505.0,61.0
196194.0,1312,57622.0,61.0
123961.0,2601,63125.0,61.0
230782.0,4407,55801.0,61.0
204866.0,1408,81019.0,61.0
192819.0,5203,106313.0,61.0
238616.0,5214,68606.0,61.0
212106.0,4201,48850.0,61.0
436827.0,3019,63292.0,61.0
217059.0,3105,57918.0,61.0
209807.0,5401,54131.0,61.0
172699.0,1101,74566.0,61.0
200332.0,5109,77589.0,61.0
106397.0,5213,88067.0,61.0
164924.0,1107,143204.0,61.0
151388.0,2401,53389.0,61.0
482680.0,4510,59993.0,61.0
482705.0,2615,74617.0,61.0
220215.0,5138,67718.0,61.0
106458.0,4201,44872.0,61.0
366711.0,5208,77312.0,61.0
203085.0,5202,65471.0,61.0
186380.0,4005,73245.0,61.0
204024.0,4407,49572.0,61.0
162007.0,5138,103814.0,61.0
145813.0,1107,111099.0,61.0
180489.0,0306,43286.0,61.0
183239.0,4504,69676.0,61.0
174233.0,5107,68386.0,61.0
196042.0,3105,51580.0,61.0
186371.0,4008,67544.0,61.0
186380.0,4008,67544.0,61.0
204848.0,1408,81019.0,61.0
157289.0,1407,101068.0,61.0
123554.0,2401,68501.0,61.0
195003.0,1435,105313.0,61.0
129020.0,3019,63292.0,61.0
207458.0,5009,35621.0,61.0
233277.0,5203,78780.0,61.0
104179.0,1310,52173.0,61.0
126669.0,0901,44245.0,61.0
160658.0,1107,83527.0,61.0
190549.0,2301,54014.0,61.0
179566.0,0109,41658.0,61.0
142276.0,4201,46073.0,61.0
147767.0,5005,49316.0,61.0
483036.0,1101,63281.0,61.0
436836.0,3019,63292.0,61.0
161873.0,3099,64305.0,61.0
171137.0,1101,90430.0,61.0
240268.0,1101,106724.0,61.0
219259.0,5202,56571.0,61.0
181464.0,5007,41549.0,61.0
204802.0,1408,81019.0,61.0
230764.0,3101,59855.0,61.0
171456.0,5202,49202.0,61.0
195003.0,1110,138679.0,61.0
173920.0,1101,95398.0,61.0
167358.0,2615,74617.0,61.0
229115.0,5007,50892.0,61.0
141574.0,4407,58097.0,61.0
201104.0,5202,68823.0,61.0
232681.0,2601,61864.0,61.0
228501.0,3099,49184.0,60.0
236939.0,5401,58415.0,60.0
122436.0,1419,91848.0,60.0
221759.0,4506,67902.0,60.0
187985.0,4511,52094.0,60.0
165802.0,4400,48902.0,60.0
243346.0,4201,26574.0,60.0
132903.0,4511,52197.0,60.0
176080.0,2601,51221.0,60.0
122409.0,5005,41812.0,60.0
234085.0,1408,76991.0,60.0
202480.0,2601,67414.0,60.0
196097.0,1410,98573.0,60.0
157447.0,2301,44385.0,60.0
218663.0,1407,98244.0,60.0
241739.0,4201,26280.0,60.0
228796.0,4510,54069.0,60.0
238616.0,5123,64784.0,60.0
139931.0,4510,58949.0,60.0
183080.0,3099,55773.0,60.0
110538.0,1107,127498.0,60.0
157447.0,0909,49989.0,60.0
127565.0,5007,42490.0,60.0
196413.0,1408,88996.0,60.0
130943.0,5004,67742.0,60.0
209542.0,2401,56074.0,60.0
193900.0,1407,89744.0,60.0
204796.0,4502,50055.0,60.0
240471.0,4201,53242.0,60.0
243346.0,5212,33453.0,60.0
187985.0,0904,52760.0,60.0
170082.0,4510,48896.0,60.0
164748.0,1599,48069.0,60.0
218645.0,3105,43178.0,60.0
433660.0,0301,51265.0,60.0
154235.0,4201,56803.0,60.0
137847.0,2601,59432.0,60.0
200332.0,0109,50975.0,60.0
201441.0,5102,57196.0,60.0
139959.0,4407,48747.0,60.0
101879.0,5203,56814.0,60.0
154235.0,5214,66714.0,60.0
196006.0,5138,88810.0,60.0
122409.0,5122,60904.0,60.0
164988.0,5209,82302.0,60.0
169798.0,5201,63398.0,60.0
165015.0,1107,123460.0,60.0
190637.0,5122,56615.0,60.0
121309.0,4201,46437.0,60.0
196006.0,1508,80450.0,60.0
377555.0,4228,52771.0,60.0
160658.0,0909,51082.0,60.0
145600.0,1405,87393.0,60.0
224554.0,4407,52013.0,60.0
106412.0,5202,46323.0,60.0
172264.0,5203,59960.0,60.0
220613.0,0907,43241.0,60.0
111081.0,5006,29426.0,60.0
104179.0,5006,44145.0,60.0
101480.0,0901,43769.0,60.0
100858.0,1907,46242.0,60.0
139250.0,5138,81657.0,60.0
185590.0,2701,68371.0,60.0
136516.0,4301,55634.0,60.0
214777.0,4010,92864.0,60.0
148496.0,5138,80703.0,60.0
110635.0,5007,51699.0,60.0
167358.0,0301,70272.0,60.0
159647.0,1510,77558.0,60.0
214777.0,5006,43919.0,60.0
240189.0,1310,51908.0,60.0
202134.0,1407,81185.0,60.0
172699.0,5007,36615.0,60.0
227881.0,0101,62302.0,60.0
131113.0,5203,59954.0,60.0
240727.0,5214,58703.0,60.0
376385.0,5138,31352.0,60.0
168847.0,5123,65981.0,60.0
173124.0,4201,49116.0,60.0
198695.0,5004,61635.0,60.0
171483.0,4903,136748.0,60.0
190691.0,1107,73044.0,60.0
128780.0,5107,72446.0,60.0
243115.0,2605,37027.0,60.0
113698.0,5202,88913.0,60.0
220516.0,5107,54530.0,60.0
214777.0,0399,45833.0,60.0
153269.0,0909,63302.0,60.0
140960.0,5202,46957.0,60.0
106245.0,5100,46276.0,60.0
139366.0,5202,49673.0,60.0
151102.0,0901,46619.0,60.0
160755.0,4510,71160.0,60.0
174233.0,3105,63269.0,60.0
227216.0,1609,55259.0,60.0
243133.0,5202,36887.0,60.0
227216.0,1410,95294.0,60.0
170976.0,0502,63426.0,60.0
140234.0,5138,90392.0,60.0
207500.0,1410,91833.0,60.0
100858.0,3000,55331.0,60.0
195003.0,1101,100367.0,60.0
197869.0,5007,41002.0,60.0
110653.0,1407,97656.0,60.0
482705.0,0301,70272.0,60.0
241225.0,5138,29505.0,60.0
213349.0,0907,49132.0,60.0
232557.0,1907,38332.0,60.0
236948.0,4228,52771.0,60.0
106397.0,5401,49972.0,60.0
147776.0,2301,49141.0,60.0
161299.0,4903,103417.0,60.0
214777.0,1508,79342.0,60.0
166911.0,5007,37179.0,60.0
134608.0,5203,61675.0,60.0
161253.0,1510,89454.0,60.0
190594.0,2601,59204.0,60.0
163204.0,2301,54444.0,60.0
172699.0,4228,64679.0,60.0
179894.0,5005,39604.0,60.0
139658.0,4510,94001.0,60.0
166629.0,1409,113083.0,60.0
213349.0,2601,65948.0,60.0
232423.0,4507,63768.0,60.0
242653.0,4301,37894.0,60.0
110565.0,1313,63798.0,60.0
196024.0,5220,81047.0,60.0
440828.0,2401,56074.0,60.0
182281.0,4506,72119.0,60.0
174020.0,5115,60780.0,60.0
130776.0,5203,80895.0,60.0
173160.0,0901,53868.0,60.0
238193.0,5202,62340.0,60.0
190512.0,4510,64231.0,60.0
237367.0,5138,86071.0,60.0
110583.0,3020,53918.0,60.0
133951.0,5212,85737.0,60.0
142522.0,3020,45156.0,60.0
152080.0,5214,91088.0,60.0
169363.0,5123,64784.0,60.0
191515.0,4506,130633.0,60.0
243212.0,1312,26080.0,60.0
151306.0,4301,50916.0,60.0
234030.0,4304,61026.0,60.0
162928.0,4506,128882.0,60.0
200800.0,3008,85968.0,60.0
110556.0,2301,47223.0,60.0
228723.0,1422,91759.0,60.0
238032.0,4407,50130.0,60.0
115409.0,1401,122845.0,60.0
110361.0,5203,81150.0,60.0
196219.0,5009,41926.0,60.0
110617.0,2701,59162.0,60.0
174066.0,1435,92241.0,60.0
144892.0,5214,62994.0,60.0
196088.0,1405,84920.0,60.0
149772.0,3105,53576.0,60.0
115755.0,1414,78225.0,60.0
214591.0,1508,79342.0,60.0
138947.0,4301,47012.0,60.0
106704.0,5202,57826.0,60.0
159391.0,1435,94748.0,60.0
237011.0,4006,67208.0,60.0
190664.0,5102,78281.0,60.0
126775.0,1408,94228.0,60.0
170301.0,1401,82513.0,60.0
212054.0,0909,66750.0,60.0
199120.0,5009,58127.0,60.0
172699.0,1107,90876.0,59.0
140818.0,5202,65564.0,59.0
151111.0,1313,52841.0,59.0
131113.0,1110,81537.0,59.0
236948.0,5212,113308.0,59.0
100663.0,2301,48706.0,59.0
151360.0,2401,47530.0,59.0
139931.0,5199,49941.0,59.0
217156.0,1401,108550.0,59.0
237011.0,1609,65380.0,59.0
211981.0,0306,38899.0,59.0
100858.0,1410,99799.0,59.0
170976.0,2601,61127.0,59.0
139931.0,0907,51581.0,59.0
139968.0,4400,44286.0,59.0
217819.0,4511,48709.0,59.0
498562.0,1101,64063.0,59.0
130493.0,2601,67791.0,59.0
157216.0,5202,59415.0,59.0
170082.0,1419,90565.0,59.0
163286.0,2613,65639.0,59.0
224147.0,1101,86698.0,59.0
191931.0,4201,60525.0,59.0
196121.0,2301,43956.0,59.0
196121.0,4511,47738.0,59.0
126818.0,5401,52144.0,59.0
225414.0,3017,51151.0,59.0
234076.0,1427,144830.0,59.0
110565.0,4506,71595.0,59.0
232423.0,2701,75295.0,59.0
234030.0,5009,38278.0,59.0
110583.0,1510,103125.0,59.0
200004.0,0901,43322.0,59.0
145336.0,4301,55811.0,59.0
155317.0,3017,58883.0,59.0
126775.0,1439,88484.0,59.0
186371.0,1609,66519.0,59.0
110617.0,3011,60868.0,59.0
225511.0,5009,56667.0,59.0
232423.0,5009,51882.0,59.0
148584.0,5107,79421.0,59.0
225627.0,4301,54097.0,59.0
161572.0,0306,39017.0,59.0
154518.0,4201,50184.0,59.0
164632.0,4201,53682.0,59.0
226091.0,1407,101018.0,59.0
132903.0,1408,86803.0,59.0
220978.0,1515,83405.0,59.0
215442.0,5003,37205.0,59.0
107044.0,3105,54149.0,59.0
238032.0,5007,44180.0,59.0
182281.0,5005,40033.0,59.0
138716.0,1399,41282.0,59.0
199139.0,1410,93953.0,59.0
243221.0,0404,35023.0,59.0
215293.0,1405,86893.0,59.0
206695.0,3105,58297.0,59.0
181534.0,4201,45096.0,59.0
144281.0,1003,43970.0,59.0
138354.0,1101,79520.0,59.0
154022.0,0904,44589.0,59.0
221768.0,4407,42811.0,59.0
154022.0,2401,51307.0,59.0
165015.0,4405,75580.0,59.0
165015.0,2601,58384.0,59.0
234827.0,1107,95368.0,59.0
132903.0,4407,51153.0,59.0
149231.0,2301,41310.0,59.0
154095.0,5215,83592.0,59.0
161563.0,5202,52490.0,59.0
180814.0,1102,90435.0,59.0
238032.0,1907,48893.0,59.0
134130.0,2701,93022.0,59.0
227881.0,4510,55894.0,59.0
196866.0,4506,99783.0,59.0
134608.0,1101,71761.0,59.0
205957.0,1312,42987.0,59.0
134130.0,5203,94941.0,59.0
159391.0,0302,50173.0,59.0
122931.0,1419,122111.0,59.0
196592.0,2601,75886.0,59.0
186380.0,1609,66519.0,59.0
193292.0,5203,92683.0,59.0
232609.0,5138,77007.0,59.0
178624.0,4227,49872.0,59.0
186399.0,1609,66519.0,59.0
147703.0,5401,46086.0,59.0
157757.0,5100,59761.0,59.0
122597.0,4506,82697.0,59.0
196413.0,2301,60602.0,59.0
228459.0,2607,43943.0,59.0
193584.0,5202,57193.0,59.0
121691.0,4201,55739.0,59.0
122436.0,4201,74178.0,59.0
232681.0,1101,95461.0,59.0
227881.0,2401,54082.0,59.0
233277.0,5208,72364.0,59.0
240189.0,2401,60241.0,59.0
228769.0,5212,81538.0,59.0
145637.0,1609,61801.0,59.0
186876.0,2301,52809.0,59.0
178387.0,3099,51174.0,59.0
206084.0,5120,63190.0,59.0
161253.0,1508,91879.0,59.0
161253.0,0901,58306.0,59.0
110653.0,3099,60242.0,59.0
226471.0,3105,52245.0,59.0
145646.0,5202,71088.0,59.0
110653.0,5138,119502.0,59.0
228769.0,5211,72486.0,59.0
146612.0,3105,51021.0,59.0
145725.0,1107,120953.0,59.0
227216.0,2701,62465.0,59.0
160658.0,5102,51531.0,59.0
133711.0,4201,47078.0,59.0
160612.0,0901,46051.0,59.0
123961.0,5007,72428.0,59.0
366711.0,1312,51445.0,59.0
159966.0,4201,43011.0,59.0
196200.0,1313,57949.0,59.0
159647.0,5214,51118.0,59.0
128771.0,1419,94462.0,59.0
181394.0,1107,107248.0,59.0
153269.0,5213,97132.0,59.0
190512.0,0901,59756.0,59.0
237950.0,1407,96503.0,59.0
230038.0,1408,81928.0,59.0
216339.0,5212,75286.0,59.0
240462.0,1312,43805.0,59.0
168005.0,4510,73484.0,59.0
213020.0,5219,51725.0,59.0
182290.0,5206,74032.0,59.0
230038.0,1110,118606.0,59.0
238032.0,1407,96503.0,59.0
219471.0,1312,46034.0,59.0
216038.0,1101,78096.0,59.0
201885.0,1433,92984.0,59.0
207500.0,3000,59001.0,59.0
231712.0,2301,55379.0,59.0
174358.0,4201,49492.0,59.0
230038.0,1101,113338.0,59.0
482680.0,5208,67554.0,59.0
199193.0,5206,82096.0,59.0
196060.0,4407,59475.0,59.0
243115.0,4228,25528.0,59.0
219356.0,4511,51910.0,59.0
199218.0,2301,46008.0,59.0
105330.0,1408,88184.0,59.0
183026.0,4404,72437.0,59.0
168528.0,3105,51559.0,59.0
231624.0,5401,63632.0,59.0
190691.0,5214,64386.0,59.0
243106.0,5214,27076.0,59.0
231554.0,5202,63715.0,59.0
190691.0,4511,59899.0,59.0
236595.0,2401,64098.0,59.0
185572.0,1101,95960.0,59.0
106397.0,4407,49458.0,59.0
153001.0,5210,56329.0,59.0
141264.0,5102,55426.0,59.0
237525.0,5109,67667.0,59.0
196079.0,5007,60299.0,59.0
211088.0,4201,55517.0,59.0
167598.0,2401,66664.0,59.0
243197.0,0111,30252.0,59.0
131283.0,5214,85029.0,59.0
212133.0,5138,90697.0,59.0
218441.0,3105,46748.0,59.0
231165.0,2401,42671.0,59.0
173328.0,4201,52447.0,59.0
174066.0,5005,43055.0,58.0
184603.0,5208,84606.0,58.0
433660.0,1408,84451.0,58.0
157085.0,0103,46843.0,58.0
157535.0,5202,49971.0,58.0
104179.0,1108,61892.0,58.0
237950.0,1410,99542.0,58.0
141574.0,2601,45307.0,58.0
204796.0,1101,118833.0,58.0
155627.0,5202,64798.0,58.0
204024.0,5213,102249.0,58.0
122597.0,1909,53575.0,58.0
155636.0,5202,64798.0,58.0
230728.0,0306,45120.0,58.0
237525.0,5007,32723.0,58.0
203517.0,1435,72958.0,58.0
178396.0,1905,55747.0,58.0
233277.0,5004,55856.0,58.0
178396.0,0101,82831.0,58.0
399911.0,2401,52896.0,58.0
162928.0,1101,196467.0,58.0
142285.0,2401,47654.0,58.0
209551.0,5401,48354.0,58.0
180814.0,5203,62349.0,58.0
168430.0,1312,52337.0,58.0
162007.0,1199,97030.0,58.0
198464.0,1909,56134.0,58.0
228459.0,3020,60976.0,58.0
161253.0,2601,57185.0,58.0
412599.0,4301,37199.0,58.0
155399.0,4901,85147.0,58.0
130226.0,5203,103533.0,58.0
217420.0,5107,57195.0,58.0
161457.0,2601,70283.0,58.0
428259.0,5202,64798.0,58.0
198419.0,4201,73359.0,58.0
203517.0,2607,35875.0,58.0
436836.0,0904,59604.0,58.0
115755.0,5007,34812.0,58.0
178615.0,3105,55213.0,58.0
147767.0,5009,53875.0,58.0
436827.0,0904,59604.0,58.0
236948.0,2701,100127.0,58.0
159647.0,2601,59671.0,58.0
436818.0,0904,59604.0,58.0
232566.0,4201,48942.0,58.0
101480.0,5214,47514.0,58.0
377111.0,4301,37199.0,58.0
205957.0,3904,40987.0,58.0
156365.0,5201,59805.0,58.0
230728.0,5007,48180.0,58.0
236939.0,4510,67264.0,58.0
123457.0,5202,58478.0,58.0
233277.0,5109,68364.0,58.0
486840.0,4509,60031.0,58.0
122931.0,5214,104723.0,58.0
159391.0,1909,48603.0,58.0
236948.0,2609,60004.0,58.0
196680.0,5199,57947.0,58.0
141565.0,5120,131134.0,58.0
196592.0,4400,51886.0,58.0
157951.0,1313,40838.0,58.0
242662.0,4304,31181.0,58.0
196042.0,1503,87895.0,58.0
228769.0,2701,66261.0,58.0
178402.0,1419,90588.0,58.0
262086.0,4201,58836.0,58.0
377555.0,2701,100127.0,58.0
156082.0,4301,53587.0,58.0
160612.0,5007,40307.0,58.0
184694.0,5208,84606.0,58.0
237899.0,4301,50063.0,58.0
110680.0,4227,63130.0,58.0
102094.0,5208,62084.0,58.0
133881.0,1419,92753.0,58.0
212115.0,5138,97321.0,58.0
145813.0,5122,84790.0,58.0
122612.0,5203,95973.0,58.0
217484.0,1408,79457.0,58.0
200022.0,5202,122948.0,58.0
159966.0,1509,74167.0,58.0
159966.0,1312,49442.0,58.0
217882.0,0402,63892.0,58.0
177968.0,5203,66383.0,58.0
154013.0,5201,64408.0,58.0
128106.0,0901,51721.0,58.0
174783.0,5110,78067.0,58.0
210739.0,5199,124965.0,58.0
194578.0,1003,35100.0,58.0
238032.0,1410,99542.0,58.0
191241.0,4511,71581.0,58.0
228802.0,4301,44607.0,58.0
100858.0,1310,55544.0,58.0
110529.0,1510,105812.0,58.0
199139.0,3020,51082.0,58.0
445267.0,5203,52836.0,58.0
153658.0,2601,60450.0,58.0
176372.0,0904,41293.0,58.0
464226.0,5202,64798.0,58.0
149222.0,5106,68609.0,58.0
206941.0,2601,50748.0,58.0
127556.0,2601,45737.0,58.0
223463.0,4301,37199.0,58.0
209506.0,1419,95470.0,58.0
240444.0,5007,48684.0,58.0
199193.0,3020,73362.0,58.0
194578.0,5006,46874.0,58.0
106397.0,4511,43290.0,58.0
110361.0,4511,54060.0,58.0
153375.0,3105,54875.0,58.0
236595.0,0907,61021.0,58.0
165936.0,5202,73576.0,58.0
210775.0,4301,58810.0,58.0
201195.0,1312,45784.0,58.0
209506.0,1512,112169.0,58.0
202480.0,5212,107354.0,58.0
454582.0,5202,64798.0,58.0
129020.0,0904,59604.0,58.0
106397.0,1408,79929.0,58.0
451866.0,4301,37199.0,58.0
463056.0,0904,59604.0,58.0
188030.0,0904,45765.0,58.0
199120.0,4502,56589.0,58.0
217873.0,4301,41353.0,58.0
150136.0,1310,51267.0,58.0
206604.0,5210,65293.0,58.0
164173.0,4201,57285.0,58.0
110583.0,1601,38996.0,58.0
163286.0,5401,60089.0,58.0
166638.0,0301,61382.0,58.0
155061.0,4301,55790.0,58.0
214175.0,0901,58473.0,58.0
110565.0,5211,60832.0,58.0
235422.0,1312,60999.0,58.0
100751.0,2601,59637.0,58.0
199148.0,5122,53124.0,58.0
149222.0,1107,91299.0,58.0
198516.0,4201,69856.0,58.0
237011.0,3101,50832.0,58.0
240444.0,1409,120068.0,58.0
163286.0,1402,98044.0,58.0
105330.0,1107,99067.0,58.0
174899.0,5107,71540.0,58.0
106467.0,0101,58493.0,58.0
176947.0,5203,52836.0,58.0
128391.0,3105,40636.0,58.0
176965.0,5004,42778.0,58.0
110556.0,4504,48647.0,58.0
110547.0,5110,109642.0,58.0
110538.0,4501,50845.0,58.0
163851.0,5208,80478.0,58.0
217305.0,5202,76351.0,58.0
171100.0,4005,65983.0,58.0
229179.0,4511,52196.0,58.0
190983.0,5202,60556.0,57.0
173920.0,4901,103858.0,57.0
184603.0,4504,53055.0,57.0
209056.0,4201,55288.0,57.0
207388.0,2613,53126.0,57.0
206695.0,2601,52447.0,57.0
201195.0,5208,74535.0,57.0
190655.0,1510,96378.0,57.0
188429.0,5202,69087.0,57.0
217484.0,5006,44983.0,57.0
196246.0,0907,45121.0,57.0
185129.0,1101,65368.0,57.0
183062.0,5100,55913.0,57.0
185129.0,5100,52151.0,57.0
215655.0,2703,76610.0,57.0
207847.0,1312,46166.0,57.0
200280.0,1408,87828.0,57.0
204866.0,1107,93282.0,57.0
179955.0,5202,60126.0,57.0
179159.0,5210,76354.0,57.0
199111.0,5001,40444.0,57.0
214591.0,0907,66876.0,57.0
204839.0,1107,93282.0,57.0
216339.0,1907,51610.0,57.0
214777.0,0907,66876.0,57.0
204857.0,1107,93282.0,57.0
213020.0,5210,58975.0,57.0
198419.0,1405,105921.0,57.0
176965.0,1107,90822.0,57.0
204796.0,0904,51280.0,57.0
191931.0,5203,89359.0,57.0
214041.0,5009,40713.0,57.0
172644.0,5122,55302.0,57.0
204820.0,1107,93282.0,57.0
183044.0,5102,65694.0,57.0
191968.0,5009,51338.0,57.0
211440.0,1407,110378.0,57.0
182795.0,4301,70125.0,57.0
196060.0,1110,95885.0,57.0
204802.0,1107,93282.0,57.0
210331.0,5202,60719.0,57.0
214272.0,4399,140283.0,57.0
182980.0,5202,63909.0,57.0
206437.0,5203,71604.0,57.0
204848.0,1107,93282.0,57.0
215062.0,5138,98475.0,57.0
176372.0,2301,39214.0,57.0
203368.0,1301,45791.0,57.0
202480.0,3105,63592.0,57.0
213303.0,5202,57447.0,57.0
210739.0,5203,74169.0,57.0
185262.0,1101,91546.0,57.0
212009.0,5211,84990.0,57.0
202806.0,1101,77175.0,57.0
184694.0,4504,53055.0,57.0
210739.0,5202,79595.0,57.0
192192.0,4301,57295.0,57.0
192864.0,0901,62844.0,57.0
174747.0,5138,84492.0,57.0
209542.0,4502,45184.0,57.0
217484.0,1405,96532.0,57.0
196194.0,2313,40579.0,57.0
207263.0,1107,67854.0,57.0
213543.0,5214,98320.0,57.0
206622.0,0909,60642.0,57.0
203128.0,5203,58941.0,57.0
206084.0,1408,79886.0,57.0
178615.0,0901,50785.0,57.0
227757.0,1101,182443.0,57.0
127565.0,0904,47460.0,57.0
152637.0,1506,57348.0,57.0
219356.0,0101,67425.0,57.0
110705.0,4008,85219.0,57.0
146612.0,5203,72812.0,57.0
229814.0,5214,58303.0,57.0
240365.0,4201,51721.0,57.0
123961.0,0904,79776.0,57.0
225627.0,5004,48472.0,57.0
145637.0,2701,78891.0,57.0
157447.0,1313,45738.0,57.0
165699.0,4201,53380.0,57.0
240480.0,3105,43119.0,57.0
233921.0,2602,67621.0,57.0
137032.0,3105,50424.0,57.0
240480.0,1101,78823.0,57.0
110547.0,2601,54405.0,57.0
233277.0,4407,47716.0,57.0
130493.0,5007,36387.0,57.0
170976.0,4405,73749.0,57.0
219356.0,1408,82486.0,57.0
487603.0,5202,72343.0,57.0
238616.0,4301,56188.0,57.0
101879.0,5214,51124.0,57.0
168421.0,1402,105171.0,57.0
225511.0,0901,49545.0,57.0
148405.0,5202,63331.0,57.0
101480.0,2601,48523.0,57.0
232423.0,5102,65770.0,57.0
126614.0,1402,116350.0,57.0
228769.0,1409,105871.0,57.0
126775.0,1412,97497.0,57.0
128771.0,5004,57214.0,57.0
155335.0,5138,77122.0,57.0
220613.0,0909,41882.0,57.0
243780.0,2601,58225.0,57.0
142522.0,5299,60102.0,57.0
234827.0,5220,97651.0,57.0
221351.0,5202,77838.0,57.0
235097.0,1907,49391.0,57.0
479956.0,0907,66876.0,57.0
169910.0,5219,61884.0,57.0
169363.0,4301,56188.0,57.0
166629.0,3019,63019.0,57.0
131469.0,5211,99018.0,57.0
133881.0,1402,97015.0,57.0
236577.0,0901,62411.0,57.0
228875.0,0907,61636.0,57.0
240374.0,0901,53923.0,57.0
236133.0,5202,72343.0,57.0
169798.0,2601,50722.0,57.0
106704.0,5201,59641.0,57.0
234827.0,4511,63608.0,57.0
115755.0,4504,55174.0,57.0
234164.0,4504,49024.0,57.0
228796.0,2301,45184.0,57.0
218645.0,1312,43728.0,57.0
153658.0,4407,52451.0,57.0
240444.0,3019,59329.0,57.0
229063.0,2401,44953.0,57.0
122597.0,2601,74204.0,57.0
141334.0,5212,70574.0,57.0
141264.0,2601,51991.0,57.0
106397.0,1435,98765.0,57.0
122597.0,3101,55212.0,57.0
483036.0,3099,50276.0,57.0
145600.0,3008,77321.0,57.0
131469.0,5214,95528.0,57.0
243197.0,1313,32097.0,57.0
218663.0,4511,53293.0,57.0
157085.0,0101,65847.0,57.0
231174.0,2601,50813.0,57.0
100858.0,0402,72420.0,57.0
151102.0,1508,81259.0,57.0
156125.0,1409,76203.0,57.0
110644.0,5006,57999.0,57.0
224004.0,2401,52691.0,57.0
224554.0,2701,74396.0,57.0
110608.0,5005,43240.0,57.0
128771.0,1312,52220.0,57.0
128771.0,0909,62580.0,57.0
440828.0,4502,45184.0,57.0
100751.0,5401,50213.0,57.0
126818.0,1408,88001.0,57.0
128744.0,5106,74822.0,57.0
223232.0,0907,46043.0,57.0
167996.0,5203,94984.0,57.0
151351.0,0301,55861.0,57.0
217536.0,4201,61121.0,57.0
126818.0,5209,62556.0,57.0
156620.0,3103,41877.0,57.0
151360.0,4301,58155.0,57.0
127565.0,4901,72846.0,57.0
178624.0,1313,46501.0,56.0
206437.0,5205,71001.0,56.0
151111.0,2301,38198.0,56.0
168005.0,4201,54117.0,56.0
111188.0,5202,75574.0,56.0
213321.0,5199,129397.0,56.0
134079.0,0909,52796.0,56.0
159717.0,4511,47592.0,56.0
122597.0,5102,70532.0,56.0
221759.0,0402,68765.0,56.0
155317.0,2301,46464.0,56.0
228802.0,5202,67980.0,56.0
110662.0,1407,108066.0,56.0
142276.0,5110,71038.0,56.0
178396.0,1445,86844.0,56.0
235422.0,4407,58634.0,56.0
133951.0,5401,56676.0,56.0
144971.0,5202,57983.0,56.0
144962.0,5208,76433.0,56.0
142285.0,5208,71929.0,56.0
136950.0,5202,61095.0,56.0
187444.0,5009,39553.0,56.0
120768.0,1312,51865.0,56.0
187134.0,2301,56905.0,56.0
226231.0,1419,84998.0,56.0
141264.0,5214,59865.0,56.0
207324.0,5138,70909.0,56.0
155399.0,1313,48801.0,56.0
199032.0,5202,67034.0,56.0
111081.0,5005,41192.0,56.0
240365.0,4301,58489.0,56.0
433660.0,2301,45842.0,56.0
150136.0,5210,75822.0,56.0
199218.0,3103,50241.0,56.0
207041.0,3105,46698.0,56.0
178341.0,5138,75985.0,56.0
155335.0,1312,45869.0,56.0
218964.0,2601,50536.0,56.0
233921.0,5209,72817.0,56.0
228778.0,4008,74738.0,56.0
196097.0,5401,50444.0,56.0
214777.0,1425,113669.0,56.0
174066.0,2705,80993.0,56.0
239716.0,5201,64162.0,56.0
110510.0,2301,43648.0,56.0
204185.0,5202,68305.0,56.0
237932.0,2401,50061.0,56.0
166027.0,4510,95838.0,56.0
230995.0,5202,73203.0,56.0
235097.0,5106,75533.0,56.0
139861.0,5203,69875.0,56.0
139861.0,2601,58522.0,56.0
212054.0,1404,85839.0,56.0
240329.0,4511,50737.0,56.0
230852.0,2401,91533.0,56.0
216667.0,4506,72305.0,56.0
216597.0,2701,109851.0,56.0
236595.0,1107,128314.0,56.0
213507.0,5202,65696.0,56.0
166513.0,5007,52637.0,56.0
154013.0,5210,61772.0,56.0
176628.0,5138,74562.0,56.0
133951.0,1510,99471.0,56.0
159416.0,5202,54808.0,56.0
475200.0,2401,55846.0,56.0
196291.0,5299,85603.0,56.0
134097.0,5201,74716.0,56.0
142522.0,4407,45229.0,56.0
167260.0,3105,53531.0,56.0
159993.0,1312,47767.0,56.0
459949.0,5208,64417.0,56.0
151102.0,5106,57814.0,56.0
174066.0,0303,41934.0,56.0
127185.0,4201,46256.0,56.0
153658.0,5401,46819.0,56.0
217907.0,5202,47785.0,56.0
169248.0,1101,73112.0,56.0
240453.0,0502,42435.0,56.0
237899.0,1312,43924.0,56.0
221740.0,4407,48410.0,56.0
157951.0,5208,70313.0,56.0
194578.0,5007,42282.0,56.0
110422.0,5007,59721.0,56.0
169248.0,2301,39262.0,56.0
197045.0,5100,62369.0,56.0
218645.0,0901,58203.0,56.0
181394.0,1104,82883.0,56.0
171571.0,5202,84052.0,56.0
216852.0,5299,73790.0,56.0
192749.0,0901,60523.0,56.0
127185.0,3105,41675.0,56.0
179159.0,0901,57787.0,56.0
240268.0,5107,80564.0,56.0
199111.0,0901,42743.0,56.0
199148.0,5401,42251.0,56.0
178402.0,2401,52117.0,56.0
145646.0,5203,97022.0,56.0
100858.0,1313,48474.0,56.0
180814.0,5204,83581.0,56.0
174066.0,5220,91947.0,56.0
110556.0,5210,64479.0,56.0
200004.0,5102,52183.0,56.0
110592.0,3019,52797.0,56.0
110556.0,5004,38397.0,56.0
167987.0,2301,47268.0,56.0
196176.0,0907,47453.0,56.0
110705.0,1409,144703.0,56.0
245953.0,5202,59866.0,56.0
190576.0,5107,81184.0,56.0
147767.0,1419,98277.0,56.0
217864.0,4510,68504.0,56.0
101709.0,5007,35921.0,56.0
167987.0,1408,79051.0,56.0
232609.0,4504,48597.0,56.0
165015.0,4510,74018.0,56.0
488679.0,4301,52629.0,56.0
221847.0,1407,91580.0,56.0
199999.0,2601,47527.0,56.0
217873.0,0901,38161.0,56.0
241739.0,5212,36557.0,56.0
157386.0,2601,65624.0,56.0
237066.0,2401,55846.0,56.0
138868.0,5202,50094.0,56.0
238032.0,5005,40942.0,56.0
201441.0,1313,47937.0,56.0
221999.0,4510,102789.0,56.0
139931.0,5212,81310.0,56.0
156125.0,1312,47389.0,56.0
180461.0,2401,45975.0,56.0
243780.0,2705,104047.0,56.0
163851.0,1313,59311.0,56.0
198516.0,5203,105707.0,56.0
232423.0,1601,62366.0,56.0
110671.0,1409,107193.0,56.0
163851.0,0301,49706.0,56.0
110671.0,5007,40774.0,56.0
139940.0,5213,89587.0,56.0
185828.0,1104,103918.0,56.0
151801.0,4301,52629.0,56.0
168263.0,4510,60025.0,56.0
243780.0,5122,66892.0,56.0
206941.0,1907,46420.0,56.0
148654.0,0901,52588.0,56.0
196158.0,1312,49763.0,56.0
126580.0,5401,43949.0,56.0
155399.0,5212,85396.0,56.0
191649.0,4510,63728.0,56.0
110547.0,5199,51549.0,56.0
130776.0,5214,68490.0,56.0
137564.0,4407,52194.0,56.0
219356.0,0111,78494.0,56.0
110705.0,5213,96078.0,56.0
157386.0,4511,50331.0,56.0
130590.0,4506,122068.0,56.0
130493.0,5102,61336.0,56.0
241410.0,0402,45710.0,56.0
366711.0,2601,70789.0,56.0
183044.0,1407,93711.0,56.0
199962.0,3105,52822.0,56.0
110538.0,1515,86430.0,56.0
110547.0,0907,36326.0,56.0
185572.0,5007,44363.0,56.0
147660.0,1312,49224.0,56.0
230782.0,1312,55299.0,56.0
213020.0,1310,53494.0,56.0
182980.0,4301,59998.0,56.0
225885.0,5202,48225.0,56.0
190567.0,1409,117131.0,56.0
110714.0,1410,118290.0,56.0
240727.0,3105,57949.0,56.0
162283.0,4407,56599.0,56.0
237330.0,5202,45815.0,56.0
217882.0,2701,82450.0,56.0
169716.0,5202,89540.0,55.0
139311.0,4301,47627.0,55.0
157951.0,5107,60103.0,55.0
110671.0,1609,42692.0,55.0
190549.0,5102,50821.0,55.0
206507.0,1301,43077.0,55.0
228723.0,4502,52227.0,55.0
190637.0,4502,60488.0,55.0
110680.0,1405,98687.0,55.0
159647.0,1907,42447.0,55.0
206914.0,5202,45980.0,55.0
191649.0,5109,88238.0,55.0
193584.0,5102,60754.0,55.0
140447.0,5201,77713.0,55.0
202170.0,1003,33389.0,55.0
237525.0,5203,70425.0,55.0
213668.0,4201,49081.0,55.0
119173.0,4228,52940.0,55.0
155399.0,1408,83453.0,55.0
219602.0,2601,48991.0,55.0
155399.0,3011,60172.0,55.0
142276.0,5106,62783.0,55.0
433660.0,5212,74739.0,55.0
110538.0,1499,103272.0,55.0
190558.0,2601,57540.0,55.0
110662.0,3027,66496.0,55.0
174020.0,2601,63149.0,55.0
207500.0,4301,61731.0,55.0
139931.0,5007,34659.0,55.0
203483.0,1500,64201.0,55.0
219383.0,5202,50253.0,55.0
198464.0,5107,67732.0,55.0
440916.0,5202,48716.0,55.0
154518.0,4303,76520.0,55.0
198464.0,4005,71445.0,55.0
141574.0,4506,60401.0,55.0
110662.0,0501,51755.0,55.0
219356.0,3105,56400.0,55.0
203517.0,5220,89959.0,55.0
110644.0,2605,74343.0,55.0
141574.0,1603,46563.0,55.0
141264.0,2401,40044.0,55.0
157085.0,5102,52815.0,55.0
179867.0,5208,185551.0,55.0
174844.0,2601,62818.0,55.0
228459.0,5003,53057.0,55.0
207388.0,1510,89342.0,55.0
190576.0,4201,64619.0,55.0
203517.0,1500,64201.0,55.0
199102.0,1907,45821.0,55.0
181330.0,5138,77272.0,55.0
134130.0,5005,41707.0,55.0
206695.0,2313,43031.0,55.0
218724.0,4511,47056.0,55.0
237792.0,3101,51789.0,55.0
441900.0,4201,53468.0,55.0
168148.0,2601,76782.0,55.0
155681.0,2401,46931.0,55.0
167358.0,1435,111430.0,55.0
157289.0,2601,56142.0,55.0
196680.0,4201,46149.0,55.0
139861.0,1110,97653.0,55.0
142115.0,3099,65089.0,55.0
441900.0,5202,60273.0,55.0
198136.0,2601,56463.0,55.0
228459.0,4404,59074.0,55.0
134130.0,3033,61281.0,55.0
110422.0,0302,68965.0,55.0
134130.0,5001,47546.0,55.0
110608.0,5209,50644.0,55.0
228705.0,4504,40965.0,55.0
179894.0,5202,62567.0,55.0
484473.0,5001,47546.0,55.0
214777.0,1414,80855.0,55.0
149222.0,5006,40592.0,55.0
128771.0,5220,93908.0,55.0
145637.0,5213,104172.0,55.0
213020.0,4511,47851.0,55.0
213020.0,5007,43017.0,55.0
104179.0,2604,57458.0,55.0
170301.0,5138,75738.0,55.0
131159.0,5006,52661.0,55.0
123572.0,1107,106181.0,55.0
172644.0,0901,57335.0,55.0
217688.0,1312,43743.0,55.0
195030.0,4201,53520.0,55.0
105330.0,0907,50233.0,55.0
145813.0,5005,40258.0,55.0
209612.0,5106,78641.0,55.0
175856.0,0901,46472.0,55.0
161253.0,1407,94964.0,55.0
149772.0,1101,92824.0,55.0
131496.0,2301,78370.0,55.0
126818.0,0109,53934.0,55.0
200004.0,5209,49798.0,55.0
232186.0,1003,47440.0,55.0
144962.0,5102,60158.0,55.0
144892.0,2601,53725.0,55.0
234076.0,4511,68538.0,55.0
144740.0,1313,57957.0,55.0
145813.0,1500,80530.0,55.0
165699.0,5004,64559.0,55.0
214777.0,1403,87564.0,55.0
217420.0,5007,41883.0,55.0
183044.0,5209,66046.0,55.0
196176.0,0901,60929.0,55.0
221847.0,4201,44043.0,55.0
242705.0,5138,35148.0,55.0
230038.0,5401,54457.0,55.0
183062.0,4301,53291.0,55.0
148627.0,4301,56414.0,55.0
148627.0,5203,75023.0,55.0
172699.0,1410,95469.0,55.0
232672.0,5202,58459.0,55.0
147660.0,5208,81562.0,55.0
196176.0,4511,51290.0,55.0
221847.0,0306,45348.0,55.0
217882.0,5199,72010.0,55.0
183044.0,1414,77556.0,55.0
152567.0,4301,48877.0,55.0
487524.0,5123,71529.0,55.0
130776.0,5115,63218.0,55.0
201690.0,5201,44662.0,55.0
201885.0,1402,88511.0,55.0
146612.0,2601,59075.0,55.0
176017.0,5102,56930.0,55.0
216597.0,1101,130585.0,55.0
210571.0,5201,82073.0,55.0
229814.0,1419,93938.0,55.0
130989.0,5202,53230.0,55.0
126818.0,1407,97271.0,55.0
199193.0,1601,60031.0,55.0
243197.0,4005,51178.0,55.0
110653.0,5007,39010.0,55.0
160621.0,5202,48716.0,55.0
122409.0,4502,53991.0,55.0
166513.0,1409,97547.0,55.0
482149.0,0901,42568.0,55.0
172051.0,5214,58783.0,55.0
221740.0,4510,63654.0,55.0
204796.0,5004,68151.0,55.0
185129.0,2301,60574.0,55.0
143084.0,5102,60223.0,55.0
196112.0,5138,108014.0,55.0
169910.0,5214,66023.0,55.0
151306.0,5214,56516.0,55.0
230764.0,1408,85097.0,55.0
240444.0,0108,71726.0,55.0
159993.0,5217,67704.0,55.0
133711.0,5004,46921.0,55.0
498571.0,4501,42582.0,55.0
212054.0,4506,98178.0,55.0
151306.0,0909,54422.0,55.0
409698.0,3032,59782.0,55.0
414878.0,4301,48877.0,55.0
200800.0,0907,45739.0,55.0
193900.0,2601,58513.0,55.0
184782.0,1609,50367.0,55.0
109651.0,1515,92293.0,55.0
196097.0,1409,128038.0,55.0
143118.0,1312,46609.0,55.0
106467.0,1312,43978.0,55.0
234155.0,4201,37861.0,55.0
224323.0,5202,70039.0,55.0
151351.0,4511,56591.0,55.0
231624.0,2601,49644.0,55.0
196088.0,1435,86118.0,55.0
144351.0,5107,73256.0,55.0
229027.0,5209,55821.0,55.0
160658.0,5214,53685.0,55.0
173647.0,5201,79260.0,55.0
183257.0,5209,66046.0,55.0
224226.0,4201,51088.0,55.0
160658.0,2601,41323.0,55.0
482158.0,5107,46999.0,55.0
176080.0,1313,49541.0,55.0
202134.0,1104,72661.0,55.0
230737.0,1515,83278.0,55.0
229027.0,5206,67547.0,55.0
164173.0,1312,54233.0,55.0
243221.0,5007,24409.0,55.0
196158.0,5202,58133.0,54.0
196158.0,5102,57369.0,54.0
127565.0,1312,49025.0,54.0
127556.0,4201,54321.0,54.0
110653.0,5401,53481.0,54.0
243601.0,5004,22763.0,54.0
174491.0,5202,68086.0,54.0
204796.0,1603,46527.0,54.0
243780.0,1403,86306.0,54.0
167996.0,4504,64957.0,54.0
196167.0,1310,54908.0,54.0
243179.0,2605,45816.0,54.0
110671.0,0502,56555.0,54.0
129215.0,4407,61908.0,54.0
139366.0,4511,44506.0,54.0
163453.0,2601,53617.0,54.0
436836.0,0109,47577.0,54.0
225414.0,0901,49841.0,54.0
129020.0,3099,71283.0,54.0
243443.0,0901,32023.0,54.0
164739.0,1101,111853.0,54.0
237932.0,5106,61801.0,54.0
163462.0,4504,60428.0,54.0
176965.0,5202,58736.0,54.0
129020.0,0109,47577.0,54.0
139658.0,4201,59628.0,54.0
196121.0,0901,62532.0,54.0
126818.0,0301,50330.0,54.0
119173.0,5202,63194.0,54.0
126580.0,1312,46244.0,54.0
194310.0,1110,77902.0,54.0
174844.0,2701,87691.0,54.0
194824.0,0402,75551.0,54.0
221740.0,2301,45253.0,54.0
157951.0,5209,50712.0,54.0
436818.0,3099,71283.0,54.0
192703.0,5213,64116.0,54.0
132903.0,5005,42954.0,54.0
178402.0,1107,97043.0,54.0
159373.0,5106,67665.0,54.0
204848.0,5401,46101.0,54.0
240329.0,1101,93633.0,54.0
204866.0,5401,46101.0,54.0
377564.0,2313,47124.0,54.0
196246.0,5214,69684.0,54.0
122409.0,3019,55115.0,54.0
195003.0,1405,94103.0,54.0
133669.0,4399,56162.0,54.0
178411.0,1425,102405.0,54.0
134130.0,0306,40434.0,54.0
117140.0,1907,45712.0,54.0
133711.0,1301,49104.0,54.0
193900.0,4599,74983.0,54.0
436818.0,0109,47577.0,54.0
204024.0,1409,96840.0,54.0
204857.0,5401,46101.0,54.0
240374.0,5214,62014.0,54.0
227526.0,2601,51499.0,54.0
134097.0,2705,77605.0,54.0
204024.0,0501,79449.0,54.0
193654.0,5007,42798.0,54.0
132903.0,0907,48753.0,54.0
136233.0,5202,51535.0,54.0
436827.0,3099,71283.0,54.0
165574.0,5202,62986.0,54.0
126580.0,1107,97001.0,54.0
177551.0,4301,49010.0,54.0
220075.0,1003,41074.0,54.0
163268.0,1409,113299.0,54.0
110705.0,1410,117215.0,54.0
165015.0,4227,67838.0,54.0
163204.0,0301,77259.0,54.0
204802.0,5401,46101.0,54.0
137847.0,5138,89223.0,54.0
110705.0,2703,109360.0,54.0
177940.0,5138,79520.0,54.0
130493.0,2301,50725.0,54.0
225511.0,4511,45530.0,54.0
162584.0,1312,51478.0,54.0
123961.0,0409,78741.0,54.0
215929.0,2601,64774.0,54.0
204820.0,5401,46101.0,54.0
366711.0,5102,71068.0,54.0
161554.0,4201,45529.0,54.0
191968.0,0904,61317.0,54.0
157863.0,5138,87221.0,54.0
137281.0,5202,58403.0,54.0
195128.0,5202,58753.0,54.0
178387.0,4301,52709.0,54.0
204194.0,5138,74527.0,54.0
204839.0,5401,46101.0,54.0
226471.0,1313,52923.0,54.0
111948.0,1301,64917.0,54.0
157951.0,5007,45957.0,54.0
436827.0,0109,47577.0,54.0
178402.0,4301,53113.0,54.0
212054.0,0402,72915.0,54.0
199139.0,1427,84648.0,54.0
459949.0,2601,45920.0,54.0
186283.0,4301,50173.0,54.0
199102.0,5203,77940.0,54.0
200332.0,3099,53907.0,54.0
110422.0,3101,75181.0,54.0
230737.0,1312,48831.0,54.0
232423.0,3006,91034.0,54.0
154590.0,3105,46244.0,54.0
181215.0,1904,49584.0,54.0
190512.0,0904,54425.0,54.0
186380.0,2604,70021.0,54.0
228787.0,1601,54985.0,54.0
218441.0,1312,40804.0,54.0
229063.0,5107,48426.0,54.0
202763.0,0109,46977.0,54.0
199102.0,1313,60703.0,54.0
173328.0,1907,55294.0,54.0
144740.0,1312,54208.0,54.0
236948.0,2313,47124.0,54.0
234030.0,4512,58084.0,54.0
180948.0,1312,45577.0,54.0
190567.0,1312,55895.0,54.0
106245.0,4201,45797.0,54.0
203368.0,4201,54870.0,54.0
180814.0,5004,48632.0,54.0
232982.0,1410,96427.0,54.0
217420.0,4511,59643.0,54.0
230038.0,1410,99774.0,54.0
228778.0,1425,139867.0,54.0
229115.0,3019,62087.0,54.0
171456.0,5203,62901.0,54.0
171456.0,3105,47613.0,54.0
110556.0,0110,64225.0,54.0
173647.0,4201,53277.0,54.0
200280.0,1407,87309.0,54.0
108092.0,1312,44197.0,54.0
169910.0,1436,80996.0,54.0
202134.0,4511,57211.0,54.0
100858.0,1909,62807.0,54.0
186380.0,5110,84376.0,54.0
154095.0,5212,76329.0,54.0
189705.0,0901,54529.0,54.0
209825.0,5214,72891.0,54.0
171146.0,4407,49165.0,54.0
210775.0,5100,56203.0,54.0
188429.0,4407,66162.0,54.0
143084.0,0901,63730.0,54.0
236328.0,4201,61919.0,54.0
107071.0,1312,40226.0,54.0
107044.0,2401,41328.0,54.0
107044.0,0909,51434.0,54.0
199847.0,4201,64814.0,54.0
463056.0,0109,47577.0,54.0
231712.0,1107,101900.0,54.0
106704.0,5212,74094.0,54.0
207500.0,4506,76123.0,54.0
151351.0,5004,54630.0,54.0
181783.0,3105,47746.0,54.0
169479.0,3105,54729.0,54.0
200226.0,5138,90781.0,54.0
185572.0,4510,64438.0,54.0
482149.0,5106,61584.0,54.0
228796.0,5401,50510.0,54.0
219356.0,0306,50623.0,54.0
168847.0,4301,57675.0,54.0
155511.0,1508,52781.0,54.0
237367.0,1301,46625.0,54.0
145725.0,0402,68358.0,54.0
139959.0,1408,87684.0,54.0
147767.0,2401,93180.0,54.0
228769.0,2313,59430.0,54.0
217882.0,5220,98726.0,54.0
233921.0,0306,47496.0,54.0
172699.0,4510,54840.0,54.0
219356.0,2401,60081.0,54.0
217882.0,2313,67102.0,54.0
229814.0,4301,58011.0,54.0
219602.0,1500,79309.0,54.0
186399.0,5110,84376.0,54.0
151102.0,4301,46046.0,54.0
184773.0,2301,56715.0,54.0
232982.0,5401,56715.0,54.0
146719.0,5107,82040.0,54.0
219602.0,5201,53656.0,54.0
102377.0,1419,93694.0,54.0
156286.0,3105,61841.0,54.0
436836.0,3099,71283.0,54.0
186371.0,5110,84376.0,54.0
139931.0,1313,50800.0,54.0
200800.0,1405,82540.0,54.0
156541.0,4301,41785.0,54.0
212054.0,1104,98548.0,54.0
168148.0,4510,78180.0,54.0
147776.0,5214,69011.0,54.0
139861.0,1312,52509.0,54.0
168342.0,4506,166678.0,54.0
463056.0,3099,71283.0,54.0
173124.0,3105,57357.0,54.0
233921.0,5007,58652.0,54.0
155681.0,1313,48757.0,54.0
219356.0,2601,54446.0,54.0
104179.0,5206,90045.0,54.0
110556.0,1609,45063.0,54.0
171137.0,2601,53888.0,53.0
195003.0,1515,92780.0,53.0
162283.0,4201,49542.0,53.0
148627.0,5208,75180.0,53.0
183080.0,0301,55156.0,53.0
145600.0,1313,63233.0,53.0
199148.0,1313,48671.0,53.0
145637.0,1418,97924.0,53.0
233921.0,5215,95576.0,53.0
130943.0,0100,57207.0,53.0
217402.0,4510,75637.0,53.0
171146.0,0901,47959.0,53.0
229115.0,2301,50849.0,53.0
125727.0,5206,84815.0,53.0
171137.0,5212,95864.0,53.0
215284.0,1502,72587.0,53.0
153366.0,1312,40390.0,53.0
240727.0,1425,100911.0,53.0
149222.0,5007,44902.0,53.0
240480.0,5203,64810.0,53.0
145619.0,5203,79917.0,53.0
196185.0,1907,53836.0,53.0
199139.0,2799,87419.0,53.0
145619.0,4301,63033.0,53.0
107983.0,5138,70185.0,53.0
145637.0,0301,55382.0,53.0
142522.0,3000,55978.0,53.0
225511.0,5102,54126.0,53.0
177065.0,5212,74816.0,53.0
386472.0,1110,70624.0,53.0
123961.0,5401,79940.0,53.0
159966.0,5203,66499.0,53.0
463056.0,5201,73789.0,53.0
182634.0,3105,55024.0,53.0
464226.0,5107,82317.0,53.0
133702.0,4400,46467.0,53.0
229887.0,3000,36678.0,53.0
186432.0,2601,61502.0,53.0
176017.0,3105,73870.0,53.0
126669.0,5107,60115.0,53.0
164924.0,2701,111072.0,53.0
196194.0,5203,70218.0,53.0
147660.0,4506,80494.0,53.0
160755.0,0901,76945.0,53.0
182281.0,5004,51437.0,53.0
182281.0,5007,38390.0,53.0
166027.0,5401,70679.0,53.0
243133.0,2699,37097.0,53.0
131283.0,4201,52846.0,53.0
215293.0,1502,72587.0,53.0
221847.0,5214,64892.0,53.0
153603.0,4506,75355.0,53.0
122597.0,0301,62116.0,53.0
129020.0,5201,73789.0,53.0
173045.0,5214,68757.0,53.0
161554.0,2601,58164.0,53.0
161004.0,4510,89253.0,53.0
227216.0,1409,109151.0,53.0
104151.0,5005,41745.0,53.0
161554.0,5214,57968.0,53.0
101365.0,1110,70624.0,53.0
165820.0,3105,60768.0,53.0
225511.0,2401,58450.0,53.0
201548.0,4407,55078.0,53.0
228723.0,0111,66513.0,53.0
144281.0,5007,42176.0,53.0
178396.0,1435,101380.0,53.0
194578.0,0402,78206.0,53.0
221740.0,1107,82644.0,53.0
130943.0,4511,61725.0,53.0
217882.0,4511,54780.0,53.0
221999.0,1107,160021.0,53.0
204024.0,4509,67301.0,53.0
178396.0,5401,56632.0,53.0
144351.0,3105,55309.0,53.0
216852.0,5203,77426.0,53.0
131496.0,5214,105944.0,53.0
210429.0,0901,49630.0,53.0
199157.0,4407,49856.0,53.0
183239.0,5208,90161.0,53.0
178420.0,5007,45491.0,53.0
155317.0,4506,69084.0,53.0
200785.0,1110,70624.0,53.0
197869.0,5107,66227.0,53.0
228769.0,5009,59198.0,53.0
198561.0,5203,58918.0,53.0
138354.0,4201,45101.0,53.0
207388.0,1410,96447.0,53.0
155636.0,5107,82317.0,53.0
228778.0,0501,57009.0,53.0
237011.0,5138,96695.0,53.0
155627.0,5107,82317.0,53.0
157386.0,1310,39777.0,53.0
100663.0,5007,43138.0,53.0
442569.0,1107,74925.0,53.0
242617.0,3105,19431.0,53.0
168528.0,5214,66808.0,53.0
498571.0,4201,45903.0,53.0
212601.0,3105,54161.0,53.0
157401.0,4227,44800.0,53.0
155399.0,5007,39991.0,53.0
243346.0,5209,30004.0,53.0
176372.0,5010,41095.0,53.0
140340.0,1110,70624.0,53.0
191931.0,5102,77352.0,53.0
183910.0,4201,56977.0,53.0
110529.0,1503,91709.0,53.0
140960.0,4301,51430.0,53.0
157951.0,1909,45420.0,53.0
217518.0,1312,52114.0,53.0
191241.0,5007,60515.0,53.0
237066.0,3001,55534.0,53.0
436836.0,5201,73789.0,53.0
198464.0,1101,90197.0,53.0
207263.0,1313,45474.0,53.0
139658.0,3105,87254.0,53.0
216278.0,0909,61423.0,53.0
207263.0,5214,54577.0,53.0
190637.0,5123,51602.0,53.0
230171.0,4201,49965.0,53.0
110662.0,2615,55404.0,53.0
198136.0,5138,79506.0,53.0
156286.0,0901,50665.0,53.0
228529.0,2601,47795.0,53.0
184782.0,1407,95769.0,53.0
207306.0,5138,85283.0,53.0
230764.0,3020,65703.0,53.0
156125.0,2601,56959.0,53.0
110583.0,1402,101797.0,53.0
168263.0,0301,51547.0,53.0
228769.0,1402,99239.0,53.0
216038.0,2301,50034.0,53.0
168263.0,2601,64904.0,53.0
100663.0,1101,104654.0,53.0
176479.0,4201,38325.0,53.0
174233.0,1313,48669.0,53.0
436827.0,5201,73789.0,53.0
228529.0,0302,51226.0,53.0
191241.0,0501,75563.0,53.0
240392.0,1110,70624.0,53.0
127741.0,1310,51008.0,53.0
202806.0,0909,64101.0,53.0
178615.0,5122,60157.0,53.0
218724.0,2301,37707.0,53.0
196130.0,1002,45120.0,53.0
169479.0,1107,76469.0,53.0
169479.0,1109,69737.0,53.0
196592.0,5138,103863.0,53.0
240365.0,0901,64103.0,53.0
190150.0,1419,111491.0,53.0
217624.0,4501,38198.0,53.0
151351.0,5007,43816.0,53.0
236452.0,4201,51097.0,53.0
217873.0,3105,37025.0,53.0
185590.0,5006,50790.0,53.0
196413.0,4407,60920.0,53.0
220613.0,2401,54203.0,53.0
199139.0,1310,49301.0,53.0
236328.0,1609,56052.0,53.0
212115.0,1312,49724.0,53.0
213598.0,0907,36544.0,53.0
433536.0,1110,70624.0,53.0
196413.0,1907,53522.0,53.0
169798.0,5208,74066.0,53.0
149231.0,4407,52480.0,53.0
428259.0,5107,82317.0,53.0
228802.0,5208,72905.0,53.0
175005.0,5122,61169.0,53.0
227526.0,1407,92591.0,53.0
134130.0,0502,51791.0,53.0
115755.0,4511,48143.0,53.0
240329.0,5122,55418.0,53.0
142115.0,5220,95250.0,53.0
174066.0,2602,67783.0,53.0
228343.0,5201,71342.0,53.0
454582.0,5107,82317.0,53.0
126562.0,4510,58854.0,53.0
192448.0,3105,47813.0,53.0
136330.0,5138,76008.0,53.0
236948.0,0409,103414.0,53.0
436818.0,5201,73789.0,53.0
230737.0,4604,97793.0,53.0
459842.0,1110,70624.0,53.0
167394.0,5138,97773.0,53.0
185262.0,4404,58100.0,53.0
141574.0,5007,34383.0,53.0
146719.0,1101,99112.0,53.0
459851.0,1110,70624.0,53.0
147703.0,4506,66760.0,53.0
207500.0,1313,51533.0,53.0
230171.0,5203,74398.0,53.0
126818.0,2605,69269.0,53.0
231624.0,2301,57616.0,53.0
142115.0,1408,81405.0,53.0
200332.0,0402,65148.0,53.0
214041.0,1101,86012.0,53.0
142115.0,4511,44676.0,53.0
228796.0,5212,62136.0,53.0
147776.0,5210,63276.0,52.0
242653.0,2601,30659.0,52.0
225502.0,4301,50809.0,52.0
196024.0,5202,53385.0,52.0
139755.0,1418,92260.0,52.0
210146.0,3105,57299.0,52.0
129525.0,5123,78761.0,52.0
243586.0,5203,31158.0,52.0
164270.0,5202,78830.0,52.0
164216.0,2601,55165.0,52.0
196097.0,2613,53747.0,52.0
231059.0,4201,52589.0,52.0
231554.0,4400,43789.0,52.0
151333.0,5100,41830.0,52.0
196097.0,1408,92908.0,52.0
196088.0,2301,51385.0,52.0
185590.0,2401,51469.0,52.0
128771.0,3105,67562.0,52.0
149231.0,5007,36717.0,52.0
149222.0,5208,67349.0,52.0
232265.0,4201,45749.0,52.0
232423.0,2301,57487.0,52.0
225247.0,5202,48112.0,52.0
148627.0,5214,65330.0,52.0
225414.0,4504,52087.0,52.0
177065.0,5401,46794.0,52.0
129215.0,4511,55084.0,52.0
196051.0,0103,38528.0,52.0
232423.0,5005,45225.0,52.0
210146.0,5005,38487.0,52.0
210146.0,5001,43044.0,52.0
148487.0,5209,57617.0,52.0
196015.0,5138,102176.0,52.0
153658.0,4511,54464.0,52.0
212577.0,4510,74822.0,52.0
181394.0,4407,50169.0,52.0
236939.0,0904,58795.0,52.0
206084.0,2601,48957.0,52.0
206084.0,1405,85751.0,52.0
142115.0,1312,47419.0,52.0
134608.0,2601,45068.0,52.0
240329.0,1312,46328.0,52.0
193016.0,5138,118232.0,52.0
178721.0,3000,60509.0,52.0
181394.0,1408,78663.0,52.0
134130.0,0111,53270.0,52.0
141565.0,4201,51061.0,52.0
181394.0,4510,52331.0,52.0
236577.0,4201,58749.0,52.0
228802.0,1408,88102.0,52.0
240365.0,1313,49676.0,52.0
134097.0,2701,68131.0,52.0
181446.0,3105,58770.0,52.0
240365.0,2609,56407.0,52.0
207582.0,5138,79547.0,52.0
181464.0,0402,62700.0,52.0
240189.0,5102,56878.0,52.0
240189.0,5001,47819.0,52.0
241739.0,5214,38215.0,52.0
238476.0,0901,55654.0,52.0
180106.0,5138,80878.0,52.0
228723.0,1424,92553.0,52.0
237367.0,2401,50343.0,52.0
190691.0,5138,112147.0,52.0
238032.0,1107,98277.0,52.0
206941.0,5009,42355.0,52.0
139940.0,5401,46554.0,52.0
228769.0,4506,71821.0,52.0
237066.0,4201,51288.0,52.0
138354.0,4301,46631.0,52.0
190549.0,1313,80207.0,52.0
137847.0,5211,75090.0,52.0
155399.0,5209,58282.0,52.0
206622.0,3105,60804.0,52.0
238661.0,5201,64738.0,52.0
157401.0,5102,50387.0,52.0
228459.0,1436,88995.0,52.0
179557.0,3105,51828.0,52.0
190567.0,1407,88659.0,52.0
207388.0,4302,99557.0,52.0
159717.0,0100,43901.0,52.0
193900.0,1410,107348.0,52.0
181464.0,1408,81620.0,52.0
229814.0,4407,44174.0,52.0
187134.0,2601,75531.0,52.0
182290.0,5102,59896.0,52.0
131469.0,4201,79187.0,52.0
233921.0,5401,59819.0,52.0
182670.0,1413,113749.0,52.0
229160.0,3099,54415.0,52.0
145637.0,3006,57510.0,52.0
195216.0,4510,75486.0,52.0
229337.0,5102,63026.0,52.0
146612.0,1312,51794.0,52.0
207865.0,3103,50937.0,52.0
229887.0,4301,35424.0,52.0
146612.0,5214,65895.0,52.0
230038.0,0501,67310.0,52.0
152600.0,1312,53495.0,52.0
241395.0,5203,31158.0,52.0
241410.0,5203,31158.0,52.0
163046.0,4510,81575.0,52.0
147679.0,4201,56062.0,52.0
152318.0,1405,90484.0,52.0
209551.0,5009,39928.0,52.0
226383.0,1312,44937.0,52.0
145600.0,0402,56975.0,52.0
234076.0,1609,67904.0,52.0
188641.0,4201,47445.0,52.0
142461.0,5202,70953.0,52.0
154022.0,5215,58733.0,52.0
154022.0,4501,48970.0,52.0
181738.0,5138,79420.0,52.0
160038.0,5203,60861.0,52.0
194310.0,4228,67811.0,52.0
143118.0,3105,49471.0,52.0
229027.0,0301,57431.0,52.0
178411.0,1404,85754.0,52.0
133492.0,2613,48631.0,52.0
234827.0,2609,60299.0,52.0
214777.0,0110,83112.0,52.0
153658.0,3101,57098.0,52.0
153658.0,2701,82411.0,52.0
153658.0,1410,97208.0,52.0
153658.0,0301,59071.0,52.0
131876.0,2401,62755.0,52.0
240453.0,3099,51713.0,52.0
228769.0,1609,51653.0,52.0
187897.0,1312,53566.0,52.0
110538.0,4502,43153.0,52.0
106397.0,1410,97516.0,52.0
168430.0,4511,47754.0,52.0
199193.0,1402,89932.0,52.0
172699.0,1402,94177.0,52.0
174783.0,5109,59483.0,52.0
217873.0,4201,38625.0,52.0
200800.0,5131,55527.0,52.0
110635.0,3099,87791.0,52.0
122409.0,5131,66649.0,52.0
167835.0,2301,52938.0,52.0
110538.0,2601,71726.0,52.0
110714.0,1405,98567.0,52.0
110680.0,4008,95018.0,52.0
498562.0,5401,46133.0,52.0
217402.0,4506,95590.0,52.0
110529.0,1399,42160.0,52.0
218070.0,4510,74476.0,52.0
109785.0,4201,63963.0,52.0
199962.0,4201,45795.0,52.0
126614.0,3099,72306.0,52.0
110097.0,4201,49450.0,52.0
173160.0,1312,47556.0,52.0
218061.0,5202,51522.0,52.0
166124.0,2701,96927.0,52.0
108092.0,2401,37641.0,52.0
202523.0,4506,97394.0,52.0
173328.0,5214,76183.0,52.0
497037.0,5138,89079.0,52.0
217688.0,4301,53162.0,52.0
173665.0,4504,60757.0,52.0
217484.0,0306,45571.0,52.0
110644.0,2609,66461.0,52.0
110653.0,1108,69981.0,52.0
101480.0,1101,79129.0,52.0
366252.0,5109,120886.0,52.0
165866.0,1909,57124.0,52.0
172644.0,4511,55499.0,52.0
221759.0,1601,52703.0,52.0
174075.0,5107,75308.0,52.0
110662.0,5138,118566.0,52.0
165024.0,5102,50059.0,52.0
167996.0,5214,76511.0,52.0
203465.0,5007,35710.0,52.0
262086.0,5210,72669.0,52.0
203517.0,5007,35710.0,52.0
216339.0,5009,40387.0,52.0
219976.0,4201,47933.0,52.0
168430.0,1101,92068.0,52.0
245953.0,4201,45276.0,52.0
104717.0,5001,42219.0,52.0
216667.0,4201,57026.0,52.0
119605.0,5107,59956.0,52.0
222831.0,3099,44296.0,52.0
174066.0,1109,100554.0,52.0
498571.0,5115,42837.0,52.0
222178.0,5138,89079.0,52.0
166850.0,0901,64345.0,52.0
196121.0,0301,48574.0,52.0
459949.0,5201,56787.0,52.0
223232.0,1312,56476.0,52.0
217882.0,1409,102762.0,52.0
170976.0,0402,65015.0,52.0
196130.0,0999,49500.0,52.0
201885.0,1405,90897.0,52.0
486840.0,1102,67437.0,52.0
110422.0,0111,82487.0,52.0
217882.0,5401,50125.0,52.0
220862.0,1601,39001.0,52.0
170976.0,1312,54558.0,52.0
199218.0,5123,51696.0,52.0
100654.0,2601,44145.0,52.0
204796.0,1499,97144.0,52.0
216366.0,5100,71608.0,52.0
166629.0,4511,56960.0,52.0
186584.0,1312,62399.0,51.0
204185.0,5214,66830.0,51.0
232566.0,2601,49777.0,51.0
204866.0,1407,85990.0,51.0
171128.0,1508,83394.0,51.0
199218.0,5199,86654.0,51.0
106458.0,4511,45889.0,51.0
131496.0,4201,99007.0,51.0
219806.0,5138,70769.0,51.0
215770.0,4201,56647.0,51.0
200059.0,5203,66147.0,51.0
433660.0,1301,55116.0,51.0
204848.0,1407,85990.0,51.0
167996.0,5208,93693.0,51.0
104179.0,1407,101815.0,51.0
171128.0,1414,76857.0,51.0
200004.0,5203,61346.0,51.0
228705.0,1419,88830.0,51.0
122597.0,5005,44848.0,51.0
238032.0,0302,75022.0,51.0
207041.0,4400,44238.0,51.0
216852.0,4201,61205.0,51.0
165866.0,1101,82590.0,51.0
196592.0,4501,58798.0,51.0
151801.0,3907,45693.0,51.0
436836.0,2705,76556.0,51.0
229300.0,5106,64980.0,51.0
204839.0,1407,85990.0,51.0
165699.0,5209,60969.0,51.0
172644.0,1905,58871.0,51.0
214041.0,1310,53356.0,51.0
215743.0,5202,61535.0,51.0
123572.0,3105,67351.0,51.0
117104.0,3907,52477.0,51.0
161554.0,2301,43823.0,51.0
139861.0,2301,44931.0,51.0
131159.0,4301,66970.0,51.0
193399.0,4201,59487.0,51.0
149222.0,0109,41932.0,51.0
216278.0,4201,47367.0,51.0
226152.0,2301,45454.0,51.0
195173.0,0901,49805.0,51.0
139719.0,4301,45033.0,51.0
144050.0,4510,87869.0,51.0
204200.0,5138,78664.0,51.0
174358.0,5102,57260.0,51.0
131283.0,5208,98856.0,51.0
190664.0,5401,52406.0,51.0
482680.0,0907,37608.0,51.0
240462.0,4201,51083.0,51.0
122597.0,4502,61300.0,51.0
146719.0,2301,56289.0,51.0
227757.0,4506,129575.0,51.0
133650.0,2601,45173.0,51.0
229814.0,5201,60430.0,51.0
191649.0,5122,58610.0,51.0
240268.0,5007,42995.0,51.0
240268.0,4507,58129.0,51.0
197869.0,1505,69956.0,51.0
145336.0,4407,56123.0,51.0
157447.0,5401,48109.0,51.0
106263.0,5106,65708.0,51.0
160621.0,3099,50616.0,51.0
204857.0,1407,85990.0,51.0
436818.0,2705,76556.0,51.0
179548.0,5107,79407.0,51.0
175272.0,3101,54381.0,51.0
174747.0,4201,57475.0,51.0
105330.0,1410,95388.0,51.0
196264.0,2399,54265.0,51.0
232982.0,4510,59939.0,51.0
147244.0,5138,82200.0,51.0
220613.0,1312,48382.0,51.0
147013.0,4511,52428.0,51.0
121309.0,5109,59654.0,51.0
487524.0,4301,55315.0,51.0
146719.0,4407,59206.0,51.0
201645.0,5138,87582.0,51.0
102094.0,4301,50822.0,51.0
170301.0,0901,55166.0,51.0
203517.0,5401,46781.0,51.0
166452.0,2401,45293.0,51.0
167358.0,5004,87336.0,51.0
196413.0,1905,58038.0,51.0
199281.0,4201,42947.0,51.0
134608.0,5107,51404.0,51.0
490805.0,1508,85242.0,51.0
186380.0,1435,94382.0,51.0
196413.0,4304,69491.0,51.0
159993.0,0901,43974.0,51.0
144740.0,0904,61708.0,51.0
134079.0,4201,53344.0,51.0
106458.0,1313,44780.0,51.0
216010.0,5401,52310.0,51.0
238458.0,5202,64807.0,51.0
131876.0,5202,66772.0,51.0
206695.0,5202,62697.0,51.0
144740.0,2601,61216.0,51.0
436827.0,2705,76556.0,51.0
147703.0,5102,49653.0,51.0
233426.0,4201,49018.0,51.0
144892.0,1313,54548.0,51.0
179566.0,0101,50995.0,51.0
187648.0,5202,55454.0,51.0
160658.0,5107,50001.0,51.0
227216.0,4511,49257.0,51.0
167835.0,4227,51267.0,51.0
159009.0,4407,42644.0,51.0
132903.0,5010,59649.0,51.0
162007.0,4511,57075.0,51.0
173665.0,4201,45927.0,51.0
150136.0,5209,44705.0,51.0
151360.0,4407,51575.0,51.0
150172.0,4301,106465.0,51.0
185129.0,5208,71548.0,51.0
236328.0,4510,52278.0,51.0
189705.0,5203,82563.0,51.0
216597.0,1408,81038.0,51.0
218973.0,5203,78576.0,51.0
463056.0,2705,76556.0,51.0
108092.0,2601,48712.0,51.0
129215.0,5203,75235.0,51.0
204802.0,1407,85990.0,51.0
199139.0,1510,92567.0,51.0
228723.0,3101,53374.0,51.0
180814.0,2200,54320.0,51.0
216597.0,1409,119137.0,51.0
228778.0,1609,58697.0,51.0
110547.0,1107,59603.0,51.0
163286.0,5213,111649.0,51.0
230728.0,5401,54370.0,51.0
225432.0,5211,66556.0,51.0
225432.0,5214,61866.0,51.0
228802.0,5214,58325.0,51.0
100751.0,2301,44278.0,51.0
228778.0,1405,102544.0,51.0
189097.0,4506,111909.0,51.0
201104.0,1310,43052.0,51.0
245652.0,2401,30778.0,51.0
217606.0,3902,35108.0,51.0
126562.0,4511,49619.0,51.0
201104.0,4301,53386.0,51.0
196079.0,1409,117721.0,51.0
129020.0,2705,76556.0,51.0
110510.0,4227,47408.0,51.0
128391.0,2601,50954.0,51.0
110422.0,2301,63413.0,51.0
243586.0,5202,24412.0,51.0
142115.0,1101,77439.0,51.0
217484.0,5401,54001.0,51.0
224147.0,0301,52301.0,51.0
230782.0,5122,50046.0,51.0
174066.0,1405,97611.0,51.0
200800.0,1312,40780.0,51.0
190372.0,5007,24920.0,51.0
243221.0,0907,24071.0,51.0
207388.0,5209,47756.0,51.0
190150.0,5401,98079.0,51.0
164076.0,1313,55635.0,51.0
218724.0,4510,53948.0,51.0
110097.0,4511,47052.0,51.0
100663.0,1410,90089.0,51.0
207500.0,3020,68378.0,51.0
215062.0,5202,136806.0,51.0
222831.0,4301,54853.0,51.0
163851.0,4510,60089.0,51.0
100663.0,1419,89589.0,51.0
141264.0,5203,60751.0,51.0
110097.0,5138,111200.0,51.0
190114.0,5107,52170.0,51.0
218964.0,0901,48303.0,51.0
207388.0,5007,52405.0,51.0
199102.0,1107,105342.0,51.0
213668.0,5202,66056.0,51.0
126562.0,1101,112754.0,51.0
104151.0,2605,57244.0,51.0
149231.0,5102,54615.0,51.0
234915.0,5202,99735.0,51.0
174233.0,5102,58362.0,51.0
241395.0,5202,24412.0,51.0
203465.0,5401,46781.0,51.0
219471.0,5106,68556.0,51.0
107044.0,5102,58184.0,51.0
168263.0,5401,51439.0,51.0
200280.0,2601,50191.0,51.0
204820.0,1407,85990.0,51.0
162007.0,2601,59995.0,51.0
232186.0,3105,63672.0,51.0
110583.0,1609,52961.0,51.0
213507.0,3105,74429.0,51.0
209506.0,1410,101534.0,51.0
199139.0,5122,63965.0,51.0
440916.0,3099,50616.0,51.0
165024.0,1107,87099.0,51.0
181464.0,5213,96087.0,51.0
156082.0,5109,75787.0,51.0
177986.0,3018,48922.0,51.0
217688.0,2601,46399.0,51.0
218654.0,5209,45953.0,51.0
110635.0,1407,121027.0,51.0
181464.0,5206,83175.0,51.0
123961.0,0410,107292.0,51.0
143118.0,0901,50079.0,51.0
195809.0,5199,70521.0,51.0
201195.0,5214,64353.0,51.0
241410.0,5202,24412.0,51.0
366711.0,4506,83339.0,51.0
213543.0,1407,101720.0,51.0
228875.0,1313,61004.0,51.0
142328.0,4407,49429.0,51.0
366252.0,1504,79193.0,51.0
213826.0,5138,92915.0,50.0
104179.0,2701,66381.0,50.0
213020.0,5109,63397.0,50.0
156620.0,4407,46705.0,50.0
167598.0,5109,89409.0,50.0
240189.0,5007,49506.0,50.0
199218.0,1101,71964.0,50.0
110495.0,2301,54501.0,50.0
145637.0,1907,50396.0,50.0
153825.0,5202,65266.0,50.0
135726.0,5202,66065.0,50.0
236948.0,1407,109551.0,50.0
187985.0,5001,44091.0,50.0
220862.0,4510,50070.0,50.0
139931.0,2301,45901.0,50.0
187985.0,4502,47958.0,50.0
197197.0,5005,39664.0,50.0
111948.0,5122,72529.0,50.0
190415.0,1403,99600.0,50.0
229179.0,4301,60708.0,50.0
154749.0,5138,75293.0,50.0
141334.0,2301,40855.0,50.0
202480.0,5211,84485.0,50.0
141574.0,2301,39948.0,50.0
134130.0,5004,65656.0,50.0
198464.0,1310,48410.0,50.0
110422.0,4511,69883.0,50.0
192864.0,5003,38227.0,50.0
214069.0,5138,88523.0,50.0
168227.0,1410,96673.0,50.0
154493.0,5107,66931.0,50.0
155025.0,5138,71002.0,50.0
236939.0,1407,99506.0,50.0
167358.0,4301,77477.0,50.0
198419.0,1419,120991.0,50.0
110422.0,4506,98927.0,50.0
236896.0,1401,91473.0,50.0
156365.0,4407,55942.0,50.0
154022.0,1306,44242.0,50.0
180461.0,1410,98331.0,50.0
104179.0,2313,44260.0,50.0
153834.0,2601,63998.0,50.0
110583.0,4507,48715.0,50.0
214041.0,1507,91742.0,50.0
141334.0,5102,45806.0,50.0
180461.0,1313,46657.0,50.0
234085.0,4506,76296.0,50.0
168847.0,4201,46049.0,50.0
110662.0,0301,75927.0,50.0
190567.0,4509,59039.0,50.0
234155.0,2601,53398.0,50.0
207388.0,0108,52747.0,50.0
206622.0,4201,54981.0,50.0
206622.0,4510,63347.0,50.0
140252.0,2601,57278.0,50.0
174066.0,5110,84678.0,50.0
187897.0,5138,97309.0,50.0
234076.0,3025,83554.0,50.0
167899.0,5109,86056.0,50.0
198543.0,4407,46119.0,50.0
235316.0,5203,96396.0,50.0
174233.0,0301,56728.0,50.0
207388.0,1407,98557.0,50.0
157377.0,5201,55108.0,50.0
157289.0,5401,45825.0,50.0
228459.0,5102,66995.0,50.0
139959.0,5211,109345.0,50.0
190594.0,1312,73857.0,50.0
139968.0,5202,54940.0,50.0
229063.0,4407,49871.0,50.0
198136.0,4199,75425.0,50.0
144740.0,1109,91007.0,50.0
139311.0,5106,63402.0,50.0
197869.0,5217,82306.0,50.0
441937.0,2301,53200.0,50.0
142328.0,3105,57214.0,50.0
182290.0,1609,51433.0,50.0
237011.0,3105,50079.0,50.0
140447.0,5214,71629.0,50.0
190044.0,1402,91066.0,50.0
190099.0,4506,128887.0,50.0
170082.0,5107,51027.0,50.0
180461.0,2605,60221.0,50.0
137032.0,5214,46324.0,50.0
192323.0,0901,47382.0,50.0
206604.0,1410,89391.0,50.0
110714.0,4402,56620.0,50.0
157951.0,0901,50392.0,50.0
168786.0,5202,74404.0,50.0
153278.0,4301,52578.0,50.0
110510.0,5100,45977.0,50.0
207582.0,5202,58754.0,50.0
217156.0,2703,157822.0,50.0
217059.0,1419,89995.0,50.0
105330.0,4510,58571.0,50.0
217059.0,5214,69407.0,50.0
483036.0,4201,42417.0,50.0
155399.0,1404,91336.0,50.0
181464.0,0901,59017.0,50.0
110714.0,2602,88305.0,50.0
218663.0,0907,62214.0,50.0
223232.0,4407,58293.0,50.0
106397.0,0402,67955.0,50.0
198862.0,5202,40328.0,50.0
220075.0,5401,44142.0,50.0
168263.0,4506,72539.0,50.0
110635.0,4008,96043.0,50.0
218724.0,5209,50864.0,50.0
161457.0,5106,74504.0,50.0
178396.0,5102,61713.0,50.0
160658.0,1407,102119.0,50.0
122409.0,5401,57861.0,50.0
196246.0,4407,59925.0,50.0
129941.0,0901,59225.0,50.0
225502.0,5202,62054.0,50.0
147703.0,1310,53148.0,50.0
150066.0,5138,81507.0,50.0
160658.0,0901,44432.0,50.0
196167.0,4509,66435.0,50.0
175342.0,2401,42321.0,50.0
166124.0,5401,72423.0,50.0
163268.0,2301,57547.0,50.0
204705.0,5201,65374.0,50.0
498562.0,3103,52571.0,50.0
230737.0,1104,112128.0,50.0
196042.0,4228,58570.0,50.0
204699.0,5201,65374.0,50.0
215293.0,4511,51654.0,50.0
126580.0,5001,37628.0,50.0
196060.0,4499,68928.0,50.0
133650.0,4301,44891.0,50.0
220978.0,5220,98967.0,50.0
215266.0,4511,51654.0,50.0
147536.0,5107,64430.0,50.0
133492.0,2601,47814.0,50.0
200800.0,5109,58061.0,50.0
194310.0,5214,77287.0,50.0
166452.0,5202,67879.0,50.0
214777.0,0100,52932.0,50.0
240444.0,2605,68397.0,50.0
200800.0,5004,50484.0,50.0
230737.0,2401,58219.0,50.0
262086.0,4504,75745.0,50.0
196246.0,1907,52593.0,50.0
196158.0,0907,45784.0,50.0
195474.0,4510,63075.0,50.0
171100.0,5401,47224.0,50.0
165866.0,5214,68603.0,50.0
123961.0,1405,105415.0,50.0
176017.0,4301,52874.0,50.0
217819.0,5007,38378.0,50.0
204671.0,5201,65374.0,50.0
210429.0,5122,52452.0,50.0
161253.0,0301,52523.0,50.0
165699.0,4301,58605.0,50.0
195474.0,1101,91712.0,50.0
215284.0,4511,51654.0,50.0
175856.0,5203,59996.0,50.0
232423.0,2313,57179.0,50.0
230603.0,4201,42393.0,50.0
210739.0,4301,64020.0,50.0
217819.0,5211,76727.0,50.0
230038.0,5009,29483.0,50.0
200004.0,1510,83954.0,50.0
149772.0,5203,71059.0,50.0
201195.0,3105,50415.0,50.0
196246.0,1101,73383.0,50.0
195809.0,1002,46022.0,50.0
204680.0,5201,65374.0,50.0
171100.0,1409,104627.0,50.0
165334.0,4510,68174.0,50.0
171100.0,3019,66437.0,50.0
122597.0,1410,112454.0,50.0
200004.0,2301,45079.0,50.0
221768.0,5208,64840.0,50.0
232186.0,5009,46765.0,50.0
175421.0,5107,51594.0,50.0
217819.0,5401,47424.0,50.0
122409.0,3101,57093.0,50.0
122409.0,5009,42090.0,50.0
159966.0,1205,46969.0,50.0
151324.0,2401,50968.0,50.0
127565.0,5004,61654.0,50.0
134097.0,1609,51157.0,50.0
196413.0,5401,64871.0,50.0
151111.0,4510,56560.0,50.0
176965.0,5208,66897.0,50.0
164492.0,4302,110044.0,50.0
102094.0,4407,46667.0,50.0
224226.0,1312,54079.0,50.0
176080.0,5001,38939.0,50.0
227368.0,4510,44895.0,50.0
240374.0,3105,55240.0,50.0
231174.0,0109,48468.0,50.0
102298.0,5202,45520.0,50.0
127060.0,0901,63374.0,50.0
100663.0,1408,78054.0,50.0
184782.0,4507,57567.0,50.0
151306.0,5007,38619.0,50.0
204796.0,5201,65374.0,50.0
240417.0,5218,66306.0,50.0
172699.0,5004,58634.0,50.0
164924.0,3020,91874.0,50.0
225201.0,5202,48295.0,50.0
104151.0,1435,102439.0,50.0
212106.0,1101,92789.0,50.0
186584.0,4201,55501.0,50.0
215655.0,1313,53974.0,50.0
196088.0,5006,43285.0,50.0
204796.0,5106,65920.0,50.0
240444.0,0101,81655.0,50.0
217484.0,5131,61079.0,50.0
243601.0,4201,31701.0,50.0
201645.0,1405,94168.0,50.0
126669.0,3902,44270.0,50.0
240727.0,4006,68883.0,49.0
162283.0,4301,58110.0,49.0
123961.0,1410,131532.0,49.0
181394.0,1310,55665.0,49.0
218663.0,0301,50447.0,49.0
230782.0,5106,37694.0,49.0
139940.0,4405,56842.0,49.0
164562.0,0909,74900.0,49.0
181464.0,5401,47944.0,49.0
190415.0,4405,126767.0,49.0
151111.0,1501,87114.0,49.0
180461.0,1510,89002.0,49.0
110583.0,0301,63040.0,49.0
207500.0,0909,76148.0,49.0
212009.0,4510,59834.0,49.0
164924.0,5401,80073.0,49.0
199111.0,2601,47302.0,49.0
196194.0,5210,66544.0,49.0
243601.0,2601,34830.0,49.0
156620.0,3105,51386.0,49.0
226152.0,1302,54158.0,49.0
144005.0,4301,57691.0,49.0
100858.0,5102,55508.0,49.0
212115.0,5102,60249.0,49.0
188030.0,4407,50295.0,49.0
196112.0,1502,74297.0,49.0
188030.0,5202,54077.0,49.0
436836.0,2703,104454.0,49.0
479956.0,5007,40036.0,49.0
216339.0,1405,101101.0,49.0
107044.0,5203,80311.0,49.0
174066.0,1203,77420.0,49.0
107044.0,4407,48833.0,49.0
110635.0,2701,80654.0,49.0
232265.0,2601,49539.0,49.0
161873.0,5107,66614.0,49.0
225511.0,5004,64612.0,49.0
210669.0,0301,51265.0,49.0
149222.0,5202,78040.0,49.0
235097.0,1410,85599.0,49.0
214777.0,5007,40036.0,49.0
110608.0,4502,43192.0,49.0
190600.0,4506,55706.0,49.0
110565.0,4404,68497.0,49.0
100858.0,0904,44704.0,49.0
243221.0,1310,30145.0,49.0
168430.0,5102,58126.0,49.0
176080.0,1402,88444.0,49.0
196042.0,1510,89913.0,49.0
100724.0,4407,43661.0,49.0
217776.0,4400,47528.0,49.0
110495.0,5401,49882.0,49.0
129525.0,1419,88530.0,49.0
498571.0,1310,48497.0,49.0
172051.0,5203,72171.0,49.0
141060.0,4506,79456.0,49.0
196060.0,0502,51565.0,49.0
243151.0,5202,30850.0,49.0
155399.0,3018,68243.0,49.0
163453.0,0402,59586.0,49.0
129020.0,2703,104454.0,49.0
214801.0,5007,40036.0,49.0
129215.0,2301,51257.0,49.0
212106.0,1313,48096.0,49.0
155399.0,1435,93098.0,49.0
463056.0,2703,104454.0,49.0
129215.0,1101,93070.0,49.0
228778.0,4006,83481.0,49.0
110097.0,1312,51566.0,49.0
217484.0,1605,90953.0,49.0
214795.0,5007,40036.0,49.0
163286.0,0301,59329.0,49.0
162928.0,4509,99205.0,49.0
236595.0,5202,72360.0,49.0
195809.0,0904,59067.0,49.0
228787.0,5001,37825.0,49.0
172051.0,1312,48561.0,49.0
180489.0,0301,43813.0,49.0
169248.0,1312,49677.0,49.0
366252.0,1508,69714.0,49.0
100706.0,5203,71245.0,49.0
235316.0,2601,55707.0,49.0
498571.0,5208,68289.0,49.0
151102.0,1107,101396.0,49.0
174066.0,1601,46081.0,49.0
180489.0,4407,46459.0,49.0
126818.0,3020,48973.0,49.0
169248.0,0904,47775.0,49.0
181464.0,3020,54106.0,49.0
196088.0,1409,109221.0,49.0
149781.0,0901,60695.0,49.0
215114.0,3802,55492.0,49.0
228802.0,1101,79754.0,49.0
141334.0,4510,53827.0,49.0
196130.0,1508,73327.0,49.0
240480.0,0112,62051.0,49.0
227863.0,2401,61219.0,49.0
131283.0,0402,69838.0,49.0
160630.0,4301,44723.0,49.0
137476.0,5202,63852.0,49.0
145600.0,1907,50123.0,49.0
157757.0,5201,63325.0,49.0
230038.0,1601,60469.0,49.0
228431.0,5005,41450.0,49.0
133650.0,1101,83041.0,49.0
215293.0,5007,57705.0,49.0
192110.0,5009,32842.0,49.0
145619.0,2601,66960.0,49.0
133650.0,4510,48733.0,49.0
133669.0,0402,64730.0,49.0
102094.0,1410,100166.0,49.0
157951.0,2301,40616.0,49.0
170082.0,5009,49111.0,49.0
145619.0,5111,50130.0,49.0
199193.0,2607,38440.0,49.0
167729.0,5007,50397.0,49.0
220978.0,5102,56781.0,49.0
199962.0,5111,78487.0,49.0
232672.0,2401,50117.0,49.0
436827.0,2703,104454.0,49.0
204024.0,5111,72484.0,49.0
178396.0,5007,51254.0,49.0
153603.0,1418,83416.0,49.0
157386.0,5109,76850.0,49.0
160658.0,5007,36472.0,49.0
196246.0,2601,67359.0,49.0
209551.0,4404,67030.0,49.0
216010.0,1312,49039.0,49.0
240444.0,2613,49602.0,49.0
132903.0,5206,74103.0,49.0
186584.0,4301,55265.0,49.0
160630.0,5202,42068.0,49.0
160630.0,4407,49709.0,49.0
217165.0,0901,68518.0,49.0
194091.0,1419,89966.0,49.0
110680.0,5401,61745.0,49.0
200800.0,1508,80611.0,49.0
204006.0,5111,72484.0,49.0
115755.0,2301,43310.0,49.0
209807.0,1609,50241.0,49.0
209807.0,4506,75482.0,49.0
153108.0,5202,68021.0,49.0
115755.0,2607,38495.0,49.0
233921.0,1403,88315.0,49.0
196680.0,4301,75828.0,49.0
196680.0,4100,100209.0,49.0
196413.0,5207,87851.0,49.0
134097.0,4304,93841.0,49.0
233921.0,0111,56630.0,49.0
153108.0,3105,51814.0,49.0
233921.0,0301,59868.0,49.0
227881.0,1101,96727.0,49.0
204015.0,5111,72484.0,49.0
145637.0,5100,69195.0,49.0
121691.0,5102,71767.0,49.0
120184.0,5202,83441.0,49.0
182634.0,5138,82803.0,49.0
183044.0,0103,47528.0,49.0
166629.0,2301,48475.0,49.0
153250.0,1312,43531.0,49.0
215798.0,4504,52788.0,49.0
240417.0,1312,47256.0,49.0
217882.0,0110,63501.0,49.0
215770.0,5211,81519.0,49.0
135726.0,5203,102344.0,49.0
166629.0,5401,56597.0,49.0
197027.0,4903,107654.0,49.0
436818.0,2703,104454.0,49.0
204024.0,1407,96025.0,49.0
146612.0,4407,51859.0,49.0
179043.0,3105,66881.0,49.0
230038.0,5006,53695.0,49.0
201548.0,3105,46383.0,49.0
170532.0,5201,75260.0,49.0
157085.0,4506,68532.0,49.0
216278.0,2313,40989.0,49.0
131520.0,5208,80094.0,49.0
106458.0,2601,54441.0,49.0
200004.0,4502,45809.0,49.0
168005.0,5207,68752.0,49.0
153658.0,1609,54530.0,49.0
101480.0,5203,62589.0,49.0
240453.0,5123,57596.0,49.0
165820.0,4201,50046.0,49.0
228705.0,2601,42405.0,49.0
148487.0,2601,63274.0,49.0
157085.0,1901,47296.0,49.0
230603.0,2401,54147.0,49.0
148496.0,4511,54686.0,49.0
218539.0,5202,67278.0,49.0
207041.0,5202,52488.0,49.0
240462.0,4304,50368.0,49.0
157085.0,1104,65407.0,49.0
110662.0,1408,97092.0,49.0
157085.0,0904,52785.0,49.0
173647.0,0901,69423.0,49.0
106458.0,5109,63340.0,49.0
198215.0,5009,39633.0,49.0
230603.0,1313,53357.0,49.0
195003.0,1003,55122.0,49.0
152080.0,5005,64880.0,49.0
153658.0,5102,66377.0,49.0
152318.0,1408,88155.0,49.0
203517.0,5207,61642.0,49.0
138354.0,4407,45806.0,49.0
132693.0,5122,53408.0,49.0
195164.0,5203,79690.0,49.0
153603.0,2701,62261.0,49.0
206695.0,5199,63979.0,49.0
173328.0,1312,40801.0,49.0
179894.0,5006,35407.0,49.0
167987.0,5201,73398.0,49.0
179566.0,4407,46403.0,49.0
199157.0,2601,54192.0,49.0
170082.0,0999,57771.0,49.0
482149.0,5202,50285.0,49.0
201885.0,4506,75443.0,48.0
143358.0,5199,67735.0,48.0
232423.0,4506,86681.0,48.0
201441.0,0907,51758.0,48.0
172644.0,4506,63972.0,48.0
201885.0,5005,54000.0,48.0
217749.0,5202,54989.0,48.0
217235.0,1108,50374.0,48.0
236595.0,5203,97466.0,48.0
460349.0,1108,50374.0,48.0
152673.0,4506,87372.0,48.0
184782.0,2602,67702.0,48.0
187985.0,5401,55464.0,48.0
463056.0,1312,56268.0,48.0
497037.0,3105,62645.0,48.0
217819.0,2301,51705.0,48.0
218724.0,5004,40150.0,48.0
482149.0,1312,47226.0,48.0
233295.0,0901,61867.0,48.0
104179.0,2601,58119.0,48.0
100663.0,5208,66980.0,48.0
186584.0,0907,67192.0,48.0
144281.0,1616,45619.0,48.0
230852.0,1107,97753.0,48.0
143358.0,1408,83801.0,48.0
101435.0,3105,46746.0,48.0
145637.0,5401,46718.0,48.0
229179.0,5214,57227.0,48.0
233921.0,4507,65259.0,48.0
182281.0,3019,58160.0,48.0
486840.0,0904,54360.0,48.0
104179.0,1408,91602.0,48.0
217633.0,5202,63035.0,48.0
211583.0,4301,57831.0,48.0
498571.0,2301,37813.0,48.0
218663.0,1410,100042.0,48.0
185828.0,1405,88396.0,48.0
152080.0,5212,122821.0,48.0
235343.0,1110,72761.0,48.0
150136.0,5206,76847.0,48.0
172608.0,5214,58073.0,48.0
107983.0,2401,38931.0,48.0
169910.0,1110,91678.0,48.0
218663.0,1409,109116.0,48.0
235316.0,1107,121512.0,48.0
231624.0,1107,127851.0,48.0
487603.0,4201,54357.0,48.0
229063.0,5100,44612.0,48.0
153603.0,0110,65943.0,48.0
147703.0,5131,55221.0,48.0
142328.0,1312,43228.0,48.0
232186.0,2615,68546.0,48.0
144740.0,5206,93563.0,48.0
144740.0,2701,89908.0,48.0
149231.0,5122,47652.0,48.0
209542.0,5212,88149.0,48.0
199193.0,4511,52142.0,48.0
229027.0,5210,68185.0,48.0
212054.0,5201,86878.0,48.0
229160.0,4301,49909.0,48.0
104179.0,4511,55300.0,48.0
186131.0,4506,160763.0,48.0
186876.0,2613,44981.0,48.0
200280.0,5110,78774.0,48.0
230603.0,1312,54243.0,48.0
498571.0,0904,45264.0,48.0
169798.0,4510,51261.0,48.0
150136.0,5401,50838.0,48.0
153269.0,5208,88637.0,48.0
213598.0,4301,54632.0,48.0
236133.0,4201,54357.0,48.0
149231.0,1410,99325.0,48.0
200280.0,1410,106162.0,48.0
169798.0,5006,49388.0,48.0
151777.0,3105,52218.0,48.0
207856.0,5202,49297.0,48.0
182281.0,4400,58130.0,48.0
180461.0,5006,45300.0,48.0
225627.0,0901,39660.0,48.0
237525.0,4407,41684.0,48.0
177940.0,5202,48276.0,48.0
440828.0,5212,88149.0,48.0
180461.0,1508,80089.0,48.0
111188.0,1419,126395.0,48.0
110592.0,1506,86970.0,48.0
198464.0,4511,44918.0,48.0
194578.0,0409,84447.0,48.0
180461.0,0109,46313.0,48.0
190637.0,5007,50334.0,48.0
156286.0,5202,63991.0,48.0
176035.0,5122,38325.0,48.0
174251.0,2601,61374.0,48.0
137351.0,4005,59942.0,48.0
123961.0,5010,63353.0,48.0
216339.0,0409,66518.0,48.0
215275.0,2314,45749.0,48.0
239716.0,2601,62683.0,48.0
133386.0,1312,50619.0,48.0
203757.0,5138,70971.0,48.0
198695.0,0907,50007.0,48.0
196042.0,1512,81036.0,48.0
219356.0,4201,50210.0,48.0
139959.0,5401,50721.0,48.0
110556.0,4510,62298.0,48.0
139959.0,5219,61955.0,48.0
163286.0,5102,69033.0,48.0
133650.0,0909,41861.0,48.0
225432.0,5122,52438.0,48.0
240444.0,0109,57605.0,48.0
377564.0,4512,63174.0,48.0
436827.0,1312,56268.0,48.0
221847.0,5208,66535.0,48.0
242626.0,4301,29880.0,48.0
221768.0,4301,46142.0,48.0
216278.0,5208,79899.0,48.0
155496.0,3902,45100.0,48.0
179964.0,1616,49889.0,48.0
191649.0,5005,44388.0,48.0
228459.0,2605,65502.0,48.0
191241.0,0907,84366.0,48.0
195128.0,5199,68647.0,48.0
122931.0,3008,147013.0,48.0
226833.0,4301,50888.0,48.0
240453.0,5005,39452.0,48.0
195030.0,1410,105183.0,48.0
110680.0,4502,56982.0,48.0
191649.0,2301,55054.0,48.0
206695.0,5208,63294.0,48.0
178396.0,0102,75958.0,48.0
122612.0,1107,150341.0,48.0
221759.0,0112,88563.0,48.0
220075.0,2301,43001.0,48.0
139311.0,5100,40140.0,48.0
215293.0,2314,45749.0,48.0
238980.0,5214,59513.0,48.0
110653.0,5120,61034.0,48.0
123961.0,3801,51831.0,48.0
123961.0,3099,59455.0,48.0
174358.0,3105,50987.0,48.0
162007.0,1907,53181.0,48.0
193654.0,2314,42674.0,48.0
132851.0,5138,93193.0,48.0
130943.0,1609,64350.0,48.0
214777.0,2705,86636.0,48.0
137351.0,5211,66141.0,48.0
215284.0,2314,45749.0,48.0
436836.0,1312,56268.0,48.0
228644.0,5106,71120.0,48.0
195243.0,4301,57707.0,48.0
178341.0,2601,40412.0,48.0
198695.0,0909,62467.0,48.0
176080.0,1101,82852.0,48.0
220862.0,1419,89516.0,48.0
110510.0,5207,56430.0,48.0
176965.0,1500,75375.0,48.0
126818.0,3019,59528.0,48.0
175005.0,4407,62227.0,48.0
128771.0,4511,56463.0,48.0
110486.0,2699,49834.0,48.0
159939.0,5005,28807.0,48.0
222178.0,3105,62645.0,48.0
207388.0,5206,69153.0,48.0
240329.0,1609,55614.0,48.0
128902.0,4506,107283.0,48.0
120883.0,4201,52612.0,48.0
240417.0,1108,74146.0,48.0
110510.0,2313,42232.0,48.0
236948.0,4512,63174.0,48.0
126711.0,3033,52293.0,48.0
196413.0,1902,90210.0,48.0
227881.0,5005,36389.0,48.0
228787.0,2701,69383.0,48.0
204024.0,0901,55919.0,48.0
166911.0,5004,33496.0,48.0
196097.0,5109,103656.0,48.0
178615.0,5138,77315.0,48.0
117140.0,4504,47273.0,48.0
218724.0,5401,49222.0,48.0
220862.0,4511,43595.0,48.0
436818.0,1312,56268.0,48.0
141486.0,4201,51344.0,48.0
222983.0,5201,55011.0,48.0
155025.0,2401,50717.0,48.0
243221.0,5208,57851.0,48.0
204015.0,0901,55919.0,48.0
220978.0,1601,43666.0,48.0
227881.0,4005,57410.0,48.0
218973.0,1609,61200.0,48.0
206695.0,1310,39497.0,48.0
121691.0,0301,57319.0,48.0
140960.0,3000,39208.0,48.0
192703.0,1407,96134.0,48.0
228778.0,2615,65124.0,48.0
159993.0,5109,66079.0,48.0
155399.0,0110,78367.0,48.0
215798.0,5202,73584.0,48.0
164988.0,2601,61610.0,48.0
207388.0,2301,43494.0,48.0
192749.0,4201,63908.0,48.0
129020.0,1312,56268.0,48.0
136233.0,5138,84993.0,48.0
115755.0,1107,74620.0,48.0
243823.0,2604,52681.0,48.0
377564.0,4599,56628.0,48.0
204006.0,0901,55919.0,48.0
228778.0,3801,71790.0,48.0
133711.0,4404,70202.0,48.0
197133.0,4510,69942.0,48.0
225414.0,5208,74949.0,48.0
198695.0,4301,65607.0,48.0
236948.0,4599,56628.0,48.0
243106.0,5204,20209.0,48.0
147244.0,5005,38666.0,47.0
159717.0,5203,67331.0,47.0
186380.0,1601,60883.0,47.0
122409.0,0502,55230.0,47.0
227216.0,1104,69097.0,47.0
122597.0,2602,76134.0,47.0
166027.0,1107,203169.0,47.0
183062.0,0402,61304.0,47.0
200004.0,3105,50761.0,47.0
131520.0,3105,61316.0,47.0
101587.0,3099,40455.0,47.0
486840.0,0402,70752.0,47.0
171100.0,1609,59315.0,47.0
122436.0,5211,85285.0,47.0
131876.0,5138,106318.0,47.0
146612.0,1310,51522.0,47.0
212674.0,5401,52904.0,47.0
232706.0,1101,82795.0,47.0
170976.0,2401,67859.0,47.0
199999.0,4201,40797.0,47.0
240417.0,2703,92803.0,47.0
204024.0,5102,62575.0,47.0
199999.0,5110,70450.0,47.0
122409.0,5007,35416.0,47.0
227216.0,4303,63622.0,47.0
146719.0,5206,78094.0,47.0
215293.0,3105,45013.0,47.0
227216.0,4228,46468.0,47.0
217882.0,0103,51582.0,47.0
229814.0,5203,61262.0,47.0
230038.0,1312,50251.0,47.0
166674.0,5006,51139.0,47.0
183026.0,5006,50871.0,47.0
204857.0,5007,39055.0,47.0
132602.0,4201,37793.0,47.0
209825.0,4201,50579.0,47.0
178402.0,5203,73096.0,47.0
199962.0,4400,45558.0,47.0
204848.0,5007,39055.0,47.0
217402.0,1310,54927.0,47.0
202480.0,4510,68731.0,47.0
226471.0,1312,50730.0,47.0
215266.0,3105,45013.0,47.0
150677.0,4201,44424.0,47.0
498571.0,3006,70820.0,47.0
164872.0,0402,82268.0,47.0
243780.0,4005,67680.0,47.0
231174.0,1313,44006.0,47.0
212054.0,5211,94595.0,47.0
150172.0,5202,46551.0,47.0
221999.0,2701,141171.0,47.0
196079.0,1405,94859.0,47.0
185129.0,5214,54983.0,47.0
231420.0,4301,52318.0,47.0
129020.0,5007,50952.0,47.0
126614.0,1443,89262.0,47.0
151324.0,5214,66087.0,47.0
196158.0,5009,45794.0,47.0
185262.0,3103,54232.0,47.0
217536.0,1312,59178.0,47.0
242705.0,5203,32196.0,47.0
196158.0,5010,50671.0,47.0
171571.0,0904,46680.0,47.0
164739.0,5205,80781.0,47.0
215293.0,1313,52228.0,47.0
172051.0,4201,50066.0,47.0
200800.0,1907,44355.0,47.0
230782.0,1907,32265.0,47.0
127185.0,4511,43544.0,47.0
243780.0,0303,40053.0,47.0
184694.0,5138,98585.0,47.0
164562.0,2301,62073.0,47.0
164562.0,4201,61578.0,47.0
184603.0,5138,98585.0,47.0
126818.0,4502,43129.0,47.0
151102.0,4404,53257.0,47.0
176965.0,0907,43463.0,47.0
230764.0,4501,57708.0,47.0
217493.0,5006,51278.0,47.0
151290.0,4201,46698.0,47.0
128391.0,4201,47401.0,47.0
163851.0,5401,54262.0,47.0
215266.0,1313,52228.0,47.0
150774.0,5201,52927.0,47.0
211583.0,5202,66885.0,47.0
172264.0,5100,61834.0,47.0
231581.0,3105,55288.0,47.0
100751.0,1310,50763.0,47.0
498562.0,4510,56161.0,47.0
200280.0,0901,56065.0,47.0
240480.0,5110,64792.0,47.0
165671.0,5202,65625.0,47.0
165699.0,2401,55369.0,47.0
196200.0,2601,49725.0,47.0
492962.0,4201,46698.0,47.0
149222.0,0402,63104.0,47.0
366711.0,5212,72448.0,47.0
149222.0,0101,71910.0,47.0
149222.0,0100,57596.0,47.0
161509.0,5004,39443.0,47.0
204839.0,5007,39055.0,47.0
165820.0,1506,66707.0,47.0
226152.0,4510,50544.0,47.0
131469.0,0904,81927.0,47.0
161253.0,4407,51470.0,47.0
148627.0,0901,44312.0,47.0
196219.0,5003,30406.0,47.0
201441.0,4901,75845.0,47.0
130943.0,4405,65776.0,47.0
204820.0,5007,39055.0,47.0
183080.0,4201,50968.0,47.0
210775.0,5115,48809.0,47.0
150136.0,1907,46269.0,47.0
185572.0,5009,55526.0,47.0
204802.0,5007,39055.0,47.0
215275.0,1313,52228.0,47.0
231712.0,4506,75365.0,47.0
200280.0,5208,65856.0,47.0
129941.0,5203,86158.0,47.0
177968.0,0909,55003.0,47.0
232186.0,1419,96467.0,47.0
366711.0,0301,55903.0,47.0
130493.0,3103,53522.0,47.0
151388.0,2701,71223.0,47.0
171146.0,5203,63442.0,47.0
130590.0,4510,94097.0,47.0
240727.0,5007,46371.0,47.0
162584.0,3105,46862.0,47.0
162584.0,1401,99671.0,47.0
177968.0,5214,57255.0,47.0
229814.0,4201,45193.0,47.0
214883.0,5107,51003.0,47.0
139658.0,2615,73795.0,47.0
207847.0,4201,35428.0,47.0
436827.0,5007,50952.0,47.0
206862.0,1907,47976.0,47.0
482680.0,1310,50673.0,47.0
206835.0,5201,60046.0,47.0
154095.0,5199,52202.0,47.0
191241.0,5001,65848.0,47.0
170082.0,1104,81420.0,47.0
142285.0,3105,49651.0,47.0
169798.0,5123,46560.0,47.0
482680.0,2301,45047.0,47.0
199193.0,1312,48824.0,47.0
155399.0,2601,57718.0,47.0
238476.0,4201,54636.0,47.0
237011.0,1312,62500.0,47.0
157386.0,0909,46667.0,47.0
139311.0,0901,40300.0,47.0
110705.0,2613,50694.0,47.0
167899.0,4201,49255.0,47.0
167835.0,4510,68916.0,47.0
199193.0,1403,84848.0,47.0
153603.0,0305,52650.0,47.0
155399.0,1407,92068.0,47.0
139940.0,5109,99457.0,47.0
106397.0,5007,42681.0,47.0
110705.0,5005,44106.0,47.0
190044.0,1107,103132.0,47.0
137847.0,2613,43683.0,47.0
153375.0,5208,67234.0,47.0
167783.0,3105,76569.0,47.0
106397.0,0109,56136.0,47.0
207865.0,1313,47607.0,47.0
110671.0,3801,51402.0,47.0
182290.0,2615,57769.0,47.0
237525.0,5102,55037.0,47.0
216597.0,5206,123614.0,47.0
198516.0,5122,81153.0,47.0
199139.0,5212,95640.0,47.0
190637.0,3105,57091.0,47.0
110565.0,5213,83878.0,47.0
436836.0,5007,50952.0,47.0
463056.0,5007,50952.0,47.0
234827.0,5007,40251.0,47.0
168148.0,5007,41365.0,47.0
190646.0,5203,61799.0,47.0
110644.0,1601,58443.0,47.0
169910.0,1101,85131.0,47.0
174233.0,1109,79939.0,47.0
169910.0,0909,51396.0,47.0
229027.0,4502,41472.0,47.0
140252.0,2609,57462.0,47.0
139959.0,4301,50717.0,47.0
139959.0,5215,78372.0,47.0
202134.0,1410,87713.0,47.0
139700.0,5138,95596.0,47.0
199157.0,1312,53794.0,47.0
198303.0,5202,54889.0,47.0
433660.0,4510,54824.0,47.0
182281.0,3099,48692.0,47.0
110662.0,2609,57139.0,47.0
207865.0,5107,50716.0,47.0
169798.0,5220,87028.0,47.0
139463.0,2601,47218.0,47.0
198136.0,4303,62695.0,47.0
139366.0,5214,52588.0,47.0
218964.0,5007,37440.0,47.0
139940.0,5122,48896.0,47.0
220862.0,1107,90207.0,47.0
169798.0,1003,42490.0,47.0
459949.0,5401,50062.0,47.0
111188.0,1508,126209.0,47.0
169716.0,2601,91888.0,47.0
215929.0,4400,52172.0,47.0
193292.0,5202,66051.0,47.0
202480.0,1408,83460.0,47.0
141334.0,5100,43308.0,47.0
199120.0,0502,54691.0,47.0
142276.0,2601,52171.0,47.0
110413.0,5203,89573.0,47.0
213987.0,4301,54902.0,47.0
170301.0,1313,49627.0,47.0
159391.0,3019,55159.0,47.0
436818.0,5007,50952.0,47.0
220862.0,1500,79914.0,47.0
169248.0,2615,73316.0,47.0
207500.0,0301,64798.0,47.0
228246.0,4506,91701.0,47.0
199111.0,5122,42267.0,47.0
192819.0,3000,67076.0,47.0
169248.0,1310,50095.0,47.0
190503.0,3099,48525.0,47.0
154493.0,1313,47790.0,47.0
154855.0,5202,47201.0,47.0
240277.0,4407,54252.0,47.0
193399.0,5202,56425.0,47.0
204866.0,5007,39055.0,47.0
209612.0,3105,56053.0,47.0
157757.0,5007,36416.0,47.0
145336.0,5203,61223.0,47.0
191931.0,5202,70790.0,47.0
137351.0,5209,57695.0,47.0
174066.0,0502,49305.0,47.0
106245.0,2401,50805.0,47.0
218229.0,3105,43098.0,47.0
155140.0,5202,45827.0,47.0
167729.0,2301,43621.0,47.0
213011.0,5202,70089.0,47.0
159647.0,3099,42822.0,47.0
240365.0,2601,53507.0,47.0
191968.0,4201,53057.0,47.0
153001.0,5214,55330.0,47.0
239105.0,5205,71711.0,47.0
202480.0,5202,92317.0,47.0
239318.0,1404,88756.0,47.0
234030.0,1410,107487.0,47.0
150136.0,5202,75703.0,46.0
236939.0,0109,41634.0,46.0
208646.0,1399,51176.0,46.0
139959.0,1310,51259.0,46.0
204796.0,4005,71559.0,46.0
469416.0,1312,27891.0,46.0
129525.0,5202,58017.0,46.0
198561.0,4301,51709.0,46.0
237312.0,5109,64571.0,46.0
440916.0,4201,41901.0,46.0
207458.0,5005,41540.0,46.0
100812.0,1313,49331.0,46.0
100751.0,5206,86114.0,46.0
129525.0,5218,70124.0,46.0
208646.0,3105,50279.0,46.0
190549.0,5007,42362.0,46.0
140234.0,5202,64584.0,46.0
230852.0,5203,68274.0,46.0
190114.0,4402,55162.0,46.0
190558.0,2401,49129.0,46.0
110529.0,0111,66714.0,46.0
199032.0,4299,39845.0,46.0
243179.0,1399,28399.0,46.0
190549.0,3105,50454.0,46.0
110361.0,5122,77329.0,46.0
198969.0,3105,45457.0,46.0
199102.0,2601,57392.0,46.0
211440.0,4506,144886.0,46.0
198899.0,5202,57743.0,46.0
184782.0,4008,72734.0,46.0
110413.0,2401,60806.0,46.0
243133.0,5214,31911.0,46.0
141574.0,1907,47874.0,46.0
141334.0,5007,45644.0,46.0
110413.0,3105,59820.0,46.0
203368.0,4511,57173.0,46.0
126580.0,4511,46444.0,46.0
198808.0,4301,50085.0,46.0
142276.0,5214,64480.0,46.0
128106.0,2401,43508.0,46.0
204796.0,5111,71189.0,46.0
443562.0,1312,27891.0,46.0
150136.0,5220,90239.0,46.0
189282.0,5132,123202.0,46.0
243106.0,5203,29500.0,46.0
141565.0,0901,41750.0,46.0
243179.0,0907,24322.0,46.0
204015.0,4301,57868.0,46.0
139940.0,4006,47111.0,46.0
126182.0,5138,78402.0,46.0
199209.0,1101,53598.0,46.0
194310.0,1107,117835.0,46.0
232982.0,3105,52482.0,46.0
136950.0,5211,69695.0,46.0
240444.0,1418,91265.0,46.0
206525.0,2601,53304.0,46.0
204024.0,4301,57868.0,46.0
197869.0,0904,48243.0,46.0
186380.0,4502,56468.0,46.0
199193.0,4504,55303.0,46.0
240444.0,4005,64734.0,46.0
110714.0,3801,51398.0,46.0
137564.0,1312,49334.0,46.0
488679.0,5115,45729.0,46.0
131520.0,5214,77820.0,46.0
147767.0,1435,138720.0,46.0
137847.0,5100,72531.0,46.0
200004.0,3103,41786.0,46.0
234076.0,1419,94881.0,46.0
239716.0,5203,76669.0,46.0
483124.0,4008,81696.0,46.0
240426.0,4407,54195.0,46.0
204006.0,4301,57868.0,46.0
186432.0,5138,100199.0,46.0
186584.0,0999,70611.0,46.0
104151.0,4008,81696.0,46.0
196413.0,2313,61159.0,46.0
196866.0,1419,85427.0,46.0
233921.0,1433,102699.0,46.0
120883.0,1107,147511.0,46.0
240329.0,2301,46043.0,46.0
133881.0,5107,51753.0,46.0
240189.0,0301,63936.0,46.0
135717.0,1310,59174.0,46.0
196291.0,1422,106186.0,46.0
186399.0,4502,56468.0,46.0
192819.0,4299,67205.0,46.0
240268.0,5009,47079.0,46.0
133711.0,1312,49797.0,46.0
240189.0,5401,48693.0,46.0
209807.0,0402,62349.0,46.0
232566.0,5401,47957.0,46.0
122597.0,3019,61895.0,46.0
196237.0,4511,49308.0,46.0
482149.0,4407,43795.0,46.0
106467.0,4303,53142.0,46.0
130943.0,0306,42567.0,46.0
123961.0,2401,58462.0,46.0
190664.0,2601,64303.0,46.0
234827.0,0909,66538.0,46.0
240727.0,2607,44424.0,46.0
237525.0,5208,63906.0,46.0
188030.0,1500,81690.0,46.0
198419.0,4510,88459.0,46.0
110662.0,5004,66259.0,46.0
240727.0,4501,43404.0,46.0
149514.0,3904,46286.0,46.0
106704.0,0909,45649.0,46.0
237385.0,1312,44090.0,46.0
185590.0,5003,39064.0,46.0
139931.0,5206,57606.0,46.0
262129.0,3001,41759.0,46.0
237330.0,4407,46324.0,46.0
139719.0,4201,45292.0,46.0
195474.0,2200,63487.0,46.0
122597.0,4512,70207.0,46.0
131469.0,0909,85459.0,46.0
131496.0,5203,141931.0,46.0
490805.0,5202,57191.0,46.0
234076.0,2701,91236.0,46.0
197869.0,4511,47180.0,46.0
138354.0,1410,91813.0,46.0
196219.0,4201,47022.0,46.0
195030.0,1405,95957.0,46.0
238458.0,5107,66689.0,46.0
101480.0,1901,42212.0,46.0
237932.0,5138,82117.0,46.0
144740.0,1003,45028.0,46.0
238032.0,4304,62455.0,46.0
195173.0,5138,112171.0,46.0
202134.0,1101,86337.0,46.0
139366.0,5203,61389.0,46.0
131159.0,4201,62240.0,46.0
237950.0,4304,62455.0,46.0
240480.0,2301,43258.0,46.0
134097.0,5004,73888.0,46.0
171599.0,3105,43475.0,46.0
226152.0,4511,44654.0,46.0
217864.0,3105,66934.0,46.0
151342.0,0901,44703.0,46.0
221847.0,0999,45909.0,46.0
227526.0,0402,62540.0,46.0
217934.0,4407,44276.0,46.0
159939.0,1107,99548.0,46.0
229115.0,1904,78435.0,46.0
179557.0,4407,43260.0,46.0
167358.0,2701,125084.0,46.0
164988.0,2602,64112.0,46.0
217882.0,1418,85883.0,46.0
170976.0,0501,58232.0,46.0
213321.0,4301,57563.0,46.0
161253.0,4506,65097.0,46.0
217305.0,1110,84595.0,46.0
229018.0,0901,60805.0,46.0
155681.0,5203,66851.0,46.0
214777.0,1432,87636.0,46.0
164739.0,5213,111433.0,46.0
164739.0,5206,108886.0,46.0
169910.0,5010,48367.0,46.0
151388.0,5202,62886.0,46.0
230764.0,1312,61081.0,46.0
170976.0,3025,79016.0,46.0
179326.0,4201,43058.0,46.0
174792.0,4506,80461.0,46.0
171100.0,1403,86498.0,46.0
228769.0,5206,80711.0,46.0
178396.0,1410,105034.0,46.0
221838.0,1107,67292.0,46.0
161226.0,4201,44544.0,46.0
178402.0,5106,64838.0,46.0
152080.0,4201,69793.0,46.0
159993.0,4301,43699.0,46.0
175005.0,5202,67876.0,46.0
169910.0,1517,88670.0,46.0
181534.0,4301,50150.0,46.0
216597.0,5211,103700.0,46.0
218654.0,4501,44888.0,46.0
215293.0,5202,95917.0,46.0
166683.0,2701,174951.0,46.0
166513.0,4510,63584.0,46.0
216597.0,2301,67157.0,46.0
216694.0,4301,51781.0,46.0
160621.0,4201,41901.0,46.0
217059.0,5203,67405.0,46.0
175342.0,5138,93159.0,46.0
152080.0,2799,123663.0,46.0
156620.0,5203,59609.0,46.0
170037.0,4201,47933.0,46.0
156620.0,5202,68249.0,46.0
159966.0,5100,49343.0,46.0
227216.0,1510,92524.0,46.0
218414.0,3105,38192.0,46.0
216287.0,4506,128051.0,46.0
154013.0,5202,57378.0,46.0
220862.0,5009,45321.0,46.0
213385.0,4510,87904.0,46.0
153278.0,3105,45721.0,46.0
179566.0,5005,37959.0,46.0
217518.0,5203,98701.0,46.0
167987.0,4510,62918.0,46.0
155025.0,4201,53022.0,46.0
225511.0,5205,64374.0,46.0
164076.0,1104,72049.0,46.0
151801.0,5115,45729.0,46.0
155061.0,0101,58520.0,46.0
154262.0,5138,85214.0,46.0
167987.0,5401,47771.0,46.0
183080.0,0901,54740.0,46.0
214591.0,1432,87636.0,46.0
219471.0,2601,58099.0,46.0
171146.0,1312,45861.0,46.0
178721.0,5203,65636.0,46.0
216339.0,2299,60714.0,46.0
163268.0,0301,55336.0,46.0
213668.0,4504,61144.0,46.0
167996.0,0901,70618.0,46.0
151263.0,2601,67270.0,46.0
163578.0,2401,55294.0,46.0
159009.0,5202,44729.0,46.0
177542.0,1312,35240.0,46.0
153001.0,5208,63950.0,46.0
154235.0,1312,47634.0,46.0
153834.0,5138,77569.0,46.0
163338.0,5209,52883.0,46.0
213996.0,5138,77824.0,46.0
167987.0,1405,91805.0,46.0
171100.0,2609,61309.0,46.0
220075.0,2601,57167.0,46.0
163286.0,5211,90333.0,46.0
174358.0,0909,53036.0,46.0
163453.0,1104,83331.0,46.0
219709.0,3099,57644.0,46.0
183062.0,4511,47885.0,46.0
181394.0,4511,47763.0,46.0
171100.0,2605,61953.0,46.0
213020.0,3001,71028.0,46.0
157951.0,4511,43520.0,46.0
168005.0,2200,70274.0,46.0
110671.0,1309,57847.0,45.0
193900.0,5122,70840.0,45.0
183044.0,5201,72692.0,45.0
229115.0,0100,57343.0,45.0
215655.0,5004,43698.0,45.0
192819.0,5007,55296.0,45.0
119605.0,4303,80134.0,45.0
166850.0,4301,69615.0,45.0
135717.0,5006,35402.0,45.0
174491.0,4201,46555.0,45.0
215655.0,3105,53657.0,45.0
149222.0,3101,45623.0,45.0
110662.0,3025,102066.0,45.0
240417.0,1515,86490.0,45.0
204866.0,5009,44593.0,45.0
174747.0,5202,78901.0,45.0
135717.0,1312,55276.0,45.0
159382.0,4301,52560.0,45.0
134097.0,5131,60380.0,45.0
197869.0,2701,62271.0,45.0
220598.0,4301,45008.0,45.0
167729.0,1312,56509.0,45.0
436827.0,2701,68325.0,45.0
215929.0,1312,60846.0,45.0
148654.0,4301,55780.0,45.0
227845.0,5208,90286.0,45.0
229063.0,2601,55321.0,45.0
148511.0,5109,85450.0,45.0
167987.0,1410,94683.0,45.0
134097.0,1410,93740.0,45.0
193900.0,1409,127201.0,45.0
133881.0,5203,67417.0,45.0
134079.0,1312,49315.0,45.0
436818.0,2701,68325.0,45.0
203517.0,5206,68757.0,45.0
167288.0,4201,49826.0,45.0
167260.0,5214,60365.0,45.0
240277.0,5203,77802.0,45.0
220862.0,5007,48064.0,45.0
117636.0,5106,79207.0,45.0
216010.0,3105,54330.0,45.0
117636.0,5109,100224.0,45.0
212115.0,5122,54456.0,45.0
206048.0,4228,50934.0,45.0
178891.0,5202,88623.0,45.0
221759.0,5209,58854.0,45.0
204857.0,5009,44593.0,45.0
126818.0,4006,71631.0,45.0
229115.0,5131,62457.0,45.0
240727.0,4407,44701.0,45.0
186432.0,4201,45623.0,45.0
204820.0,5009,44593.0,45.0
243221.0,5005,21825.0,45.0
233374.0,5203,112202.0,45.0
243346.0,5107,45299.0,45.0
196097.0,1405,89560.0,45.0
213251.0,2601,54686.0,45.0
183026.0,4510,62387.0,45.0
223232.0,4511,57822.0,45.0
127565.0,0301,63175.0,45.0
176372.0,5401,44586.0,45.0
178244.0,4301,52689.0,45.0
240480.0,1310,46315.0,45.0
195216.0,0901,72839.0,45.0
195173.0,5202,51556.0,45.0
186876.0,5007,41137.0,45.0
195809.0,2301,59267.0,45.0
186876.0,4510,54022.0,45.0
225414.0,1107,77073.0,45.0
129525.0,5004,51607.0,45.0
186867.0,1410,112047.0,45.0
129215.0,3105,51648.0,45.0
242644.0,5109,25003.0,45.0
145637.0,5009,50544.0,45.0
204802.0,5009,44593.0,45.0
196060.0,5007,42540.0,45.0
163268.0,4511,51421.0,45.0
128744.0,5199,53404.0,45.0
130226.0,0901,63012.0,45.0
129020.0,2701,68325.0,45.0
176965.0,5220,96186.0,45.0
213020.0,5212,60927.0,45.0
195809.0,4510,59122.0,45.0
196079.0,5212,109721.0,45.0
128771.0,2602,60713.0,45.0
195164.0,5214,67383.0,45.0
204839.0,5009,44593.0,45.0
153603.0,1609,61697.0,45.0
222831.0,4407,50651.0,45.0
165671.0,1312,55866.0,45.0
165671.0,2601,69269.0,45.0
212674.0,2301,60876.0,45.0
366711.0,4510,50857.0,45.0
196200.0,4301,53597.0,45.0
194824.0,1408,86794.0,45.0
227216.0,4502,45664.0,45.0
122612.0,4511,61883.0,45.0
160658.0,1907,41274.0,45.0
221759.0,0111,61587.0,45.0
166124.0,1609,76301.0,45.0
194569.0,3902,36947.0,45.0
204024.0,2607,42883.0,45.0
212577.0,5202,101895.0,45.0
133702.0,1109,66519.0,45.0
409315.0,1101,46438.0,45.0
166629.0,5102,63620.0,45.0
204848.0,5009,44593.0,45.0
131469.0,4301,80070.0,45.0
126562.0,2301,54500.0,45.0
161253.0,3032,46292.0,45.0
126818.0,1410,99172.0,45.0
126818.0,0105,39595.0,45.0
195128.0,4201,50446.0,45.0
240471.0,0301,50797.0,45.0
176080.0,4228,50176.0,45.0
126614.0,5006,39720.0,45.0
243780.0,5199,82581.0,45.0
196158.0,0909,58820.0,45.0
126562.0,4507,57285.0,45.0
196158.0,3601,42292.0,45.0
196158.0,5203,74904.0,45.0
131469.0,1405,100601.0,45.0
145600.0,1312,64100.0,45.0
196167.0,2301,47460.0,45.0
204796.0,0403,57573.0,45.0
196167.0,4506,84529.0,45.0
219718.0,5138,80794.0,45.0
163338.0,1901,43492.0,45.0
216339.0,0301,60864.0,45.0
231174.0,1408,77342.0,45.0
173045.0,5208,79809.0,45.0
180461.0,2301,47757.0,45.0
189413.0,1312,55959.0,45.0
156082.0,0901,46497.0,45.0
170976.0,1108,162114.0,45.0
486901.0,5202,59605.0,45.0
180489.0,4511,51708.0,45.0
139931.0,0904,54396.0,45.0
201654.0,5004,51813.0,45.0
217305.0,5004,43886.0,45.0
217305.0,5138,86935.0,45.0
199847.0,5201,118167.0,45.0
199847.0,5208,145996.0,45.0
217402.0,2601,93757.0,45.0
199218.0,4005,65982.0,45.0
104179.0,5102,61534.0,45.0
201441.0,5131,54796.0,45.0
216931.0,4511,58006.0,45.0
106704.0,5102,55316.0,45.0
150136.0,0499,64350.0,45.0
482149.0,5109,72773.0,45.0
231651.0,2301,40012.0,45.0
237950.0,1409,99048.0,45.0
213543.0,1405,106260.0,45.0
235316.0,1408,86942.0,45.0
104717.0,4304,57384.0,45.0
218414.0,5202,54747.0,45.0
106412.0,2601,50141.0,45.0
207263.0,3099,57549.0,45.0
201885.0,5122,51990.0,45.0
190655.0,1503,91486.0,45.0
156541.0,4201,40751.0,45.0
199962.0,5138,68636.0,45.0
151306.0,5203,70953.0,45.0
238032.0,1409,99048.0,45.0
151111.0,1410,97841.0,45.0
100858.0,0101,68658.0,45.0
100830.0,3105,51429.0,45.0
213826.0,0402,67178.0,45.0
217633.0,5004,44221.0,45.0
217484.0,2604,77681.0,45.0
151263.0,0901,48711.0,45.0
171571.0,0301,59922.0,45.0
217688.0,0901,50824.0,45.0
171571.0,1409,95843.0,45.0
141565.0,5202,54330.0,45.0
154350.0,2401,46237.0,45.0
171571.0,5401,48990.0,45.0
141574.0,2401,40970.0,45.0
181215.0,4201,50360.0,45.0
155061.0,5109,58463.0,45.0
200280.0,1425,99932.0,45.0
228778.0,1104,72916.0,45.0
490805.0,5203,69186.0,45.0
228778.0,1601,59742.0,45.0
228778.0,1909,71922.0,45.0
230764.0,1410,91361.0,45.0
171100.0,2608,55404.0,45.0
201441.0,5006,39707.0,45.0
101480.0,5100,46042.0,45.0
237011.0,5005,40616.0,45.0
217688.0,4201,41934.0,45.0
155399.0,3019,62128.0,45.0
207388.0,2601,59081.0,45.0
190567.0,0502,48637.0,45.0
236328.0,4509,47734.0,45.0
190044.0,5202,93152.0,45.0
140960.0,4399,58382.0,45.0
476975.0,5212,95518.0,45.0
139764.0,1312,48001.0,45.0
228431.0,5208,65535.0,45.0
174066.0,1603,42569.0,45.0
138354.0,1310,47968.0,45.0
219046.0,4402,42781.0,45.0
136215.0,4201,50563.0,45.0
110413.0,0999,68806.0,45.0
181783.0,1313,48581.0,45.0
169363.0,5203,71591.0,45.0
110547.0,4510,59558.0,45.0
179159.0,5107,70202.0,45.0
157951.0,1419,86624.0,45.0
157289.0,4511,50397.0,45.0
174020.0,5212,70500.0,45.0
238616.0,5203,71591.0,45.0
149772.0,4302,68753.0,45.0
110556.0,1107,71490.0,45.0
110422.0,1312,55543.0,45.0
157386.0,5201,50191.0,45.0
110422.0,4006,69227.0,45.0
183080.0,4407,52587.0,45.0
234933.0,5106,72300.0,45.0
110370.0,1003,31068.0,45.0
440828.0,1905,59184.0,45.0
209542.0,1905,59184.0,45.0
234827.0,4400,54318.0,45.0
154013.0,1312,47713.0,45.0
108092.0,1313,45378.0,45.0
436836.0,2701,68325.0,45.0
110529.0,0403,72704.0,45.0
199069.0,5210,62841.0,45.0
183071.0,5201,72692.0,45.0
218964.0,2301,44068.0,45.0
154022.0,2501,38786.0,45.0
168227.0,1441,100012.0,45.0
228325.0,2401,47277.0,45.0
174233.0,4510,58256.0,45.0
463056.0,2701,68325.0,45.0
229027.0,1409,87983.0,45.0
169798.0,1515,75528.0,45.0
219602.0,5007,33880.0,45.0
202480.0,5207,77318.0,45.0
130943.0,5007,41103.0,44.0
228431.0,0109,54984.0,44.0
189705.0,5214,66256.0,44.0
240480.0,5102,51497.0,44.0
153269.0,5203,87582.0,44.0
140447.0,2601,59570.0,44.0
178721.0,1108,98256.0,44.0
207661.0,2601,54227.0,44.0
195544.0,2401,52543.0,44.0
230782.0,1506,94454.0,44.0
240480.0,4510,50872.0,44.0
134130.0,3801,52656.0,44.0
239318.0,1405,93229.0,44.0
181002.0,4506,75602.0,44.0
192448.0,2601,50986.0,44.0
214713.0,1313,52131.0,44.0
154518.0,4301,54289.0,44.0
141574.0,5212,76713.0,44.0
163338.0,3105,43603.0,44.0
190150.0,2301,59396.0,44.0
228149.0,3105,52553.0,44.0
163286.0,1403,93440.0,44.0
135726.0,5009,29090.0,44.0
192703.0,5109,85538.0,44.0
154350.0,1312,46495.0,44.0
228802.0,1410,95295.0,44.0
144005.0,5138,92024.0,44.0
241766.0,5009,29940.0,44.0
155061.0,5007,39280.0,44.0
134608.0,1003,34741.0,44.0
130226.0,4301,79098.0,44.0
241410.0,3105,24451.0,44.0
130493.0,1101,87705.0,44.0
143358.0,5214,76255.0,44.0
240189.0,2701,63850.0,44.0
145637.0,1412,102211.0,44.0
162928.0,2701,134785.0,44.0
136774.0,5006,41024.0,44.0
214272.0,5202,66133.0,44.0
155317.0,5006,41191.0,44.0
190558.0,1312,75637.0,44.0
179159.0,5109,77671.0,44.0
206604.0,1409,97659.0,44.0
139199.0,1312,46138.0,44.0
236230.0,3105,52113.0,44.0
161217.0,5202,50348.0,44.0
144050.0,2701,172826.0,44.0
139755.0,0907,99915.0,44.0
153375.0,5214,65010.0,44.0
132471.0,2401,51734.0,44.0
181464.0,2701,79251.0,44.0
139719.0,5202,56411.0,44.0
234076.0,0301,58475.0,44.0
156620.0,5007,35365.0,44.0
190664.0,2701,74659.0,44.0
160755.0,2301,57752.0,44.0
154095.0,0909,64067.0,44.0
214777.0,0402,76181.0,44.0
207209.0,5138,83643.0,44.0
191241.0,5006,54738.0,44.0
142522.0,1107,117895.0,44.0
160612.0,1506,76401.0,44.0
160612.0,1500,74785.0,44.0
133669.0,1313,56414.0,44.0
206695.0,5214,66058.0,44.0
139463.0,5203,66902.0,44.0
238032.0,5122,64888.0,44.0
133669.0,4227,56012.0,44.0
190691.0,4901,57665.0,44.0
139463.0,5138,84253.0,44.0
179566.0,5220,98563.0,44.0
190716.0,5123,61801.0,44.0
139366.0,3105,49912.0,44.0
214777.0,1313,52131.0,44.0
226833.0,4201,46729.0,44.0
226152.0,1427,60126.0,44.0
190655.0,5005,41880.0,44.0
236230.0,0901,57317.0,44.0
195164.0,5208,92426.0,44.0
154101.0,5202,68565.0,44.0
193584.0,4407,57949.0,44.0
240471.0,0901,51148.0,44.0
179557.0,1313,37112.0,44.0
239105.0,0907,55298.0,44.0
227757.0,1407,113605.0,44.0
228459.0,0901,53009.0,44.0
155681.0,1508,74878.0,44.0
145600.0,2602,58268.0,44.0
139959.0,5201,91970.0,44.0
155681.0,5220,90321.0,44.0
190594.0,5401,58253.0,44.0
180489.0,0901,54300.0,44.0
131469.0,1110,112554.0,44.0
139940.0,3801,60009.0,44.0
142285.0,5210,52438.0,44.0
159717.0,4301,46223.0,44.0
228723.0,1905,58156.0,44.0
191649.0,1413,90246.0,44.0
237385.0,4304,48388.0,44.0
227526.0,0100,49403.0,44.0
240462.0,1409,95300.0,44.0
240462.0,1101,82652.0,44.0
137847.0,5207,64034.0,44.0
156541.0,4400,37823.0,44.0
131113.0,1312,50589.0,44.0
213996.0,5202,66222.0,44.0
174233.0,1003,61062.0,44.0
366252.0,5107,54507.0,44.0
196413.0,5010,61819.0,44.0
117946.0,1419,96226.0,44.0
215743.0,5203,70937.0,44.0
167260.0,4301,75321.0,44.0
104151.0,4001,64456.0,44.0
148496.0,4201,51093.0,44.0
115755.0,0305,79849.0,44.0
104151.0,5009,41610.0,44.0
104179.0,1427,100468.0,44.0
167358.0,5211,125162.0,44.0
203960.0,5107,66015.0,44.0
203775.0,5138,73856.0,44.0
220075.0,5106,65649.0,44.0
197869.0,4502,42107.0,44.0
151333.0,4301,52161.0,44.0
220075.0,1907,43051.0,44.0
105330.0,5220,99015.0,44.0
104151.0,0402,60297.0,44.0
220978.0,1500,80541.0,44.0
196413.0,1405,99521.0,44.0
165866.0,2401,50600.0,44.0
230959.0,4506,123477.0,44.0
212674.0,2609,75320.0,44.0
101709.0,1312,47823.0,44.0
123572.0,4510,65009.0,44.0
172699.0,1407,91777.0,44.0
171100.0,0110,70380.0,44.0
212054.0,5208,121832.0,44.0
172699.0,5102,58023.0,44.0
175272.0,1310,49824.0,44.0
196219.0,5099,53100.0,44.0
221740.0,5007,37293.0,44.0
152318.0,1410,96448.0,44.0
122436.0,2615,72910.0,44.0
102553.0,1419,98156.0,44.0
221519.0,4506,87762.0,44.0
196264.0,4099,71805.0,44.0
210401.0,5007,32256.0,44.0
216038.0,1312,45605.0,44.0
106397.0,4509,48925.0,44.0
232186.0,2701,77519.0,44.0
169910.0,4201,49596.0,44.0
110529.0,1508,91230.0,44.0
110529.0,0101,48033.0,44.0
168847.0,2401,58921.0,44.0
108092.0,1101,82688.0,44.0
231712.0,5001,42907.0,44.0
174066.0,2604,65497.0,44.0
199102.0,1110,93564.0,44.0
149505.0,1312,49476.0,44.0
110097.0,5203,91330.0,44.0
169080.0,5102,60986.0,44.0
110422.0,5401,66518.0,44.0
218742.0,2609,45761.0,44.0
230728.0,2601,55716.0,44.0
110422.0,0901,75223.0,44.0
169248.0,5401,40918.0,44.0
151351.0,5401,58258.0,44.0
110529.0,4507,57424.0,44.0
173300.0,5138,83452.0,44.0
198464.0,5131,52463.0,44.0
482680.0,4400,43810.0,44.0
482680.0,2401,48699.0,44.0
110644.0,1603,60939.0,44.0
174251.0,4201,49150.0,44.0
110617.0,4502,48367.0,44.0
173328.0,5203,70669.0,44.0
110617.0,4501,56363.0,44.0
216852.0,4301,60555.0,44.0
150066.0,5202,55736.0,44.0
173647.0,4506,91252.0,44.0
210669.0,4506,79018.0,44.0
211431.0,2601,134677.0,44.0
199148.0,5102,61620.0,44.0
211291.0,4510,94028.0,44.0
149231.0,4005,70541.0,44.0
169910.0,5209,49983.0,44.0
196185.0,5131,64048.0,44.0
183044.0,4509,60577.0,44.0
200004.0,5007,43029.0,44.0
224147.0,5005,41773.0,44.0
498562.0,2701,62779.0,44.0
196088.0,4005,68413.0,44.0
243212.0,5109,22339.0,44.0
151102.0,2601,50366.0,44.0
146481.0,0901,64580.0,44.0
127741.0,5131,55946.0,44.0
366252.0,4604,74310.0,44.0
200800.0,5123,49049.0,44.0
100858.0,2301,44158.0,44.0
127565.0,4510,60639.0,44.0
217420.0,5115,51379.0,44.0
100858.0,5401,46133.0,44.0
184603.0,2601,56559.0,44.0
176372.0,5102,51381.0,44.0
100812.0,2401,55507.0,44.0
224323.0,2301,50113.0,44.0
230038.0,0904,50338.0,44.0
163453.0,1901,49198.0,44.0
184694.0,1101,76778.0,44.0
129242.0,2301,62527.0,44.0
177144.0,1312,39912.0,44.0
498571.0,5214,59703.0,44.0
225414.0,5201,71973.0,44.0
171599.0,5217,62740.0,44.0
129154.0,5199,56618.0,44.0
209807.0,4402,51066.0,44.0
184694.0,2601,56559.0,44.0
163462.0,4511,57290.0,44.0
213020.0,0904,49625.0,44.0
177038.0,2601,54153.0,44.0
183026.0,1107,115259.0,44.0
243179.0,5211,38062.0,44.0
146719.0,0907,48479.0,44.0
110361.0,5102,67621.0,44.0
196158.0,1101,88991.0,44.0
200217.0,2401,50827.0,44.0
164924.0,4511,70121.0,44.0
221892.0,5107,62259.0,44.0
243780.0,4506,83195.0,44.0
126562.0,1410,110754.0,44.0
184603.0,1101,76778.0,44.0
232706.0,5100,59645.0,44.0
196185.0,1313,66128.0,44.0
196149.0,4511,53524.0,44.0
147244.0,3105,48665.0,44.0
172644.0,5005,32525.0,44.0
490805.0,4511,48830.0,44.0
366252.0,1502,69871.0,44.0
126580.0,1410,113627.0,44.0
171137.0,2401,49268.0,43.0
236939.0,4511,57846.0,43.0
206941.0,5210,69235.0,43.0
173920.0,1401,82903.0,43.0
157085.0,5107,70942.0,43.0
172051.0,3105,50816.0,43.0
107141.0,5201,78800.0,43.0
486840.0,1503,91329.0,43.0
171492.0,5208,67477.0,43.0
139366.0,5201,53246.0,43.0
199148.0,5004,55394.0,43.0
155025.0,5203,65271.0,43.0
106704.0,5203,72684.0,43.0
228787.0,4510,65869.0,43.0
156082.0,4407,50122.0,43.0
171571.0,5006,43186.0,43.0
206914.0,4301,46197.0,43.0
191533.0,5202,62065.0,43.0
490805.0,1101,75365.0,43.0
181330.0,1301,46695.0,43.0
100654.0,1410,98045.0,43.0
157289.0,5122,56057.0,43.0
216524.0,2609,59415.0,43.0
101879.0,5010,48020.0,43.0
171100.0,0111,47404.0,43.0
218663.0,4509,54781.0,43.0
218663.0,2613,55093.0,43.0
492801.0,4400,39257.0,43.0
201654.0,5120,87777.0,43.0
191241.0,2601,73136.0,43.0
216852.0,1408,80117.0,43.0
202134.0,4510,49647.0,43.0
100654.0,4301,48912.0,43.0
214166.0,5202,45714.0,43.0
217484.0,2613,48446.0,43.0
104179.0,2615,52571.0,43.0
486284.0,3903,31744.0,43.0
200226.0,1312,47852.0,43.0
173142.0,5202,53811.0,43.0
237525.0,1401,72922.0,43.0
492962.0,5203,62603.0,43.0
207263.0,5102,53271.0,43.0
155399.0,0104,91040.0,43.0
199218.0,1609,45289.0,43.0
140818.0,1312,45643.0,43.0
237899.0,2401,47026.0,43.0
156082.0,4201,49251.0,43.0
139940.0,1601,40310.0,43.0
201441.0,1599,75677.0,43.0
236948.0,5107,73484.0,43.0
492801.0,4511,43676.0,43.0
140951.0,0409,64052.0,43.0
140872.0,5202,63590.0,43.0
173045.0,1107,95637.0,43.0
218229.0,1312,43637.0,43.0
156620.0,1907,39921.0,43.0
102553.0,4901,80981.0,43.0
482705.0,5208,83023.0,43.0
173045.0,0901,63850.0,43.0
482158.0,4301,52719.0,43.0
139959.0,5102,67975.0,43.0
139959.0,4511,61124.0,43.0
190567.0,1405,95685.0,43.0
201195.0,5009,37682.0,43.0
217484.0,0904,52115.0,43.0
139658.0,4509,78029.0,43.0
173328.0,5107,75912.0,43.0
173328.0,4301,73060.0,43.0
172644.0,0904,54188.0,43.0
238616.0,3105,55624.0,43.0
190594.0,5110,104791.0,43.0
155399.0,1410,95640.0,43.0
170082.0,2705,74229.0,43.0
201432.0,1599,75677.0,43.0
139959.0,1410,98280.0,43.0
139755.0,5004,95697.0,43.0
129242.0,5202,84962.0,43.0
138293.0,3105,49068.0,43.0
178396.0,1601,61080.0,43.0
196121.0,5007,44092.0,43.0
222831.0,5203,68230.0,43.0
164562.0,5203,87681.0,43.0
126818.0,0111,42034.0,43.0
196130.0,2601,48735.0,43.0
164924.0,1312,61719.0,43.0
126669.0,5203,64060.0,43.0
164988.0,1301,56556.0,43.0
131469.0,1419,101196.0,43.0
131469.0,2601,70444.0,43.0
126562.0,1301,50728.0,43.0
226231.0,4901,79277.0,43.0
226471.0,4228,42301.0,43.0
176017.0,5109,64912.0,43.0
120537.0,5202,61912.0,43.0
165671.0,4228,62013.0,43.0
196194.0,5006,38429.0,43.0
194824.0,1435,98509.0,43.0
196200.0,1312,53834.0,43.0
160755.0,4509,77300.0,43.0
132693.0,1104,70869.0,43.0
175856.0,4201,44881.0,43.0
165820.0,4400,52945.0,43.0
227216.0,4507,52712.0,43.0
221740.0,1410,86537.0,43.0
240444.0,1411,92276.0,43.0
194310.0,5003,39716.0,43.0
215293.0,4407,56092.0,43.0
127060.0,2601,54513.0,43.0
243744.0,1499,115206.0,43.0
196112.0,1110,70052.0,43.0
131113.0,1301,46324.0,43.0
177144.0,5202,50742.0,43.0
177214.0,4511,43676.0,43.0
177144.0,4301,45287.0,43.0
129215.0,2601,62726.0,43.0
129941.0,1419,89099.0,43.0
196015.0,5202,64120.0,43.0
163204.0,4404,85909.0,43.0
130226.0,0904,61819.0,43.0
243179.0,2601,35613.0,43.0
163851.0,1101,97414.0,43.0
196079.0,4502,53460.0,43.0
243179.0,5210,28024.0,43.0
128771.0,4506,62384.0,43.0
162928.0,2615,56324.0,43.0
243197.0,4510,26696.0,43.0
176965.0,1513,71326.0,43.0
243197.0,5212,43372.0,43.0
177968.0,2601,50669.0,43.0
195544.0,5209,60041.0,43.0
196088.0,5007,43584.0,43.0
130943.0,1409,111388.0,43.0
161873.0,5203,73028.0,43.0
243346.0,5204,22986.0,43.0
164447.0,4301,50021.0,43.0
127556.0,0901,54717.0,43.0
178244.0,5107,64348.0,43.0
161554.0,5203,71945.0,43.0
133669.0,1409,90664.0,43.0
133702.0,1110,72742.0,43.0
169716.0,5106,63364.0,43.0
239716.0,1312,46418.0,43.0
136172.0,5401,49611.0,43.0
192703.0,1410,100884.0,43.0
198516.0,5299,88983.0,43.0
177214.0,4400,39257.0,43.0
168342.0,4510,88339.0,43.0
198613.0,5202,60858.0,43.0
441937.0,4510,58306.0,43.0
136950.0,4201,48340.0,43.0
174075.0,0301,49610.0,43.0
179159.0,5203,90963.0,43.0
441937.0,5401,42229.0,43.0
198808.0,1312,45862.0,43.0
206525.0,3105,72289.0,43.0
216339.0,5207,60437.0,43.0
215442.0,5006,41751.0,43.0
206604.0,1313,48724.0,43.0
206604.0,1405,77864.0,43.0
137096.0,5107,61062.0,43.0
174066.0,4502,48010.0,43.0
202806.0,5201,60893.0,43.0
174066.0,2615,59568.0,43.0
179557.0,0111,56265.0,43.0
137351.0,2701,59125.0,43.0
206604.0,5005,35148.0,43.0
169080.0,1313,45579.0,43.0
218742.0,5007,35612.0,43.0
228459.0,0904,57963.0,43.0
169363.0,3105,55624.0,43.0
157951.0,5212,68333.0,43.0
219602.0,4510,48840.0,43.0
158802.0,5122,47641.0,43.0
168005.0,0901,52398.0,43.0
174914.0,4201,59398.0,43.0
240417.0,5001,41129.0,43.0
193900.0,4008,69334.0,43.0
117946.0,1101,127011.0,43.0
117140.0,5203,77520.0,43.0
117140.0,0901,66891.0,43.0
167358.0,5208,83023.0,43.0
134079.0,5203,72480.0,43.0
174844.0,4510,57869.0,43.0
227845.0,5004,54297.0,43.0
159647.0,4201,37473.0,43.0
216010.0,0301,57130.0,43.0
193353.0,5203,79304.0,43.0
159391.0,4502,44738.0,43.0
240329.0,4008,80594.0,43.0
159391.0,3020,49540.0,43.0
240329.0,1313,53218.0,43.0
205957.0,0901,42188.0,43.0
174783.0,1310,48296.0,43.0
167987.0,5212,83480.0,43.0
197869.0,5401,40371.0,43.0
206048.0,4399,71296.0,43.0
110671.0,2705,78492.0,43.0
110671.0,1601,46306.0,43.0
219833.0,5202,54090.0,43.0
110671.0,0301,64944.0,43.0
135726.0,1107,121589.0,43.0
196103.0,1401,74307.0,43.0
184612.0,5202,62282.0,43.0
152600.0,0901,50325.0,43.0
186283.0,0907,46733.0,43.0
234827.0,3103,43480.0,43.0
183026.0,5211,73271.0,43.0
234827.0,3019,56735.0,43.0
186380.0,4599,80700.0,43.0
231712.0,3099,62828.0,43.0
142285.0,0305,64392.0,43.0
186584.0,5210,67525.0,43.0
186876.0,2701,64242.0,43.0
233921.0,0101,62398.0,43.0
213321.0,5202,62843.0,43.0
187648.0,5102,48819.0,43.0
230728.0,4510,70711.0,43.0
230038.0,4507,64875.0,43.0
154095.0,5401,49313.0,43.0
184603.0,5006,45958.0,43.0
233611.0,5201,56726.0,43.0
211440.0,1101,187437.0,43.0
153269.0,5120,75867.0,43.0
234076.0,0502,57646.0,43.0
184773.0,5202,62271.0,43.0
234827.0,5006,45152.0,43.0
153126.0,4201,54384.0,43.0
182290.0,1410,96291.0,43.0
153144.0,4201,55024.0,43.0
143118.0,5208,77436.0,43.0
181783.0,4228,41391.0,43.0
187967.0,1425,95234.0,43.0
153603.0,2605,49875.0,43.0
212984.0,4201,51374.0,43.0
186201.0,1601,53085.0,43.0
142276.0,5203,65662.0,43.0
228981.0,3105,56391.0,43.0
182290.0,0306,46171.0,43.0
151290.0,5203,62603.0,43.0
187648.0,5115,50598.0,43.0
212115.0,5209,58882.0,43.0
186584.0,4510,63814.0,43.0
213349.0,5007,34337.0,43.0
230603.0,4301,60008.0,43.0
149222.0,1408,81888.0,43.0
142294.0,5100,52709.0,43.0
145619.0,0901,47664.0,43.0
230603.0,3105,57058.0,43.0
150145.0,3000,53152.0,43.0
153658.0,4504,60947.0,43.0
210331.0,1301,42243.0,43.0
231174.0,3019,61238.0,43.0
236328.0,0901,61904.0,43.0
209825.0,5213,84313.0,43.0
184694.0,5006,45958.0,43.0
153278.0,4901,86081.0,43.0
146612.0,5208,71831.0,43.0
228875.0,4301,56791.0,43.0
151111.0,4511,43678.0,43.0
232557.0,1909,38226.0,43.0
228875.0,1401,93753.0,43.0
231554.0,4301,56811.0,43.0
199111.0,2301,33714.0,42.0
224554.0,5203,68346.0,42.0
212106.0,5102,64196.0,42.0
199139.0,5005,39725.0,42.0
218654.0,5138,70311.0,42.0
199111.0,1107,88084.0,42.0
204024.0,5004,67981.0,42.0
239105.0,5401,59529.0,42.0
191968.0,5102,61090.0,42.0
173902.0,4510,58555.0,42.0
143358.0,1003,37657.0,42.0
164076.0,0301,57388.0,42.0
169363.0,5210,79286.0,42.0
151360.0,5122,53988.0,42.0
169910.0,5110,64703.0,42.0
221759.0,0306,48882.0,42.0
166124.0,3099,72290.0,42.0
218663.0,5009,45181.0,42.0
240189.0,4510,54074.0,42.0
224554.0,4511,45301.0,42.0
110361.0,5214,56350.0,42.0
230038.0,5206,117015.0,42.0
108092.0,4201,40519.0,42.0
149772.0,5214,68306.0,42.0
136172.0,1510,94692.0,42.0
460349.0,0909,77025.0,42.0
216597.0,2601,73933.0,42.0
192323.0,4510,64258.0,42.0
169716.0,0402,62939.0,42.0
211088.0,5211,58788.0,42.0
159009.0,0901,43324.0,42.0
188030.0,0109,36858.0,42.0
224545.0,2401,41358.0,42.0
199120.0,5007,41722.0,42.0
179557.0,5203,69868.0,42.0
169983.0,1410,109977.0,42.0
217156.0,4510,85388.0,42.0
176947.0,1907,39671.0,42.0
199193.0,2705,85090.0,42.0
218229.0,4201,41110.0,42.0
164173.0,5004,55419.0,42.0
191241.0,3801,74507.0,42.0
183026.0,4502,51100.0,42.0
483036.0,5212,69468.0,42.0
138947.0,5004,24420.0,42.0
183026.0,4506,86764.0,42.0
170082.0,4509,58802.0,42.0
157100.0,3902,44862.0,42.0
190983.0,4201,51101.0,42.0
218070.0,0901,64014.0,42.0
482705.0,5009,60974.0,42.0
223232.0,4509,67484.0,42.0
127565.0,0909,50478.0,42.0
196097.0,5110,110827.0,42.0
127556.0,5202,69297.0,42.0
142522.0,1410,93873.0,42.0
217235.0,0909,77025.0,42.0
157085.0,0109,53918.0,42.0
150145.0,5202,58731.0,42.0
231174.0,5131,54726.0,42.0
123961.0,1435,112150.0,42.0
484473.0,3099,50633.0,42.0
201885.0,2615,58004.0,42.0
199193.0,2602,71136.0,42.0
366711.0,5001,48043.0,42.0
377555.0,2401,46844.0,42.0
238616.0,5210,79286.0,42.0
239105.0,4506,82722.0,42.0
106467.0,4511,42344.0,42.0
199148.0,5009,40778.0,42.0
170000.0,3907,45288.0,42.0
123457.0,5138,113623.0,42.0
239017.0,5009,43385.0,42.0
196200.0,4511,51086.0,42.0
123572.0,0502,64116.0,42.0
151379.0,4301,49003.0,42.0
170082.0,0907,43011.0,42.0
127741.0,5102,57508.0,42.0
123572.0,1609,53489.0,42.0
191630.0,4510,79778.0,42.0
127741.0,0904,57603.0,42.0
106458.0,0901,44327.0,42.0
201964.0,5138,79453.0,42.0
106412.0,4301,53255.0,42.0
201964.0,5115,40901.0,42.0
165802.0,4301,80136.0,42.0
138354.0,4501,47535.0,42.0
106412.0,1506,71983.0,42.0
209542.0,0101,72311.0,42.0
206695.0,5007,36539.0,42.0
188340.0,1508,85222.0,42.0
179566.0,3101,41550.0,42.0
191241.0,5401,72389.0,42.0
227881.0,5211,61186.0,42.0
145813.0,1909,62339.0,42.0
175272.0,3099,55235.0,42.0
110635.0,5006,70963.0,42.0
240462.0,1435,88918.0,42.0
219709.0,5201,62666.0,42.0
130253.0,2601,72404.0,42.0
219709.0,5006,42033.0,42.0
232557.0,2301,42576.0,42.0
204848.0,1310,51258.0,42.0
161253.0,1503,90940.0,42.0
130226.0,1104,93037.0,42.0
145637.0,1435,103143.0,42.0
210571.0,5004,51507.0,42.0
195003.0,1616,45330.0,42.0
219709.0,0901,48737.0,42.0
131496.0,3015,89228.0,42.0
240471.0,0101,57307.0,42.0
145336.0,1101,70895.0,42.0
131496.0,5211,159452.0,42.0
168218.0,4510,72830.0,42.0
178396.0,1906,61683.0,42.0
117751.0,3906,47403.0,42.0
174233.0,5122,59639.0,42.0
204848.0,4507,56381.0,42.0
144962.0,5214,72286.0,42.0
168227.0,1409,99093.0,42.0
147828.0,5214,56787.0,42.0
110617.0,5009,42774.0,42.0
131876.0,5100,48567.0,42.0
216038.0,5401,48589.0,42.0
152080.0,2301,60998.0,42.0
234076.0,0501,65970.0,42.0
204839.0,1310,51258.0,42.0
197133.0,4506,102584.0,42.0
178059.0,2902,84342.0,42.0
195720.0,2601,61201.0,42.0
203580.0,5202,70067.0,42.0
204820.0,4507,56381.0,42.0
240727.0,5208,80827.0,42.0
145619.0,5210,90891.0,42.0
148627.0,2601,59820.0,42.0
197045.0,4227,53457.0,42.0
230603.0,2601,57709.0,42.0
162928.0,1407,94671.0,42.0
178244.0,3105,54904.0,42.0
178244.0,5203,60232.0,42.0
216038.0,5203,63186.0,42.0
167987.0,5110,84323.0,42.0
210401.0,4506,63255.0,42.0
204820.0,1310,51258.0,42.0
152080.0,1609,85619.0,42.0
148496.0,4504,52775.0,42.0
174747.0,3019,61790.0,42.0
204839.0,4507,56381.0,42.0
212115.0,5109,58113.0,42.0
167358.0,5009,60974.0,42.0
174747.0,1312,51487.0,42.0
131283.0,5009,46123.0,42.0
110662.0,4005,72220.0,42.0
110617.0,1310,55146.0,42.0
204802.0,4507,56381.0,42.0
134608.0,1312,53747.0,42.0
153658.0,1435,95347.0,42.0
196060.0,4005,70124.0,42.0
178615.0,5203,84515.0,42.0
445267.0,1907,39671.0,42.0
145813.0,0904,55641.0,42.0
227845.0,3105,61741.0,42.0
134097.0,3801,47153.0,42.0
149231.0,5206,74248.0,42.0
227845.0,5203,83957.0,42.0
229027.0,5213,78996.0,42.0
204866.0,4507,56381.0,42.0
218973.0,2601,61484.0,42.0
183080.0,5202,74912.0,42.0
122409.0,1414,88417.0,42.0
204866.0,1310,51258.0,42.0
199281.0,1312,49034.0,42.0
183080.0,5208,69367.0,42.0
240329.0,4506,71768.0,42.0
218964.0,4511,47178.0,42.0
134130.0,3099,50633.0,42.0
134130.0,4005,56179.0,42.0
196060.0,5122,64456.0,42.0
168847.0,5214,54164.0,42.0
243133.0,5208,38555.0,42.0
199102.0,1410,98061.0,42.0
199102.0,1503,75982.0,42.0
377564.0,2401,46844.0,42.0
219259.0,1312,44147.0,42.0
243115.0,1506,36328.0,42.0
147828.0,4301,51300.0,42.0
171599.0,4301,56379.0,42.0
440828.0,0101,72311.0,42.0
240444.0,4507,59424.0,42.0
144892.0,5102,60473.0,42.0
119605.0,1107,95555.0,42.0
160658.0,1101,77087.0,42.0
186201.0,0301,58005.0,42.0
204857.0,1310,51258.0,42.0
227216.0,5213,78629.0,42.0
194310.0,4201,56078.0,42.0
233921.0,4008,92746.0,42.0
174233.0,2701,75633.0,42.0
182290.0,1407,84965.0,42.0
147776.0,1312,52176.0,42.0
196264.0,5001,43473.0,42.0
204857.0,4507,56381.0,42.0
193973.0,5203,66459.0,42.0
219471.0,5208,70100.0,42.0
225414.0,5214,55280.0,42.0
168281.0,4201,54483.0,42.0
240417.0,4201,52366.0,42.0
240417.0,2313,53436.0,42.0
204802.0,1310,51258.0,42.0
144740.0,5009,44756.0,42.0
159939.0,1408,80704.0,42.0
219356.0,1510,93195.0,42.0
232566.0,5001,44066.0,42.0
104151.0,0404,56561.0,42.0
243197.0,2301,35933.0,42.0
100724.0,2601,46370.0,42.0
196185.0,4510,66572.0,42.0
126614.0,4006,60453.0,42.0
214041.0,4510,52099.0,42.0
215062.0,5115,76395.0,42.0
176017.0,5202,67414.0,42.0
196158.0,5214,58379.0,42.0
165529.0,5199,62052.0,42.0
123961.0,5106,91726.0,42.0
181215.0,4301,55356.0,42.0
207388.0,2602,49010.0,42.0
139861.0,1310,54380.0,42.0
207388.0,2605,59979.0,42.0
170976.0,5210,99594.0,42.0
172699.0,1408,78368.0,42.0
231059.0,0301,46755.0,42.0
150756.0,0901,58227.0,42.0
217305.0,1508,88991.0,42.0
127185.0,5203,59298.0,42.0
147013.0,4201,37892.0,42.0
139940.0,2701,68916.0,42.0
237011.0,2601,50027.0,42.0
176080.0,4510,54325.0,42.0
154235.0,5213,74438.0,42.0
190512.0,5211,78019.0,42.0
236939.0,4506,70215.0,42.0
185129.0,0901,44625.0,42.0
196130.0,5401,54561.0,42.0
199643.0,5202,47401.0,42.0
200332.0,1909,56197.0,42.0
236948.0,0402,69515.0,42.0
100751.0,1909,54254.0,42.0
207388.0,5211,66385.0,42.0
100751.0,1402,91999.0,42.0
213826.0,5102,69872.0,42.0
141574.0,0502,47880.0,42.0
232681.0,5401,54625.0,42.0
490805.0,5210,67466.0,42.0
171100.0,0112,67666.0,42.0
490805.0,2601,48094.0,42.0
236896.0,5201,63844.0,42.0
100858.0,1407,106726.0,42.0
180489.0,1312,43347.0,42.0
236948.0,2401,46844.0,42.0
139755.0,1414,81818.0,42.0
204796.0,0111,56812.0,42.0
228723.0,5106,70132.0,42.0
171599.0,5202,63380.0,42.0
190594.0,4407,70273.0,42.0
126614.0,0904,57079.0,42.0
223232.0,1107,128411.0,42.0
127185.0,2601,41694.0,42.0
101879.0,3105,50331.0,42.0
142115.0,1410,100680.0,42.0
190594.0,4502,51787.0,42.0
172051.0,1419,83873.0,42.0
151324.0,5007,38331.0,42.0
172644.0,1408,84157.0,42.0
100858.0,0111,52104.0,42.0
184782.0,0904,48057.0,42.0
190150.0,4599,65085.0,42.0
155317.0,0408,66286.0,42.0
201441.0,5201,59221.0,42.0
151263.0,4407,50666.0,42.0
139764.0,4201,39403.0,42.0
102632.0,5202,74392.0,42.0
180489.0,1313,51540.0,42.0
186131.0,4405,107792.0,41.0
120865.0,5201,73035.0,41.0
198543.0,4511,43889.0,41.0
213020.0,2301,49537.0,41.0
149231.0,5401,46814.0,41.0
441900.0,4301,46443.0,41.0
159966.0,1310,47646.0,41.0
225414.0,5007,38330.0,41.0
159966.0,1901,40241.0,41.0
228802.0,2301,48397.0,41.0
240374.0,1107,89495.0,41.0
155399.0,0901,52603.0,41.0
227863.0,5138,87401.0,41.0
240365.0,4506,79267.0,41.0
133951.0,5009,50677.0,41.0
409698.0,5004,48639.0,41.0
110538.0,0111,68629.0,41.0
193654.0,0907,64018.0,41.0
220978.0,2602,49543.0,41.0
230852.0,1108,67795.0,41.0
190044.0,1409,107790.0,41.0
166629.0,1410,101091.0,41.0
134097.0,2602,69875.0,41.0
110529.0,5009,44910.0,41.0
178615.0,2601,61647.0,41.0
196051.0,5202,64577.0,41.0
200217.0,1312,46121.0,41.0
176053.0,2601,49370.0,41.0
110529.0,4005,70741.0,41.0
166124.0,4511,64642.0,41.0
110422.0,1414,102702.0,41.0
233921.0,0110,80161.0,41.0
192819.0,1101,102640.0,41.0
135726.0,2601,51226.0,41.0
169248.0,5115,53353.0,41.0
149772.0,5138,86694.0,41.0
243179.0,4005,50727.0,41.0
459949.0,4511,45191.0,41.0
169479.0,5208,74898.0,41.0
200004.0,4404,70331.0,41.0
363907.0,5139,30043.0,41.0
216524.0,0901,61017.0,41.0
149505.0,4201,51104.0,41.0
490805.0,1410,96206.0,41.0
136172.0,3020,54321.0,41.0
230038.0,5207,97085.0,41.0
153825.0,3105,57233.0,41.0
243179.0,5204,22593.0,41.0
183026.0,1312,44327.0,41.0
363916.0,5139,30043.0,41.0
202134.0,5213,67614.0,41.0
128771.0,5401,54037.0,41.0
228325.0,5202,52229.0,41.0
175342.0,5202,39841.0,41.0
159009.0,2601,54628.0,41.0
174066.0,0999,74597.0,41.0
192819.0,4407,55501.0,41.0
207388.0,1435,94692.0,41.0
218973.0,4201,52046.0,41.0
155399.0,1909,57576.0,41.0
165015.0,3020,66366.0,41.0
181464.0,0106,59376.0,41.0
126818.0,2602,70343.0,41.0
110510.0,4506,54060.0,41.0
193900.0,5401,74545.0,41.0
447689.0,5138,90106.0,41.0
152600.0,1408,80173.0,41.0
125897.0,5006,50387.0,41.0
229179.0,5219,62009.0,41.0
234155.0,4407,49615.0,41.0
199102.0,1901,43937.0,41.0
174066.0,1418,83945.0,41.0
205957.0,5202,66879.0,41.0
151388.0,0901,56141.0,41.0
193016.0,0901,49395.0,41.0
221740.0,0301,45955.0,41.0
129020.0,1418,93464.0,41.0
200004.0,4511,46195.0,41.0
216366.0,0409,68760.0,41.0
122436.0,4510,62301.0,41.0
199102.0,5214,59747.0,41.0
141060.0,2601,48995.0,41.0
171146.0,5214,67437.0,41.0
196413.0,1402,90470.0,41.0
241386.0,5139,30043.0,41.0
110680.0,2611,123320.0,41.0
195216.0,4599,60518.0,41.0
197869.0,5209,48546.0,41.0
152567.0,1408,78808.0,41.0
228796.0,2701,57392.0,41.0
221953.0,1301,42927.0,41.0
498571.0,4006,57549.0,41.0
197984.0,1312,46372.0,41.0
226152.0,2701,55272.0,41.0
145600.0,5100,50429.0,41.0
141574.0,5210,59709.0,41.0
190415.0,1907,73066.0,41.0
214777.0,1609,62831.0,41.0
149222.0,1410,83853.0,41.0
115755.0,4006,53371.0,41.0
177940.0,4301,48315.0,41.0
110662.0,5009,47779.0,41.0
200800.0,4510,48987.0,41.0
171492.0,3105,50699.0,41.0
200800.0,5111,65928.0,41.0
174358.0,5006,36495.0,41.0
142115.0,0301,50697.0,41.0
219976.0,5202,80751.0,41.0
187134.0,4510,69317.0,41.0
154350.0,4301,57279.0,41.0
221971.0,4407,46286.0,41.0
148627.0,1101,75138.0,41.0
174817.0,5214,76285.0,41.0
203535.0,2301,52945.0,41.0
111948.0,5203,102147.0,41.0
195720.0,4201,53568.0,41.0
174817.0,5203,73887.0,41.0
240727.0,5203,69378.0,41.0
167394.0,4407,60938.0,41.0
240727.0,0901,54433.0,41.0
148627.0,2401,54826.0,41.0
436827.0,1418,93464.0,41.0
148627.0,5102,65233.0,41.0
130943.0,2615,59009.0,41.0
110705.0,4006,66788.0,41.0
164988.0,2701,84784.0,41.0
154493.0,5208,63736.0,41.0
229115.0,4407,58441.0,41.0
221953.0,3105,40855.0,41.0
195474.0,4506,90802.0,41.0
241377.0,5139,30043.0,41.0
436818.0,1418,93464.0,41.0
145600.0,1609,57594.0,41.0
198543.0,2601,48881.0,41.0
178396.0,5001,50205.0,41.0
174914.0,5122,59389.0,41.0
141264.0,4513,41619.0,41.0
176372.0,1101,81740.0,41.0
129525.0,5203,84114.0,41.0
210669.0,0901,54366.0,41.0
176372.0,1103,55514.0,41.0
144892.0,3099,54791.0,41.0
119605.0,5212,94118.0,41.0
122597.0,2604,74482.0,41.0
198507.0,4301,50239.0,41.0
187648.0,4301,56614.0,41.0
211981.0,2601,55244.0,41.0
145646.0,5138,84527.0,41.0
440828.0,2607,44201.0,41.0
215442.0,5202,53332.0,41.0
171146.0,4201,42255.0,41.0
225432.0,2301,45223.0,41.0
160038.0,1104,63928.0,41.0
133669.0,5100,51640.0,41.0
230728.0,1410,94576.0,41.0
168263.0,2301,51322.0,41.0
242635.0,4407,27638.0,41.0
174233.0,4506,69792.0,41.0
178387.0,5214,57015.0,41.0
217484.0,1407,103525.0,41.0
209551.0,5004,65573.0,41.0
145372.0,5210,55263.0,41.0
174914.0,0901,64917.0,41.0
110653.0,4512,63819.0,41.0
232982.0,4509,54505.0,41.0
436836.0,1418,93464.0,41.0
131469.0,5401,70734.0,41.0
196006.0,5220,74870.0,41.0
155025.0,5122,48325.0,41.0
240453.0,4507,57604.0,41.0
232557.0,2601,50666.0,41.0
110635.0,2313,69373.0,41.0
129941.0,5106,73231.0,41.0
240453.0,2701,70656.0,41.0
141486.0,1312,51215.0,41.0
100751.0,5004,60546.0,41.0
213020.0,5009,48630.0,41.0
110617.0,5004,53871.0,41.0
132471.0,2601,60471.0,41.0
204796.0,1418,86084.0,41.0
151801.0,1312,47578.0,41.0
199120.0,5106,72567.0,41.0
195720.0,0901,58279.0,41.0
188304.0,4407,49567.0,41.0
184782.0,5005,38597.0,41.0
366252.0,1513,68755.0,41.0
139311.0,5203,63862.0,41.0
224147.0,5214,62017.0,41.0
190655.0,2611,51054.0,41.0
211440.0,5004,138588.0,41.0
157085.0,5007,41406.0,41.0
164173.0,2203,63656.0,41.0
173647.0,3105,57870.0,41.0
482680.0,5401,42437.0,41.0
123961.0,1407,100646.0,41.0
157401.0,5203,64269.0,41.0
190600.0,4304,60416.0,41.0
143358.0,1312,46460.0,41.0
221768.0,0302,46540.0,41.0
228769.0,1435,97788.0,41.0
181464.0,1609,60001.0,41.0
243601.0,1313,34601.0,41.0
157085.0,3020,47698.0,41.0
237969.0,3105,58239.0,41.0
154004.0,5138,84033.0,41.0
179867.0,1419,95965.0,41.0
151324.0,5203,61660.0,41.0
106412.0,1313,39026.0,41.0
173328.0,5210,79708.0,41.0
230995.0,4509,68004.0,41.0
233541.0,4201,58144.0,41.0
152390.0,5102,66587.0,41.0
207865.0,3099,50561.0,41.0
228723.0,1609,53563.0,41.0
229814.0,5009,48656.0,41.0
238032.0,5102,54252.0,41.0
199193.0,4006,61023.0,41.0
139940.0,4502,40306.0,41.0
157447.0,5220,81833.0,41.0
217873.0,2601,35502.0,41.0
221768.0,4201,36507.0,41.0
150136.0,5218,78401.0,41.0
196112.0,1503,73268.0,41.0
190646.0,2401,61987.0,41.0
173647.0,5138,86114.0,41.0
138716.0,2601,49440.0,41.0
231624.0,4509,91065.0,41.0
221768.0,5203,59150.0,41.0
139144.0,4201,45943.0,41.0
123961.0,0301,78731.0,41.0
217059.0,4201,53927.0,41.0
228802.0,5203,61206.0,41.0
151351.0,1310,52008.0,41.0
234827.0,4901,74997.0,41.0
157289.0,1408,80681.0,41.0
157085.0,5209,52477.0,41.0
228459.0,1500,78671.0,41.0
107044.0,1313,51067.0,41.0
199218.0,2701,66941.0,41.0
488679.0,1312,47578.0,41.0
206622.0,5203,81855.0,41.0
191649.0,1107,88137.0,41.0
199193.0,0111,51696.0,41.0
190637.0,4510,59020.0,41.0
127556.0,5109,74932.0,41.0
216597.0,2401,53181.0,41.0
199139.0,1605,51373.0,41.0
196097.0,0904,65535.0,41.0
157085.0,0108,42612.0,41.0
179955.0,2401,72507.0,41.0
176479.0,1312,42389.0,41.0
228705.0,1506,71207.0,41.0
175616.0,1312,41177.0,41.0
199218.0,5401,46072.0,41.0
201548.0,4504,49041.0,41.0
157386.0,4201,45874.0,41.0
151324.0,4407,46548.0,41.0
209542.0,2607,44201.0,41.0
218663.0,4407,49401.0,41.0
235316.0,4510,74303.0,41.0
123961.0,2602,57246.0,41.0
206437.0,4201,51967.0,41.0
152600.0,4201,58104.0,41.0
463056.0,1418,93464.0,41.0
206437.0,1312,39112.0,41.0
188030.0,1310,58953.0,41.0
188030.0,1601,40432.0,41.0
202134.0,1408,73575.0,41.0
137078.0,2203,52657.0,41.0
237367.0,3105,48858.0,41.0
165802.0,5202,69576.0,41.0
233426.0,0901,76198.0,41.0
239628.0,5201,61701.0,41.0
179326.0,1312,36697.0,41.0
366252.0,1108,51764.0,41.0
154095.0,5007,40288.0,41.0
123961.0,2615,89203.0,41.0
181464.0,4511,45674.0,41.0
142294.0,5202,60094.0,41.0
233374.0,4506,100608.0,41.0
436836.0,4512,57342.0,40.0
110583.0,5206,73980.0,40.0
110592.0,2605,65366.0,40.0
498562.0,4511,50984.0,40.0
153126.0,5202,75920.0,40.0
240453.0,3019,53006.0,40.0
194310.0,4506,82118.0,40.0
160612.0,5102,46061.0,40.0
173300.0,0901,52248.0,40.0
157289.0,5106,62595.0,40.0
160658.0,4510,48378.0,40.0
235316.0,4511,62626.0,40.0
145336.0,0901,47475.0,40.0
110635.0,4005,82386.0,40.0
164076.0,5123,77953.0,40.0
110608.0,2612,73542.0,40.0
230995.0,5138,86054.0,40.0
487010.0,5106,61981.0,40.0
179566.0,5004,50814.0,40.0
127741.0,2301,46455.0,40.0
129941.0,5010,50112.0,40.0
209551.0,2701,82191.0,40.0
228802.0,5210,55705.0,40.0
164076.0,5401,56318.0,40.0
138558.0,0305,57678.0,40.0
228459.0,5122,54229.0,40.0
230737.0,1409,121466.0,40.0
215062.0,1101,241380.0,40.0
123572.0,1907,52672.0,40.0
219602.0,5109,64110.0,40.0
230737.0,5209,56252.0,40.0
207306.0,3199,38610.0,40.0
147776.0,5401,54071.0,40.0
198464.0,5005,41394.0,40.0
238458.0,2601,67070.0,40.0
181020.0,4400,51673.0,40.0
487524.0,2401,48241.0,40.0
131876.0,4301,59708.0,40.0
132903.0,1435,91630.0,40.0
181002.0,5202,73110.0,40.0
161253.0,0306,45502.0,40.0
144892.0,5007,39923.0,40.0
147776.0,4511,53747.0,40.0
200800.0,5210,67903.0,40.0
127565.0,5133,45766.0,40.0
220978.0,1905,54070.0,40.0
176080.0,5212,74780.0,40.0
179566.0,2604,65636.0,40.0
169798.0,2301,39726.0,40.0
164924.0,3801,97519.0,40.0
216010.0,4510,55295.0,40.0
130943.0,5211,87497.0,40.0
207263.0,4201,39474.0,40.0
188429.0,5203,100895.0,40.0
197869.0,4506,67285.0,40.0
216010.0,4511,47841.0,40.0
139463.0,4301,48341.0,40.0
217484.0,5007,44272.0,40.0
171571.0,4511,47873.0,40.0
104179.0,4502,43885.0,40.0
154350.0,3105,54919.0,40.0
110680.0,5007,48506.0,40.0
436827.0,4512,57342.0,40.0
186876.0,5001,40199.0,40.0
110680.0,1601,55776.0,40.0
181464.0,5102,60420.0,40.0
162928.0,1419,110210.0,40.0
185262.0,1609,50854.0,40.0
102553.0,1312,60612.0,40.0
104179.0,2602,66862.0,40.0
110644.0,2612,87406.0,40.0
164988.0,2301,58564.0,40.0
201885.0,2301,40360.0,40.0
236595.0,1419,96218.0,40.0
203544.0,5199,83293.0,40.0
231174.0,3105,59127.0,40.0
170639.0,5138,70959.0,40.0
170639.0,0303,44090.0,40.0
174844.0,2301,49382.0,40.0
154350.0,5203,76272.0,40.0
234030.0,0502,42233.0,40.0
229814.0,5208,66534.0,40.0
225511.0,4502,42146.0,40.0
142115.0,4501,49683.0,40.0
196103.0,0305,57664.0,40.0
197869.0,1907,40461.0,40.0
436818.0,4512,57342.0,40.0
162584.0,5203,67484.0,40.0
225511.0,2602,61122.0,40.0
161518.0,3105,53842.0,40.0
190716.0,5131,60998.0,40.0
214041.0,2301,42756.0,40.0
203517.0,5131,56183.0,40.0
131469.0,1107,150716.0,40.0
139144.0,3105,54278.0,40.0
161253.0,2401,45094.0,40.0
206941.0,1101,87792.0,40.0
196167.0,2701,70117.0,40.0
105330.0,5206,63605.0,40.0
207403.0,5138,72577.0,40.0
139144.0,1312,50413.0,40.0
228501.0,4301,42239.0,40.0
236939.0,2607,41888.0,40.0
163046.0,4599,67373.0,40.0
240462.0,0111,61085.0,40.0
228875.0,1105,121734.0,40.0
228468.0,5138,88324.0,40.0
151324.0,2601,56764.0,40.0
117627.0,5202,56939.0,40.0
196149.0,2601,61879.0,40.0
147341.0,3105,50093.0,40.0
105330.0,4502,39597.0,40.0
163046.0,1401,86585.0,40.0
243568.0,5109,30017.0,40.0
218061.0,5107,51005.0,40.0
131159.0,5401,59630.0,40.0
154590.0,1312,45099.0,40.0
165671.0,0901,60110.0,40.0
213543.0,1435,121498.0,40.0
217484.0,2701,73746.0,40.0
145637.0,1427,106805.0,40.0
228723.0,1101,129401.0,40.0
486840.0,4005,56784.0,40.0
238032.0,1601,48331.0,40.0
139311.0,1101,67899.0,40.0
186201.0,5401,57820.0,40.0
228723.0,1403,85393.0,40.0
240471.0,0111,59732.0,40.0
147660.0,4511,56281.0,40.0
232265.0,5214,47479.0,40.0
174358.0,5007,40960.0,40.0
183910.0,5202,74113.0,40.0
156125.0,5102,55638.0,40.0
217420.0,2601,58779.0,40.0
227881.0,5100,49134.0,40.0
110510.0,4005,63496.0,40.0
228705.0,5102,53019.0,40.0
129020.0,4512,57342.0,40.0
182281.0,4006,52278.0,40.0
212115.0,1101,104026.0,40.0
212115.0,1001,39273.0,40.0
149772.0,1312,43279.0,40.0
159391.0,1901,38968.0,40.0
217420.0,2301,48948.0,40.0
165015.0,0501,54306.0,40.0
166513.0,4506,76822.0,40.0
171100.0,5213,97236.0,40.0
171100.0,5005,42820.0,40.0
200004.0,5123,49898.0,40.0
159391.0,0109,43797.0,40.0
171100.0,4006,62448.0,40.0
127060.0,5211,80511.0,40.0
228769.0,1405,67246.0,40.0
122409.0,4005,74676.0,40.0
101480.0,4201,39687.0,40.0
110510.0,5007,30319.0,40.0
180461.0,4006,49241.0,40.0
168786.0,3105,51806.0,40.0
236328.0,2601,52645.0,40.0
137546.0,0901,58071.0,40.0
134097.0,4502,42791.0,40.0
232609.0,0901,46733.0,40.0
231651.0,3902,48776.0,40.0
139940.0,5009,35963.0,40.0
163453.0,5203,63979.0,40.0
153658.0,1407,97329.0,40.0
216667.0,5203,83516.0,40.0
193584.0,1312,51970.0,40.0
218973.0,5206,78906.0,40.0
166629.0,0904,52011.0,40.0
175856.0,1408,78824.0,40.0
127741.0,5009,37749.0,40.0
166513.0,5110,86040.0,40.0
199148.0,3103,48070.0,40.0
101480.0,1507,90850.0,40.0
134130.0,1405,88078.0,40.0
196219.0,4506,63207.0,40.0
166452.0,5123,43129.0,40.0
157951.0,0907,41791.0,40.0
215293.0,1101,65892.0,40.0
234827.0,2313,41971.0,40.0
163912.0,4201,61214.0,40.0
206507.0,3105,49559.0,40.0
155681.0,2601,56733.0,40.0
218663.0,5109,61423.0,40.0
228769.0,4511,54401.0,40.0
207847.0,5213,53029.0,40.0
230995.0,1110,90628.0,40.0
136172.0,5009,33841.0,40.0
173920.0,5210,59187.0,40.0
221759.0,0110,68114.0,40.0
233277.0,4510,64901.0,40.0
196246.0,0909,58888.0,40.0
110361.0,1419,105046.0,40.0
127060.0,1107,121993.0,40.0
181464.0,1310,47592.0,40.0
153001.0,4301,53736.0,40.0
240189.0,4511,50827.0,40.0
101693.0,5138,79845.0,40.0
127060.0,1419,93026.0,40.0
199120.0,1312,49209.0,40.0
169910.0,1313,51484.0,40.0
239309.0,5007,40952.0,40.0
107983.0,4201,42925.0,40.0
169248.0,1609,48409.0,40.0
196079.0,2313,49366.0,40.0
222831.0,5214,53634.0,40.0
142285.0,5203,67887.0,40.0
218733.0,1901,40050.0,40.0
199999.0,4301,52130.0,40.0
218733.0,1313,41075.0,40.0
135726.0,0907,62053.0,40.0
206084.0,1310,53958.0,40.0
490805.0,1907,39664.0,40.0
107983.0,1312,40843.0,40.0
459949.0,2301,48877.0,40.0
235699.0,5106,85286.0,40.0
110422.0,1403,92603.0,40.0
204796.0,2200,70429.0,40.0
139968.0,1312,46514.0,40.0
110422.0,0406,68795.0,40.0
218724.0,5005,33962.0,40.0
463056.0,4512,57342.0,40.0
122931.0,4510,93518.0,40.0
171100.0,1310,58522.0,40.0
159993.0,5102,58406.0,40.0
100858.0,4407,50156.0,40.0
215062.0,2301,61989.0,40.0
193900.0,1408,94867.0,40.0
127741.0,5401,52423.0,40.0
204501.0,5009,43343.0,40.0
201441.0,0302,53620.0,40.0
183080.0,5007,48229.0,40.0
182795.0,5202,74959.0,40.0
159939.0,1312,51652.0,40.0
180948.0,4301,46495.0,40.0
106458.0,5214,56685.0,40.0
159939.0,1410,95630.0,40.0
200253.0,1312,45941.0,40.0
140960.0,4407,49360.0,40.0
151777.0,5202,63644.0,40.0
123554.0,0901,64456.0,40.0
227368.0,5005,38865.0,40.0
198613.0,4201,49921.0,40.0
196112.0,5203,55821.0,40.0
239105.0,1312,56955.0,40.0
145691.0,5202,57739.0,40.0
155317.0,5212,87704.0,40.0
178420.0,2301,43582.0,40.0
176372.0,1313,44990.0,40.0
228459.0,2701,58566.0,40.0
240417.0,4504,57529.0,40.0
216931.0,4201,48033.0,40.0
140988.0,5138,75924.0,40.0
199157.0,4510,47317.0,40.0
159993.0,5106,62089.0,40.0
234076.0,2705,108532.0,40.0
188030.0,5209,49444.0,40.0
213598.0,5202,48706.0,40.0
123457.0,2401,52311.0,40.0
242680.0,4301,21931.0,40.0
102094.0,1101,59602.0,40.0
106458.0,0909,54196.0,40.0
183044.0,0306,47370.0,40.0
215266.0,1101,65892.0,40.0
159647.0,5208,67216.0,40.0
134097.0,1310,57573.0,40.0
133669.0,4404,57679.0,40.0
121691.0,2601,66639.0,40.0
178411.0,2601,58290.0,40.0
199184.0,5003,32463.0,40.0
122597.0,1603,61603.0,40.0
168254.0,1508,89642.0,40.0
190558.0,4510,60500.0,40.0
215275.0,1101,65892.0,40.0
227368.0,4005,57100.0,40.0
366252.0,5106,64919.0,40.0
190044.0,2601,77791.0,40.0
199148.0,5211,55099.0,40.0
170000.0,4400,47559.0,40.0
204796.0,1310,50194.0,39.0
204802.0,1410,94673.0,39.0
215798.0,5214,62330.0,39.0
222178.0,4201,51705.0,39.0
186867.0,2703,156419.0,39.0
196185.0,5203,90128.0,39.0
145813.0,5110,73220.0,39.0
196158.0,2301,40929.0,39.0
125763.0,5202,73792.0,39.0
126775.0,1420,94902.0,39.0
212984.0,4301,56861.0,39.0
113698.0,5100,82911.0,39.0
146481.0,5208,98583.0,39.0
129525.0,4301,60807.0,39.0
433387.0,5218,107585.0,39.0
232609.0,5202,63736.0,39.0
221768.0,0901,44231.0,39.0
130776.0,5009,35889.0,39.0
229179.0,5102,59564.0,39.0
196413.0,1407,87529.0,39.0
204820.0,1410,94673.0,39.0
222178.0,5102,70864.0,39.0
147767.0,1405,102994.0,39.0
163851.0,2301,53906.0,39.0
127185.0,0301,46492.0,39.0
129941.0,5009,47057.0,39.0
196121.0,2601,63596.0,39.0
128744.0,5004,47973.0,39.0
204024.0,2301,46269.0,39.0
174899.0,2609,74020.0,39.0
152390.0,5138,80396.0,39.0
128498.0,4301,53615.0,39.0
126580.0,2609,53284.0,39.0
153269.0,0904,62969.0,39.0
196060.0,2703,103659.0,39.0
221759.0,5007,34609.0,39.0
123572.0,5401,56819.0,39.0
233541.0,2609,54490.0,39.0
213011.0,3105,51556.0,39.0
196264.0,4499,72188.0,39.0
221759.0,5009,46701.0,39.0
176080.0,0305,58499.0,39.0
126562.0,1408,92224.0,39.0
222178.0,5214,65244.0,39.0
126669.0,1312,43168.0,39.0
164988.0,4407,63594.0,39.0
204015.0,2301,46269.0,39.0
196185.0,5401,54151.0,39.0
196006.0,5202,51988.0,39.0
126818.0,2612,55981.0,39.0
121150.0,4201,61353.0,39.0
209825.0,1107,125929.0,39.0
204617.0,3105,61628.0,39.0
197045.0,4201,50847.0,39.0
183044.0,2615,78722.0,39.0
165334.0,2601,58429.0,39.0
196413.0,4511,67044.0,39.0
204006.0,2301,46269.0,39.0
166638.0,5401,57992.0,39.0
147767.0,1104,163740.0,39.0
186876.0,5122,59871.0,39.0
129020.0,2607,69471.0,39.0
196246.0,5209,53178.0,39.0
152390.0,5202,73449.0,39.0
243106.0,5210,28488.0,39.0
126562.0,2313,55361.0,39.0
220862.0,5211,62729.0,39.0
196158.0,5208,61231.0,39.0
152530.0,1312,50237.0,39.0
186380.0,1413,91309.0,39.0
126614.0,1407,95780.0,39.0
215770.0,2401,72048.0,39.0
436818.0,2607,69471.0,39.0
242680.0,2601,32816.0,39.0
243823.0,3401,61327.0,39.0
183062.0,2301,48091.0,39.0
192712.0,5009,27952.0,39.0
174066.0,1403,82946.0,39.0
151306.0,2401,53076.0,39.0
189705.0,4301,60674.0,39.0
135391.0,5138,84646.0,39.0
187985.0,4506,62005.0,39.0
110422.0,2701,83187.0,39.0
174066.0,0499,64652.0,39.0
184782.0,4005,79695.0,39.0
171100.0,2602,63419.0,39.0
232186.0,1409,117942.0,39.0
135726.0,5006,52032.0,39.0
228246.0,3105,62838.0,39.0
136172.0,4407,47659.0,39.0
183239.0,0901,69288.0,39.0
136172.0,5211,68527.0,39.0
139959.0,5131,56980.0,39.0
217864.0,1410,88869.0,39.0
157951.0,5102,57844.0,39.0
110097.0,2601,60014.0,39.0
201441.0,5211,74183.0,39.0
179159.0,5122,63652.0,39.0
463056.0,2607,69471.0,39.0
199139.0,1409,97109.0,39.0
192448.0,1312,48618.0,39.0
231712.0,5401,52458.0,39.0
237066.0,5138,82980.0,39.0
193016.0,0181,65158.0,39.0
230728.0,1905,48270.0,39.0
157951.0,1510,84057.0,39.0
219000.0,1312,46600.0,39.0
174066.0,5106,76078.0,39.0
110538.0,5007,45468.0,39.0
140447.0,0901,52530.0,39.0
200004.0,5212,62128.0,39.0
229063.0,5203,59386.0,39.0
219046.0,4201,42417.0,39.0
126580.0,4506,75209.0,39.0
204866.0,1410,94673.0,39.0
178624.0,1101,80690.0,39.0
159647.0,4901,83323.0,39.0
209542.0,5401,56790.0,39.0
142285.0,1408,86310.0,39.0
198899.0,5138,74707.0,39.0
110486.0,4510,51882.0,39.0
198969.0,5138,83653.0,39.0
218973.0,2301,58036.0,39.0
178697.0,5202,47665.0,39.0
232186.0,4304,63182.0,39.0
193292.0,4301,52820.0,39.0
190567.0,5009,44058.0,39.0
237011.0,5111,53428.0,39.0
159391.0,1414,80129.0,39.0
202763.0,0105,46301.0,39.0
144281.0,5003,41842.0,39.0
159382.0,5138,87651.0,39.0
455770.0,2401,45640.0,39.0
173920.0,5102,55396.0,39.0
107983.0,0101,55787.0,39.0
180814.0,4201,56540.0,39.0
139144.0,2607,48958.0,39.0
179566.0,2301,38690.0,39.0
199193.0,0404,69851.0,39.0
151351.0,0907,44781.0,39.0
201645.0,5203,89760.0,39.0
237525.0,2601,44836.0,39.0
106397.0,1907,46268.0,39.0
217059.0,2601,67444.0,39.0
106397.0,1101,102747.0,39.0
173300.0,2601,65025.0,39.0
206862.0,5138,80005.0,39.0
228875.0,1312,60125.0,39.0
213400.0,5202,60674.0,39.0
139199.0,5107,38591.0,39.0
206695.0,1410,90539.0,39.0
142522.0,4511,34726.0,39.0
154022.0,5211,81292.0,39.0
190761.0,4301,57161.0,39.0
156620.0,5201,57724.0,39.0
228705.0,4201,45020.0,39.0
104717.0,2313,59281.0,39.0
104586.0,4228,82023.0,39.0
139366.0,4201,41266.0,39.0
231174.0,5109,68482.0,39.0
142522.0,4510,56644.0,39.0
173124.0,0306,49040.0,39.0
231174.0,5401,54694.0,39.0
157386.0,0183,38347.0,39.0
237385.0,0302,46610.0,39.0
137078.0,5106,63700.0,39.0
106485.0,3105,43944.0,39.0
181464.0,1407,88067.0,39.0
188030.0,3105,50998.0,39.0
217420.0,1107,83259.0,39.0
237312.0,5138,83847.0,39.0
171100.0,1313,50127.0,39.0
185572.0,5107,57837.0,39.0
137351.0,4006,60472.0,39.0
173902.0,4506,85593.0,39.0
199148.0,1609,50695.0,39.0
156082.0,5203,66900.0,39.0
156082.0,5208,76175.0,39.0
181464.0,1445,76741.0,39.0
179557.0,1506,80820.0,39.0
157386.0,0901,44149.0,39.0
173665.0,2200,65460.0,39.0
171100.0,0183,46669.0,39.0
482149.0,5203,67666.0,39.0
137564.0,4201,48011.0,39.0
201645.0,1407,96533.0,39.0
137847.0,4510,58754.0,39.0
238980.0,4201,53448.0,39.0
201645.0,1410,99557.0,39.0
188030.0,5208,68890.0,39.0
482680.0,1104,77821.0,39.0
202046.0,5007,33253.0,39.0
183974.0,4301,67181.0,39.0
442569.0,3099,77844.0,39.0
159647.0,5203,65284.0,39.0
178396.0,0301,49013.0,39.0
172264.0,2401,50173.0,39.0
228787.0,5401,61321.0,39.0
190415.0,4201,78049.0,39.0
228787.0,5211,69370.0,39.0
183071.0,2615,78722.0,39.0
110662.0,4008,85708.0,39.0
203517.0,2203,57413.0,39.0
216278.0,2601,55271.0,39.0
214041.0,5007,44816.0,39.0
161253.0,2301,50825.0,39.0
207458.0,5003,34105.0,39.0
182290.0,3019,57193.0,39.0
198419.0,2601,83192.0,39.0
190503.0,1205,61944.0,39.0
110653.0,0904,57492.0,39.0
100724.0,4201,41766.0,39.0
204848.0,1410,94673.0,39.0
171456.0,5214,68157.0,39.0
436836.0,2607,69471.0,39.0
180814.0,4301,57178.0,39.0
181428.0,5106,69031.0,39.0
198464.0,3101,47336.0,39.0
227216.0,0405,64716.0,39.0
161004.0,4506,121983.0,39.0
194958.0,4407,44863.0,39.0
100751.0,5007,41100.0,39.0
161341.0,5202,50411.0,39.0
240471.0,5007,41705.0,39.0
230728.0,0501,53200.0,39.0
100706.0,2601,45992.0,39.0
100654.0,1101,88490.0,39.0
183062.0,2601,72593.0,39.0
215929.0,4301,63483.0,39.0
190150.0,4511,101536.0,39.0
130943.0,0502,61443.0,39.0
130943.0,1304,72710.0,39.0
181394.0,3020,44945.0,39.0
240727.0,0301,51552.0,39.0
240480.0,5401,46309.0,39.0
183062.0,5006,45423.0,39.0
184694.0,3000,48292.0,39.0
161563.0,4301,54649.0,39.0
225885.0,3105,36576.0,39.0
436827.0,2607,69471.0,39.0
171571.0,4510,51129.0,39.0
174783.0,2301,38464.0,39.0
204839.0,1410,94673.0,39.0
187134.0,1101,105377.0,39.0
240480.0,1108,84809.0,39.0
498571.0,4510,57724.0,39.0
230728.0,0101,57744.0,39.0
110680.0,0301,69061.0,39.0
217484.0,4405,51697.0,39.0
131159.0,5208,134332.0,39.0
110671.0,3033,58463.0,39.0
174233.0,5005,42438.0,39.0
173124.0,1313,47137.0,39.0
212009.0,4506,78378.0,39.0
110592.0,5005,35097.0,39.0
240444.0,2608,68402.0,39.0
184603.0,3000,48292.0,39.0
236452.0,1419,92321.0,39.0
160630.0,2401,44226.0,39.0
234076.0,4499,109851.0,39.0
110592.0,2602,67441.0,39.0
133553.0,4228,82023.0,39.0
140951.0,1002,26064.0,39.0
155089.0,5203,63701.0,39.0
178411.0,1104,81840.0,39.0
133711.0,4504,48913.0,39.0
200226.0,5202,55118.0,39.0
204857.0,1410,94673.0,39.0
207582.0,3906,45360.0,39.0
497037.0,5214,65244.0,39.0
229115.0,0108,50248.0,39.0
440828.0,5401,56790.0,39.0
497037.0,5102,70864.0,39.0
187897.0,4201,43926.0,39.0
171456.0,3101,40825.0,39.0
100812.0,1101,102639.0,39.0
198613.0,3105,46651.0,39.0
234076.0,1408,91651.0,39.0
132602.0,1313,33933.0,39.0
155061.0,2601,58355.0,39.0
237011.0,1601,44615.0,39.0
144962.0,1312,52106.0,39.0
210571.0,5203,73318.0,39.0
212115.0,2301,47162.0,39.0
209551.0,0502,54057.0,39.0
182290.0,0301,55528.0,39.0
159939.0,5208,54153.0,39.0
209551.0,4227,62255.0,39.0
497037.0,4201,51705.0,39.0
219356.0,5004,52630.0,39.0
132903.0,4404,55259.0,39.0
229115.0,0904,53206.0,39.0
180814.0,5214,68500.0,39.0
151111.0,4005,61687.0,38.0
199412.0,5202,82572.0,38.0
231174.0,2615,53755.0,38.0
170967.0,0901,51856.0,38.0
170532.0,2601,52863.0,38.0
170301.0,5203,86253.0,38.0
100654.0,1419,87291.0,38.0
176080.0,0111,50653.0,38.0
172051.0,1310,50078.0,38.0
231174.0,2607,38421.0,38.0
211981.0,0103,49746.0,38.0
101879.0,4301,48913.0,38.0
170976.0,2604,68042.0,38.0
199847.0,1107,115493.0,38.0
101709.0,3105,41758.0,38.0
171456.0,5102,57165.0,38.0
100724.0,5202,46126.0,38.0
217536.0,2601,65346.0,38.0
176080.0,0306,45445.0,38.0
164988.0,5199,83413.0,38.0
125763.0,3105,47719.0,38.0
200800.0,5218,70867.0,38.0
176080.0,0402,69699.0,38.0
126562.0,3020,61344.0,38.0
147703.0,0301,54666.0,38.0
100724.0,1312,51014.0,38.0
201061.0,5004,42224.0,38.0
199999.0,0901,34786.0,38.0
147703.0,0904,50658.0,38.0
487524.0,5203,65815.0,38.0
172699.0,2313,40792.0,38.0
232706.0,5004,55646.0,38.0
176080.0,1405,74542.0,38.0
231059.0,2601,64203.0,38.0
101879.0,3199,40250.0,38.0
176053.0,1312,42673.0,38.0
498562.0,1110,69048.0,38.0
200280.0,1101,86268.0,38.0
201441.0,0405,53592.0,38.0
101480.0,1599,92358.0,38.0
169798.0,5212,69974.0,38.0
170301.0,4407,49587.0,38.0
440828.0,2605,53349.0,38.0
148487.0,1101,64872.0,38.0
183062.0,0301,58065.0,38.0
147828.0,4506,68935.0,38.0
117946.0,5202,82543.0,38.0
183080.0,2301,45019.0,38.0
174914.0,4506,89881.0,38.0
215655.0,4201,46025.0,38.0
440828.0,1435,101653.0,38.0
119605.0,4511,64860.0,38.0
230603.0,0901,44461.0,38.0
198464.0,5401,44113.0,38.0
198516.0,0907,60832.0,38.0
104179.0,5005,44471.0,38.0
110583.0,2701,61754.0,38.0
219602.0,2301,42543.0,38.0
174233.0,2705,71279.0,38.0
219602.0,0100,45020.0,38.0
175005.0,3105,61048.0,38.0
110574.0,2301,53147.0,38.0
198543.0,2401,45610.0,38.0
110565.0,5009,39590.0,38.0
232566.0,4511,45204.0,38.0
175005.0,5109,83211.0,38.0
219471.0,1313,50270.0,38.0
168227.0,1104,98270.0,38.0
110635.0,3019,79391.0,38.0
168148.0,5122,75448.0,38.0
110644.0,3801,58633.0,38.0
436827.0,0101,65882.0,38.0
114716.0,5106,82028.0,38.0
111188.0,4509,76478.0,38.0
232423.0,4511,48774.0,38.0
197869.0,1310,50264.0,38.0
167835.0,4506,88067.0,38.0
183062.0,1599,61991.0,38.0
148654.0,4407,50516.0,38.0
210401.0,4510,63407.0,38.0
149222.0,0904,49880.0,38.0
174844.0,5009,42439.0,38.0
174862.0,3904,36826.0,38.0
436836.0,0101,65882.0,38.0
215770.0,2301,52137.0,38.0
151801.0,4201,43781.0,38.0
149222.0,1601,42905.0,38.0
174899.0,1312,47432.0,38.0
219709.0,5214,71561.0,38.0
215770.0,1310,64827.0,38.0
212115.0,4407,50979.0,38.0
152080.0,2615,65458.0,38.0
436818.0,0101,65882.0,38.0
110644.0,4599,68535.0,38.0
110565.0,0502,46384.0,38.0
441937.0,0302,67558.0,38.0
183080.0,5138,85709.0,38.0
218654.0,2601,45680.0,38.0
199148.0,4502,44228.0,38.0
218645.0,2601,45363.0,38.0
147703.0,5110,76856.0,38.0
216852.0,2601,73535.0,38.0
106458.0,5203,67944.0,38.0
150136.0,4510,58953.0,38.0
221759.0,4502,41767.0,38.0
151351.0,2615,74151.0,38.0
106458.0,2301,38366.0,38.0
199193.0,0100,53969.0,38.0
106458.0,0111,61397.0,38.0
211440.0,1405,109648.0,38.0
209825.0,1609,53853.0,38.0
151342.0,4201,46521.0,38.0
201964.0,4400,41533.0,38.0
165699.0,5208,98139.0,38.0
483036.0,4301,43901.0,38.0
217156.0,0501,59808.0,38.0
483036.0,4407,58052.0,38.0
483036.0,5203,66786.0,38.0
147703.0,4400,49514.0,38.0
151324.0,5208,67937.0,38.0
104179.0,5207,99722.0,38.0
147703.0,5209,58546.0,38.0
106704.0,5007,41853.0,38.0
230171.0,5007,33327.0,38.0
122612.0,2601,69440.0,38.0
183044.0,5009,47448.0,38.0
175227.0,1436,90176.0,38.0
198808.0,2607,38699.0,38.0
174066.0,5006,47707.0,38.0
232609.0,1312,47536.0,38.0
149639.0,1313,52671.0,38.0
169080.0,1609,50218.0,38.0
202514.0,3105,39980.0,38.0
232186.0,1427,114815.0,38.0
166391.0,5209,68693.0,38.0
149772.0,5007,35703.0,38.0
221740.0,1515,92900.0,38.0
110361.0,5100,59801.0,38.0
216524.0,2601,58659.0,38.0
463056.0,0101,65882.0,38.0
110361.0,0901,60883.0,38.0
196246.0,0301,54099.0,38.0
199139.0,0502,54798.0,38.0
216542.0,3906,46072.0,38.0
203960.0,5100,80420.0,38.0
150066.0,4201,48181.0,38.0
377555.0,4005,64676.0,38.0
151351.0,5010,60046.0,38.0
445267.0,1107,59648.0,38.0
236595.0,1410,111410.0,38.0
159993.0,5220,98336.0,38.0
129215.0,5401,46851.0,38.0
156125.0,2609,52833.0,38.0
144351.0,1312,45532.0,38.0
176947.0,1107,59648.0,38.0
129215.0,5208,77395.0,38.0
143084.0,1609,55909.0,38.0
207306.0,5202,58292.0,38.0
156125.0,1410,94738.0,38.0
228705.0,5202,52629.0,38.0
130934.0,2401,55509.0,38.0
214713.0,4511,49197.0,38.0
227757.0,3105,87404.0,38.0
240471.0,1105,76951.0,38.0
240727.0,1107,99287.0,38.0
139250.0,4201,44438.0,38.0
224147.0,5208,66917.0,38.0
161253.0,5203,65906.0,38.0
193016.0,5102,61161.0,38.0
141361.0,4201,40907.0,38.0
179566.0,4502,38870.0,38.0
157757.0,4201,41460.0,38.0
131469.0,5122,87217.0,38.0
136215.0,3105,55487.0,38.0
213367.0,4407,55431.0,38.0
223232.0,3000,51727.0,38.0
192703.0,1101,89305.0,38.0
131469.0,4227,72325.0,38.0
179566.0,4511,43425.0,38.0
243115.0,1101,56745.0,38.0
195030.0,1407,92102.0,38.0
209065.0,5202,77983.0,38.0
176479.0,3105,47152.0,38.0
228875.0,2401,51292.0,38.0
157085.0,5110,77663.0,38.0
187985.0,1101,112064.0,38.0
137315.0,5202,44874.0,38.0
187134.0,2701,91736.0,38.0
195720.0,4504,60481.0,38.0
137078.0,2601,49403.0,38.0
190099.0,4510,83188.0,38.0
190576.0,0901,72564.0,38.0
134130.0,1414,80635.0,38.0
159391.0,5005,38317.0,38.0
209542.0,2605,53349.0,38.0
154022.0,4510,54740.0,38.0
206525.0,5214,69280.0,38.0
240480.0,5005,37507.0,38.0
234155.0,2401,50015.0,38.0
157951.0,4510,54333.0,38.0
224554.0,5208,72682.0,38.0
243179.0,5202,28005.0,38.0
154101.0,5138,71322.0,38.0
228802.0,5100,48928.0,38.0
129020.0,0101,65882.0,38.0
139144.0,0999,50593.0,38.0
237066.0,2701,73097.0,38.0
229179.0,5203,67214.0,38.0
234030.0,1407,97781.0,38.0
178624.0,0100,49328.0,38.0
243212.0,5204,22930.0,38.0
235316.0,0909,69977.0,38.0
214157.0,4511,62315.0,38.0
163453.0,5220,80260.0,38.0
229814.0,2601,43403.0,38.0
161457.0,2607,42941.0,38.0
196015.0,0183,41426.0,38.0
180489.0,0904,46267.0,38.0
136400.0,5138,92673.0,38.0
209542.0,1435,101653.0,38.0
214777.0,4511,49197.0,38.0
225399.0,3105,45718.0,38.0
228431.0,2601,54199.0,38.0
143358.0,5208,77976.0,38.0
162584.0,4407,50376.0,38.0
229063.0,5208,70201.0,38.0
137847.0,1312,53942.0,38.0
154235.0,5203,83719.0,38.0
225511.0,1435,94814.0,38.0
228981.0,5138,78092.0,38.0
213358.0,5214,51540.0,38.0
228459.0,0101,49571.0,38.0
160658.0,2301,41936.0,38.0
178402.0,2301,56584.0,38.0
191649.0,4504,60697.0,38.0
142115.0,5401,49625.0,38.0
190044.0,1414,77891.0,38.0
154518.0,5210,94822.0,38.0
228459.0,2703,72464.0,38.0
181394.0,0901,61220.0,38.0
212911.0,4506,112050.0,38.0
207500.0,1408,85332.0,38.0
183044.0,1410,104067.0,38.0
243780.0,1405,93434.0,38.0
207865.0,5199,53668.0,38.0
225502.0,5208,80774.0,38.0
160612.0,5122,45401.0,38.0
237525.0,0904,44277.0,38.0
227368.0,1409,77097.0,38.0
163204.0,1003,58759.0,38.0
196149.0,5401,51043.0,38.0
144892.0,1506,81362.0,38.0
147536.0,1907,45388.0,38.0
133711.0,0904,46971.0,38.0
228149.0,5208,82753.0,38.0
228529.0,5110,81042.0,38.0
192819.0,2601,81936.0,38.0
212832.0,5109,90618.0,38.0
152600.0,3105,47644.0,38.0
186584.0,3105,77835.0,38.0
127060.0,5213,104087.0,38.0
236948.0,4005,64676.0,38.0
157085.0,1409,99945.0,38.0
176372.0,5005,30864.0,38.0
242705.0,1001,26213.0,38.0
179964.0,5202,54853.0,38.0
180814.0,2601,54821.0,38.0
176372.0,4304,51956.0,38.0
187985.0,5109,84858.0,38.0
135081.0,2601,40048.0,38.0
225511.0,1609,56442.0,38.0
129525.0,1501,60715.0,38.0
156620.0,2601,48327.0,38.0
243744.0,3027,81529.0,38.0
142285.0,1410,94484.0,38.0
182281.0,1410,100765.0,38.0
238476.0,3105,54832.0,38.0
209506.0,1101,85900.0,38.0
137546.0,5203,78682.0,38.0
180416.0,5138,81504.0,38.0
182281.0,1408,90474.0,38.0
197133.0,1101,124469.0,37.0
240727.0,0109,49092.0,37.0
104179.0,0501,48162.0,37.0
206048.0,5214,63802.0,37.0
172644.0,5009,50340.0,37.0
230852.0,2313,47141.0,37.0
204820.0,5115,57998.0,37.0
230852.0,5006,35945.0,37.0
212197.0,1401,88104.0,37.0
220516.0,4301,48784.0,37.0
213598.0,5100,51056.0,37.0
130943.0,4005,84428.0,37.0
112260.0,4506,146524.0,37.0
130226.0,2601,70632.0,37.0
201441.0,5009,44037.0,37.0
174844.0,1609,53232.0,37.0
149772.0,1500,75922.0,37.0
180489.0,5006,36169.0,37.0
230852.0,5214,60198.0,37.0
214777.0,4304,66084.0,37.0
200004.0,5005,34516.0,37.0
240727.0,1408,83184.0,37.0
115755.0,3099,49706.0,37.0
201885.0,4510,58863.0,37.0
237932.0,3105,53707.0,37.0
140447.0,4400,45484.0,37.0
201441.0,2701,74705.0,37.0
167358.0,0904,74709.0,37.0
217819.0,3020,60468.0,37.0
130314.0,4407,59465.0,37.0
163046.0,2601,77861.0,37.0
178059.0,5004,52185.0,37.0
171137.0,1102,106484.0,37.0
217907.0,5201,60372.0,37.0
200004.0,5009,44014.0,37.0
130943.0,0113,55528.0,37.0
148487.0,5205,70005.0,37.0
199102.0,1435,93183.0,37.0
215929.0,4201,54088.0,37.0
145619.0,5214,70129.0,37.0
436827.0,1101,117412.0,37.0
163046.0,3099,63683.0,37.0
130493.0,3105,50379.0,37.0
436818.0,1101,117412.0,37.0
197045.0,5202,53705.0,37.0
195173.0,4301,57084.0,37.0
190594.0,1905,59864.0,37.0
210739.0,4201,60001.0,37.0
204848.0,5115,57998.0,37.0
203465.0,4006,46171.0,37.0
160977.0,4510,80714.0,37.0
234030.0,5109,77786.0,37.0
168227.0,1109,111413.0,37.0
228723.0,2701,59590.0,37.0
228723.0,0106,54128.0,37.0
159939.0,5209,39391.0,37.0
219602.0,5401,40317.0,37.0
441937.0,2701,70628.0,37.0
174075.0,0901,45916.0,37.0
226471.0,5202,65603.0,37.0
102553.0,4407,56698.0,37.0
231174.0,2701,65139.0,37.0
198695.0,2601,67184.0,37.0
210571.0,4201,55100.0,37.0
102094.0,1407,93943.0,37.0
131469.0,5203,116795.0,37.0
145336.0,5122,51027.0,37.0
185828.0,2701,94840.0,37.0
168430.0,5401,53455.0,37.0
216339.0,4511,47631.0,37.0
198464.0,5102,68338.0,37.0
225627.0,5100,60839.0,37.0
201885.0,1310,48124.0,37.0
178411.0,1423,89929.0,37.0
440916.0,2601,44880.0,37.0
240444.0,0502,48934.0,37.0
153603.0,0403,61173.0,37.0
160038.0,5005,36229.0,37.0
204857.0,5115,57998.0,37.0
440828.0,4005,78417.0,37.0
174233.0,4407,54226.0,37.0
139931.0,1310,53272.0,37.0
160621.0,2601,44880.0,37.0
133386.0,1599,80992.0,37.0
110565.0,4005,64857.0,37.0
160658.0,1410,84883.0,37.0
199847.0,3105,79599.0,37.0
160755.0,1102,67047.0,37.0
440794.0,4201,49543.0,37.0
160755.0,2615,48464.0,37.0
207306.0,2401,44123.0,37.0
193900.0,5007,49478.0,37.0
102377.0,4201,45053.0,37.0
159966.0,4511,47361.0,37.0
110653.0,0301,59908.0,37.0
178396.0,0111,62957.0,37.0
153375.0,4201,47798.0,37.0
145600.0,1435,86202.0,37.0
145600.0,5122,58603.0,37.0
226091.0,4511,44286.0,37.0
190594.0,5006,46545.0,37.0
210401.0,5004,44870.0,37.0
174066.0,4507,53666.0,37.0
178341.0,3105,58701.0,37.0
203128.0,5202,55501.0,37.0
101879.0,2601,52979.0,37.0
193399.0,0901,50940.0,37.0
156620.0,5214,53559.0,37.0
149505.0,5138,79811.0,37.0
230995.0,1419,82477.0,37.0
184782.0,4510,64525.0,37.0
240480.0,2701,62883.0,37.0
209612.0,2601,53092.0,37.0
218964.0,5401,41343.0,37.0
204866.0,5115,57998.0,37.0
489937.0,3906,38859.0,37.0
139959.0,4506,82438.0,37.0
153658.0,3020,47421.0,37.0
151306.0,5106,68825.0,37.0
178369.0,5202,55699.0,37.0
209056.0,2301,39705.0,37.0
174747.0,2313,64449.0,37.0
168005.0,2601,67377.0,37.0
131469.0,0901,79112.0,37.0
110653.0,5212,108038.0,37.0
240462.0,3105,51628.0,37.0
198303.0,4201,33143.0,37.0
230728.0,1515,66613.0,37.0
110662.0,1603,55898.0,37.0
174437.0,3907,41979.0,37.0
436836.0,1101,117412.0,37.0
198215.0,1312,48982.0,37.0
190637.0,2701,71718.0,37.0
187985.0,1407,96810.0,37.0
179894.0,2601,56671.0,37.0
209551.0,5102,60504.0,37.0
203517.0,4006,46171.0,37.0
219806.0,3105,44311.0,37.0
210429.0,4501,51921.0,37.0
219046.0,3105,55622.0,37.0
180461.0,4510,51285.0,37.0
204839.0,5115,57998.0,37.0
195164.0,1310,51664.0,37.0
153825.0,1312,47172.0,37.0
176080.0,1435,92332.0,37.0
204185.0,1312,44001.0,37.0
498562.0,5009,42481.0,37.0
231651.0,4301,44176.0,37.0
173920.0,1310,51630.0,37.0
141334.0,5401,52514.0,37.0
171456.0,4407,54836.0,37.0
238333.0,4201,45715.0,37.0
204796.0,5120,65407.0,37.0
498562.0,5007,33682.0,37.0
152390.0,0901,66335.0,37.0
164076.0,5005,39753.0,37.0
100751.0,4407,49561.0,37.0
243197.0,5204,30542.0,37.0
141565.0,3105,48783.0,37.0
213826.0,5123,49106.0,37.0
233295.0,4510,71111.0,37.0
107044.0,1107,92014.0,37.0
106397.0,1301,48188.0,37.0
141574.0,0302,52941.0,37.0
228787.0,4506,75479.0,37.0
173902.0,2701,91979.0,37.0
212106.0,5009,46217.0,37.0
179566.0,4506,65804.0,37.0
137281.0,5138,80690.0,37.0
201195.0,2601,57273.0,37.0
212009.0,4509,62570.0,37.0
155140.0,0502,35081.0,37.0
186584.0,2301,65714.0,37.0
157951.0,4506,68051.0,37.0
150136.0,5213,77774.0,37.0
218663.0,1405,97927.0,37.0
100812.0,5210,52775.0,37.0
106245.0,5203,70007.0,37.0
176965.0,5007,36421.0,37.0
202134.0,5004,46635.0,37.0
224554.0,5009,55438.0,37.0
155061.0,4407,53549.0,37.0
215293.0,1508,75897.0,37.0
163851.0,4507,58548.0,37.0
217633.0,1313,46273.0,37.0
212106.0,2301,54025.0,37.0
196237.0,2301,53652.0,37.0
221759.0,1405,69476.0,37.0
204024.0,5401,50199.0,37.0
165866.0,5203,75038.0,37.0
106263.0,5110,67126.0,37.0
176479.0,2601,46598.0,37.0
238458.0,5109,52608.0,37.0
206604.0,5123,47355.0,37.0
228884.0,4301,43156.0,37.0
176053.0,5202,52789.0,37.0
152600.0,1313,54933.0,37.0
143118.0,5111,52987.0,37.0
146719.0,4511,61429.0,37.0
233277.0,2301,39085.0,37.0
238476.0,4301,60633.0,37.0
157401.0,5208,56263.0,37.0
230782.0,3105,51958.0,37.0
190415.0,0409,71914.0,37.0
143118.0,2601,52159.0,37.0
106704.0,2313,32267.0,37.0
179566.0,1601,41766.0,37.0
238661.0,4201,49536.0,37.0
126614.0,1408,94960.0,37.0
147536.0,5209,61413.0,37.0
221999.0,1419,101345.0,37.0
221953.0,5138,65012.0,37.0
196158.0,5005,39770.0,37.0
142276.0,1419,90053.0,37.0
213996.0,5100,54256.0,37.0
212106.0,4510,66444.0,37.0
482149.0,5214,66311.0,37.0
176372.0,3101,45056.0,37.0
165024.0,4510,58936.0,37.0
196194.0,2301,40431.0,37.0
106704.0,1905,48556.0,37.0
215062.0,0901,114266.0,37.0
196194.0,1101,100148.0,37.0
221768.0,1401,87043.0,37.0
239105.0,4509,66180.0,37.0
151342.0,4301,51778.0,37.0
170082.0,1609,53715.0,37.0
137546.0,5009,41298.0,37.0
223232.0,1410,100110.0,37.0
211431.0,1312,42498.0,37.0
142276.0,4407,51827.0,37.0
137546.0,5100,52591.0,37.0
221768.0,5214,48255.0,37.0
165334.0,4506,91094.0,37.0
221838.0,2601,59855.0,37.0
127060.0,4510,66288.0,37.0
106467.0,0904,39173.0,37.0
199148.0,5209,44625.0,37.0
129020.0,1101,117412.0,37.0
204802.0,5115,57998.0,37.0
175272.0,5208,75807.0,37.0
145725.0,1408,87884.0,37.0
206941.0,5102,57186.0,37.0
129242.0,1419,91633.0,37.0
220978.0,4228,55031.0,37.0
242662.0,1107,29212.0,37.0
206084.0,1510,84736.0,37.0
144050.0,2301,78169.0,37.0
171146.0,4228,49832.0,37.0
207582.0,1401,84649.0,37.0
110097.0,5009,50781.0,37.0
229179.0,5007,52306.0,37.0
121691.0,2401,59234.0,37.0
100858.0,1402,102756.0,37.0
190549.0,4510,63184.0,37.0
145637.0,4008,81077.0,37.0
207500.0,5401,48163.0,37.0
100654.0,1002,42272.0,37.0
129941.0,4302,79199.0,37.0
196413.0,1310,62864.0,37.0
242705.0,4901,49222.0,37.0
139366.0,1312,46723.0,37.0
185590.0,2602,81519.0,37.0
206084.0,5123,52613.0,37.0
155317.0,5109,53864.0,37.0
234669.0,1103,89540.0,37.0
175005.0,0901,55058.0,37.0
129525.0,5208,78031.0,37.0
228246.0,5203,103675.0,37.0
209542.0,4005,78417.0,37.0
179159.0,4301,61099.0,37.0
463056.0,1101,117412.0,37.0
182795.0,5138,77705.0,37.0
169798.0,1508,79829.0,37.0
242635.0,1312,42795.0,37.0
206084.0,1504,98529.0,37.0
136950.0,4506,68194.0,37.0
183026.0,1205,52058.0,37.0
206941.0,1099,35485.0,37.0
145637.0,3008,155503.0,37.0
110097.0,0901,53781.0,37.0
151263.0,1312,49861.0,37.0
228246.0,0909,89330.0,37.0
196264.0,2401,66111.0,37.0
136473.0,5138,83371.0,37.0
117946.0,5207,69534.0,37.0
175272.0,1609,55113.0,37.0
184782.0,1405,84059.0,37.0
229267.0,0901,59494.0,37.0
163462.0,5203,81796.0,37.0
483036.0,5210,58919.0,37.0
232186.0,1405,93533.0,37.0
110556.0,3019,73522.0,36.0
240268.0,4510,50316.0,36.0
216931.0,5203,75468.0,36.0
156620.0,4303,67096.0,36.0
219471.0,5214,55261.0,36.0
185572.0,2601,66114.0,36.0
218733.0,2601,37940.0,36.0
237525.0,2301,39402.0,36.0
179159.0,1405,86844.0,36.0
151379.0,0901,48931.0,36.0
218733.0,4301,45061.0,36.0
240277.0,1107,69304.0,36.0
240426.0,0901,45014.0,36.0
133702.0,4399,55284.0,36.0
232186.0,1601,58931.0,36.0
139366.0,2301,42316.0,36.0
179043.0,4201,59160.0,36.0
198695.0,4201,56712.0,36.0
235316.0,2609,67348.0,36.0
211291.0,5203,130990.0,36.0
157085.0,1601,45148.0,36.0
482680.0,5007,42745.0,36.0
137564.0,0901,52899.0,36.0
180179.0,1312,37846.0,36.0
168421.0,2601,75018.0,36.0
482149.0,4301,50254.0,36.0
179566.0,2313,54917.0,36.0
150136.0,4511,38857.0,36.0
157401.0,1310,36657.0,36.0
110422.0,0100,84412.0,36.0
206084.0,0301,49332.0,36.0
102368.0,4501,57620.0,36.0
157377.0,5107,47670.0,36.0
208646.0,2401,60706.0,36.0
210775.0,5202,75705.0,36.0
179566.0,0306,42618.0,36.0
208646.0,3000,42838.0,36.0
202134.0,0301,53245.0,36.0
204857.0,5122,62153.0,36.0
199306.0,5202,60936.0,36.0
190691.0,5123,77201.0,36.0
199218.0,2313,37968.0,36.0
206695.0,5106,62099.0,36.0
207971.0,1419,91225.0,36.0
240277.0,0301,51048.0,36.0
239105.0,0901,60482.0,36.0
157447.0,5212,85697.0,36.0
219383.0,3105,63466.0,36.0
234076.0,4502,51811.0,36.0
219356.0,5110,73360.0,36.0
218733.0,0901,33586.0,36.0
206695.0,1101,55648.0,36.0
187985.0,0502,45139.0,36.0
229027.0,4006,57540.0,36.0
190664.0,1901,49054.0,36.0
173920.0,1508,80482.0,36.0
159416.0,4201,40731.0,36.0
464226.0,5203,72368.0,36.0
211291.0,4201,66206.0,36.0
203368.0,2601,69024.0,36.0
159568.0,5138,76252.0,36.0
110097.0,2301,43154.0,36.0
227881.0,1003,42579.0,36.0
190664.0,5131,59655.0,36.0
234827.0,1313,61604.0,36.0
107141.0,4201,40222.0,36.0
181464.0,1909,51654.0,36.0
151342.0,0907,36711.0,36.0
188429.0,1313,70416.0,36.0
105330.0,2605,58491.0,36.0
198862.0,4301,35015.0,36.0
199272.0,4504,57305.0,36.0
199272.0,4201,44997.0,36.0
228431.0,5401,48680.0,36.0
188030.0,2601,52567.0,36.0
191241.0,3001,70101.0,36.0
157951.0,5009,38377.0,36.0
238032.0,5110,76034.0,36.0
204866.0,5122,62153.0,36.0
153658.0,4502,42549.0,36.0
212115.0,1310,60391.0,36.0
207209.0,1313,41268.0,36.0
157951.0,5100,57271.0,36.0
174066.0,4008,80025.0,36.0
218663.0,1313,45804.0,36.0
110510.0,1409,92492.0,36.0
482936.0,1419,70314.0,36.0
199218.0,5007,42192.0,36.0
239390.0,5123,47827.0,36.0
178721.0,4201,47818.0,36.0
227845.0,2601,60546.0,36.0
193654.0,0901,49489.0,36.0
159647.0,5212,63474.0,36.0
169080.0,3105,53949.0,36.0
213543.0,1408,91856.0,36.0
157289.0,2401,44829.0,36.0
219347.0,1407,90845.0,36.0
102614.0,1419,91522.0,36.0
231174.0,4407,54235.0,36.0
202134.0,2701,58346.0,36.0
199193.0,1414,85808.0,36.0
185828.0,0409,69456.0,36.0
188429.0,0901,50556.0,36.0
219347.0,1435,92815.0,36.0
237792.0,1101,74218.0,36.0
459736.0,5138,104138.0,36.0
459824.0,5138,104138.0,36.0
239105.0,5102,66501.0,36.0
190691.0,5110,122313.0,36.0
206604.0,4510,56423.0,36.0
191968.0,2609,76318.0,36.0
227757.0,1419,108970.0,36.0
240365.0,4407,51044.0,36.0
238458.0,1312,50285.0,36.0
151351.0,5005,41328.0,36.0
143358.0,1107,107379.0,36.0
454582.0,5203,72368.0,36.0
188030.0,1003,33612.0,36.0
110097.0,5102,69087.0,36.0
170082.0,2203,57728.0,36.0
240277.0,4510,49349.0,36.0
445188.0,1414,83007.0,36.0
169983.0,1409,120531.0,36.0
219198.0,5138,67187.0,36.0
157085.0,1403,68605.0,36.0
107044.0,4201,45814.0,36.0
173124.0,2601,50548.0,36.0
234207.0,5202,121699.0,36.0
228459.0,4506,71739.0,36.0
160038.0,1312,53800.0,36.0
172644.0,0907,42551.0,36.0
177214.0,0402,70134.0,36.0
171146.0,1419,89554.0,36.0
210146.0,0301,44945.0,36.0
151102.0,4201,49582.0,36.0
145691.0,2601,51626.0,36.0
166638.0,4502,43053.0,36.0
155317.0,1408,89087.0,36.0
166629.0,5007,46027.0,36.0
181002.0,2601,51544.0,36.0
129215.0,5007,41933.0,36.0
220978.0,5005,33179.0,36.0
233921.0,1515,81618.0,36.0
233921.0,1411,101509.0,36.0
141237.0,5201,49403.0,36.0
180692.0,5202,47344.0,36.0
177065.0,5107,62060.0,36.0
236948.0,1435,109575.0,36.0
225247.0,1313,51722.0,36.0
212009.0,0501,63874.0,36.0
204024.0,4006,59558.0,36.0
196246.0,4510,49754.0,36.0
212601.0,4301,55000.0,36.0
166391.0,5004,32379.0,36.0
122436.0,5215,78044.0,36.0
186584.0,1310,72067.0,36.0
142285.0,0101,80690.0,36.0
204024.0,5131,60381.0,36.0
171456.0,1312,45008.0,36.0
204024.0,1310,47226.0,36.0
196042.0,5110,104169.0,36.0
232566.0,2301,51485.0,36.0
225414.0,5401,57675.0,36.0
130776.0,5208,81768.0,36.0
162928.0,2313,63503.0,36.0
490805.0,5214,63333.0,36.0
220862.0,1408,79598.0,36.0
195809.0,4506,84639.0,36.0
151306.0,1107,77100.0,36.0
152080.0,2401,60369.0,36.0
241739.0,1313,29084.0,36.0
117140.0,2601,58897.0,36.0
140696.0,5202,54609.0,36.0
153269.0,1101,90639.0,36.0
204802.0,5122,62153.0,36.0
171137.0,4510,58641.0,36.0
145637.0,3020,67396.0,36.0
220862.0,5209,52627.0,36.0
147828.0,4407,52114.0,36.0
163268.0,5004,53363.0,36.0
216339.0,4005,78052.0,36.0
163286.0,0110,73677.0,36.0
232557.0,5107,58969.0,36.0
180948.0,0111,53484.0,36.0
190558.0,1410,92542.0,36.0
155317.0,5401,58936.0,36.0
230764.0,5009,49240.0,36.0
145646.0,4201,57839.0,36.0
242705.0,1410,60940.0,36.0
428259.0,5203,72368.0,36.0
122597.0,2605,85037.0,36.0
128771.0,2701,72859.0,36.0
155061.0,4511,44405.0,36.0
190415.0,2301,65089.0,36.0
215062.0,1419,114492.0,36.0
221768.0,5001,37930.0,36.0
123961.0,5122,89522.0,36.0
127185.0,1401,77389.0,36.0
200800.0,4302,71482.0,36.0
243780.0,0103,71868.0,36.0
232681.0,5138,91861.0,36.0
200332.0,5212,76527.0,36.0
186380.0,5003,51736.0,36.0
196176.0,5202,57350.0,36.0
221838.0,4407,44989.0,36.0
190415.0,1408,91242.0,36.0
200572.0,5202,58067.0,36.0
176053.0,5203,63885.0,36.0
215062.0,5214,112211.0,36.0
200800.0,4006,53594.0,36.0
217518.0,2601,71652.0,36.0
164632.0,4304,56262.0,36.0
183044.0,0302,71279.0,36.0
147244.0,5009,43388.0,36.0
126614.0,4502,55217.0,36.0
228796.0,5009,60172.0,36.0
200800.0,1109,74385.0,36.0
228796.0,5110,66491.0,36.0
221999.0,2301,60439.0,36.0
126614.0,1409,115181.0,36.0
230038.0,2613,61078.0,36.0
209825.0,0909,62264.0,36.0
196194.0,0904,50813.0,36.0
204024.0,5212,111158.0,36.0
498571.0,0301,50722.0,36.0
190549.0,0904,60272.0,36.0
224527.0,3099,40577.0,36.0
122612.0,0909,81285.0,36.0
217536.0,5208,89657.0,36.0
186380.0,2705,80721.0,36.0
224226.0,5208,78870.0,36.0
165866.0,2301,53400.0,36.0
221759.0,3019,58972.0,36.0
152336.0,5100,46695.0,36.0
128106.0,2601,58607.0,36.0
204264.0,5202,60901.0,36.0
243221.0,0904,32524.0,36.0
152600.0,5214,66773.0,36.0
224147.0,5007,32043.0,36.0
190512.0,2701,85820.0,36.0
213826.0,5199,130682.0,36.0
164173.0,3099,54463.0,36.0
196097.0,2701,62727.0,36.0
217484.0,1424,90901.0,36.0
164270.0,4511,55851.0,36.0
181127.0,5202,61465.0,36.0
152600.0,5203,71848.0,36.0
236577.0,4506,66787.0,36.0
165671.0,4227,60022.0,36.0
214883.0,2203,66978.0,36.0
366711.0,2604,80303.0,36.0
196103.0,2607,42505.0,36.0
162584.0,4511,54197.0,36.0
196024.0,5299,64612.0,36.0
112075.0,2401,51206.0,36.0
211556.0,2601,65750.0,36.0
180416.0,5122,86855.0,36.0
240453.0,4005,61089.0,36.0
131520.0,5138,94136.0,36.0
110635.0,1609,75715.0,36.0
171100.0,1499,79609.0,36.0
161518.0,5202,70318.0,36.0
226833.0,5203,66000.0,36.0
178341.0,4201,41008.0,36.0
226091.0,4201,53038.0,36.0
131113.0,5100,65064.0,36.0
236072.0,1102,106639.0,36.0
110680.0,5005,41389.0,36.0
201645.0,4201,55540.0,36.0
200004.0,1401,82500.0,36.0
219976.0,5210,61167.0,36.0
227216.0,1508,80138.0,36.0
131113.0,1108,50722.0,36.0
226152.0,5401,51564.0,36.0
110617.0,4507,75234.0,36.0
204848.0,5122,62153.0,36.0
178396.0,4004,55790.0,36.0
145619.0,3105,56576.0,36.0
231165.0,1504,84601.0,36.0
153375.0,4400,44106.0,36.0
131496.0,5202,117733.0,36.0
231059.0,1312,54308.0,36.0
191630.0,2601,62737.0,36.0
174358.0,5203,65476.0,36.0
195030.0,4510,68510.0,36.0
161253.0,4510,58303.0,36.0
174358.0,5004,48976.0,36.0
156213.0,0907,46016.0,36.0
153278.0,5203,63082.0,36.0
149222.0,3019,55329.0,36.0
110653.0,4006,70820.0,36.0
219709.0,5004,58314.0,36.0
149222.0,4510,55544.0,36.0
131469.0,5210,97126.0,36.0
102049.0,0904,50652.0,36.0
168005.0,1104,86406.0,36.0
201548.0,1313,51851.0,36.0
168148.0,4227,79571.0,36.0
154095.0,5004,47736.0,36.0
102094.0,1408,78187.0,36.0
190600.0,4511,51979.0,36.0
204839.0,5122,62153.0,36.0
232265.0,4301,53602.0,36.0
110644.0,1402,93414.0,36.0
153375.0,4301,56906.0,36.0
153384.0,1107,109892.0,36.0
156125.0,5110,69711.0,36.0
180595.0,3105,46839.0,36.0
155627.0,5203,72368.0,36.0
102094.0,5007,29506.0,36.0
178059.0,3105,56323.0,36.0
174817.0,5107,66139.0,36.0
170976.0,2613,52390.0,36.0
160038.0,1901,42434.0,36.0
168254.0,1408,86375.0,36.0
240727.0,2301,45673.0,36.0
145619.0,5208,83914.0,36.0
215929.0,3105,79700.0,36.0
190567.0,5401,52809.0,36.0
160630.0,4201,39139.0,36.0
162210.0,5138,94173.0,36.0
155414.0,5202,59057.0,36.0
187046.0,5203,82029.0,36.0
170976.0,2705,109466.0,36.0
155636.0,5203,72368.0,36.0
204820.0,5122,62153.0,36.0
195720.0,1312,56411.0,36.0
197133.0,4227,65095.0,36.0
199847.0,4511,60635.0,36.0
185129.0,2701,58323.0,36.0
167835.0,4511,58664.0,36.0
187648.0,5138,95650.0,36.0
167729.0,5401,49572.0,36.0
228723.0,2608,61751.0,36.0
440651.0,5109,22986.0,36.0
145637.0,0111,63279.0,36.0
234076.0,1407,105724.0,36.0
215947.0,3105,59841.0,36.0
151786.0,2601,54648.0,36.0
199643.0,4407,46981.0,35.0
201964.0,2401,43805.0,35.0
139931.0,4005,65629.0,35.0
238476.0,5203,86561.0,35.0
151111.0,4506,68036.0,35.0
142276.0,5109,65955.0,35.0
212054.0,0301,58495.0,35.0
170976.0,4008,92293.0,35.0
230764.0,1405,96353.0,35.0
209542.0,0110,63531.0,35.0
185129.0,1609,55075.0,35.0
141574.0,2613,46500.0,35.0
486901.0,5138,82961.0,35.0
141981.0,1301,54648.0,35.0
199193.0,1401,99838.0,35.0
184694.0,5005,33749.0,35.0
236939.0,0110,68719.0,35.0
172051.0,5123,70081.0,35.0
184603.0,5209,71188.0,35.0
139931.0,4511,42305.0,35.0
201885.0,0904,48331.0,35.0
141574.0,5106,79863.0,35.0
238476.0,2301,47935.0,35.0
151111.0,5401,44850.0,35.0
200800.0,4504,46577.0,35.0
199847.0,2601,63292.0,35.0
181394.0,4303,64061.0,35.0
184694.0,5209,71188.0,35.0
214041.0,2701,59588.0,35.0
217518.0,5220,93340.0,35.0
201885.0,0301,55075.0,35.0
238476.0,4407,54975.0,35.0
217518.0,1419,94385.0,35.0
142328.0,2401,58327.0,35.0
170976.0,3801,67293.0,35.0
181215.0,4407,53203.0,35.0
138868.0,3902,38672.0,35.0
498562.0,4502,53927.0,35.0
230782.0,5220,105738.0,35.0
170301.0,2301,47445.0,35.0
228529.0,2607,54030.0,35.0
171137.0,5107,49405.0,35.0
157085.0,4511,56266.0,35.0
151102.0,1313,46723.0,35.0
104179.0,0402,74972.0,35.0
154101.0,1312,47640.0,35.0
141060.0,2301,62425.0,35.0
492962.0,4400,35467.0,35.0
217907.0,3105,44706.0,35.0
237066.0,1107,87897.0,35.0
185129.0,5401,47200.0,35.0
104717.0,5010,47821.0,35.0
156620.0,5220,88120.0,35.0
237066.0,2301,47699.0,35.0
141167.0,4407,40565.0,35.0
236230.0,4201,55118.0,35.0
238032.0,0305,64568.0,35.0
181002.0,5213,85268.0,35.0
171128.0,1418,92070.0,35.0
231420.0,3105,50346.0,35.0
230764.0,2701,71059.0,35.0
155399.0,4510,63811.0,35.0
200059.0,3099,42639.0,35.0
101480.0,4499,57191.0,35.0
151306.0,1401,92209.0,35.0
104179.0,3801,55804.0,35.0
206941.0,5212,66442.0,35.0
201885.0,5007,37025.0,35.0
217420.0,4510,54540.0,35.0
214591.0,4008,81763.0,35.0
171100.0,4502,41512.0,35.0
155399.0,2607,48908.0,35.0
179867.0,4506,102439.0,35.0
151290.0,4400,35467.0,35.0
101189.0,4228,39459.0,35.0
105330.0,0305,52191.0,35.0
209056.0,2601,49503.0,35.0
170082.0,5211,80324.0,35.0
217633.0,4301,49825.0,35.0
143084.0,0301,62757.0,35.0
206914.0,1312,39904.0,35.0
199999.0,4407,53028.0,35.0
141264.0,3105,58630.0,35.0
237136.0,3902,28980.0,35.0
190567.0,5005,32769.0,35.0
184603.0,5005,33749.0,35.0
201104.0,1313,45115.0,35.0
157085.0,5100,82533.0,35.0
179566.0,4510,58014.0,35.0
156620.0,5109,77992.0,35.0
217484.0,1409,100975.0,35.0
231581.0,0901,53615.0,35.0
156125.0,1402,83057.0,35.0
170082.0,2615,57842.0,35.0
201104.0,0909,43296.0,35.0
483036.0,5138,95566.0,35.0
238032.0,5009,48226.0,35.0
183974.0,5004,50746.0,35.0
100830.0,5203,58430.0,35.0
212054.0,5220,105887.0,35.0
488679.0,5214,64077.0,35.0
139959.0,1609,63942.0,35.0
151324.0,5009,49711.0,35.0
100858.0,0404,62697.0,35.0
101879.0,5208,51994.0,35.0
151102.0,5102,47614.0,35.0
213543.0,5206,113630.0,35.0
231554.0,5138,91278.0,35.0
188641.0,5202,61629.0,35.0
180461.0,5401,52187.0,35.0
498562.0,0301,56107.0,35.0
217633.0,5203,79844.0,35.0
218229.0,2401,39428.0,35.0
200280.0,4511,49665.0,35.0
156125.0,1313,51728.0,35.0
159391.0,5211,65326.0,35.0
110574.0,4510,71022.0,35.0
224554.0,1101,100394.0,35.0
203517.0,5009,43222.0,35.0
122597.0,3801,42993.0,35.0
219976.0,2601,54965.0,35.0
195164.0,0907,55796.0,35.0
196237.0,2601,60351.0,35.0
122597.0,4507,63590.0,35.0
167996.0,4510,76123.0,35.0
122612.0,4509,59387.0,35.0
226152.0,5007,33313.0,35.0
163912.0,4506,71252.0,35.0
198136.0,5107,54960.0,35.0
145600.0,5005,36792.0,35.0
198136.0,5203,69748.0,35.0
195128.0,2699,70329.0,35.0
213303.0,4301,41695.0,35.0
197984.0,5203,74698.0,35.0
186283.0,2301,51521.0,35.0
231581.0,4201,42141.0,35.0
187134.0,1408,93977.0,35.0
195216.0,2301,61335.0,35.0
226091.0,4407,50453.0,35.0
219976.0,5138,74051.0,35.0
131159.0,2200,72792.0,35.0
151801.0,5214,64077.0,35.0
178341.0,1101,75295.0,35.0
213303.0,4228,41571.0,35.0
212656.0,1312,49327.0,35.0
175421.0,4501,33423.0,35.0
110705.0,1407,113317.0,35.0
152080.0,0402,82983.0,35.0
195474.0,2301,59280.0,35.0
243197.0,4501,20952.0,35.0
153278.0,5210,64648.0,35.0
164173.0,1907,49902.0,35.0
168254.0,5120,129138.0,35.0
133492.0,4201,53220.0,35.0
221759.0,4507,54656.0,35.0
160621.0,0901,48264.0,35.0
198516.0,0904,69964.0,35.0
227331.0,4201,39524.0,35.0
110583.0,4008,70462.0,35.0
145725.0,1410,98743.0,35.0
195003.0,5208,72313.0,35.0
440916.0,0901,48264.0,35.0
178420.0,1301,38074.0,35.0
110565.0,4502,54092.0,35.0
193900.0,5209,84375.0,35.0
127741.0,4506,65025.0,35.0
146481.0,4599,53438.0,35.0
224147.0,5201,50369.0,35.0
440828.0,0110,63531.0,35.0
178396.0,4506,74661.0,35.0
376385.0,5139,16943.0,35.0
110617.0,2602,66885.0,35.0
194824.0,2701,105768.0,35.0
196219.0,0904,52859.0,35.0
229115.0,1609,47290.0,35.0
198464.0,4502,40927.0,35.0
240453.0,4502,47811.0,35.0
168218.0,2301,59865.0,35.0
128391.0,3101,48109.0,35.0
230728.0,0406,64621.0,35.0
234030.0,5002,37253.0,35.0
219709.0,2401,53532.0,35.0
196219.0,4511,53042.0,35.0
229814.0,0101,51103.0,35.0
196237.0,5401,49972.0,35.0
182290.0,5401,55230.0,35.0
214777.0,4008,81763.0,35.0
220862.0,5005,38440.0,35.0
166513.0,0301,59783.0,35.0
147828.0,4201,49427.0,35.0
229160.0,5213,62298.0,35.0
229160.0,1302,60830.0,35.0
117751.0,0901,57507.0,35.0
243151.0,4201,23168.0,35.0
117627.0,3105,55711.0,35.0
130943.0,5100,107695.0,35.0
167057.0,5009,26985.0,35.0
174914.0,1107,107938.0,35.0
130253.0,1101,93209.0,35.0
148487.0,5208,69720.0,35.0
196680.0,2601,63977.0,35.0
241410.0,4201,24118.0,35.0
147767.0,2301,62147.0,35.0
174914.0,5207,79390.0,35.0
119605.0,5110,79900.0,35.0
229337.0,5107,80639.0,35.0
186380.0,0501,58245.0,35.0
204024.0,0904,60974.0,35.0
230171.0,3099,48583.0,35.0
242662.0,5109,27924.0,35.0
129525.0,5006,44550.0,35.0
215655.0,1104,82989.0,35.0
163338.0,5202,56691.0,35.0
243133.0,5204,28879.0,35.0
214801.0,4008,81763.0,35.0
243133.0,2601,29279.0,35.0
416801.0,5109,85326.0,35.0
220978.0,3001,56293.0,35.0
121150.0,3105,65100.0,35.0
153269.0,1312,49289.0,35.0
174899.0,1101,82175.0,35.0
225511.0,1503,87022.0,35.0
203544.0,5109,75481.0,35.0
197869.0,4005,58329.0,35.0
128771.0,5209,52238.0,35.0
161873.0,0907,49445.0,35.0
212197.0,0901,49514.0,35.0
216010.0,2701,69153.0,35.0
197869.0,1909,58516.0,35.0
110714.0,1609,51519.0,35.0
215947.0,1312,47328.0,35.0
110714.0,4005,71348.0,35.0
224554.0,5201,63965.0,35.0
186876.0,5401,53745.0,35.0
195544.0,3103,59616.0,35.0
197197.0,5010,65373.0,35.0
203535.0,4506,103791.0,35.0
203845.0,1425,99295.0,35.0
182670.0,0301,67020.0,35.0
215929.0,0909,53762.0,35.0
112075.0,4201,49593.0,35.0
214777.0,5207,78476.0,35.0
196079.0,4507,71207.0,35.0
130776.0,5005,50955.0,35.0
195809.0,1110,77433.0,35.0
241395.0,4201,24118.0,35.0
183062.0,1313,49312.0,35.0
221740.0,1408,91615.0,35.0
166452.0,1312,52570.0,35.0
232557.0,1410,89244.0,35.0
182634.0,5202,68502.0,35.0
232609.0,2609,59744.0,35.0
241410.0,0907,22355.0,35.0
204796.0,5005,37445.0,35.0
196060.0,2799,68843.0,35.0
441900.0,1312,54646.0,35.0
211088.0,1101,86116.0,35.0
126614.0,2604,68579.0,35.0
151360.0,4201,45323.0,35.0
147244.0,1312,45797.0,35.0
157951.0,5106,57958.0,35.0
216694.0,0901,45152.0,35.0
110361.0,0909,52904.0,35.0
110361.0,2301,56656.0,35.0
192703.0,4201,64684.0,35.0
174020.0,2401,60352.0,35.0
149772.0,5220,85974.0,35.0
157951.0,5401,38836.0,35.0
168342.0,1107,209574.0,35.0
199148.0,5003,45084.0,35.0
147660.0,5210,71555.0,35.0
126818.0,1104,102765.0,35.0
206084.0,1410,95846.0,35.0
135726.0,1435,99068.0,35.0
176053.0,4201,39933.0,35.0
176080.0,1907,41439.0,35.0
135726.0,1405,98997.0,35.0
196121.0,5401,44658.0,35.0
233277.0,4506,69943.0,35.0
144050.0,4227,73483.0,35.0
196121.0,4510,57866.0,35.0
135081.0,2200,53101.0,35.0
173902.0,3020,56091.0,35.0
110097.0,3904,40261.0,35.0
206437.0,2601,66592.0,35.0
196121.0,3103,41547.0,35.0
228431.0,2301,46849.0,35.0
137351.0,4008,68967.0,35.0
199148.0,0502,45294.0,35.0
199139.0,5211,69467.0,35.0
196167.0,1313,62420.0,35.0
107071.0,5138,68733.0,35.0
107080.0,4201,39070.0,35.0
218654.0,4201,50776.0,35.0
137209.0,1510,80202.0,35.0
202134.0,4506,62852.0,35.0
192323.0,2301,55364.0,35.0
126614.0,4002,72698.0,35.0
230728.0,4901,103989.0,35.0
157951.0,3103,42600.0,35.0
149781.0,1312,48374.0,35.0
231651.0,3907,49799.0,35.0
149781.0,5009,40329.0,35.0
126614.0,5401,49401.0,35.0
149781.0,4506,84829.0,35.0
137032.0,1107,72645.0,35.0
191968.0,1313,58902.0,35.0
202134.0,5109,83938.0,35.0
188030.0,1410,95683.0,35.0
106704.0,4511,40873.0,35.0
218663.0,2701,62278.0,35.0
232089.0,1313,42664.0,35.0
109651.0,1508,90188.0,35.0
205957.0,4407,44867.0,35.0
234155.0,5214,53709.0,35.0
239105.0,1408,88144.0,35.0
176479.0,1313,61978.0,35.0
229063.0,0907,51195.0,35.0
193016.0,2601,62849.0,35.0
230038.0,2605,66603.0,35.0
123961.0,1408,106308.0,35.0
185828.0,1435,101547.0,35.0
137564.0,5138,61909.0,35.0
204671.0,5005,37445.0,35.0
182281.0,5211,63681.0,35.0
151351.0,4502,42707.0,35.0
227526.0,4201,44240.0,35.0
179566.0,0100,46412.0,35.0
206622.0,5199,66017.0,35.0
174066.0,5211,108566.0,35.0
206622.0,5202,65263.0,35.0
243586.0,4201,24118.0,35.0
213349.0,2313,47530.0,35.0
230728.0,1445,78233.0,35.0
168430.0,2301,43416.0,35.0
240417.0,1003,59621.0,35.0
159966.0,0901,46355.0,35.0
240417.0,1436,87431.0,35.0
232672.0,4407,46971.0,35.0
110565.0,1609,47581.0,35.0
203465.0,5009,43222.0,35.0
243443.0,0904,29511.0,35.0
110529.0,4506,61084.0,35.0
183026.0,5115,57701.0,35.0
159647.0,1410,99526.0,35.0
223232.0,1907,46979.0,35.0
196185.0,2301,48926.0,35.0
159373.0,5110,65640.0,35.0
215062.0,3025,109784.0,35.0
169080.0,4201,54412.0,35.0
159391.0,1609,51592.0,35.0
193052.0,3802,21332.0,35.0
169080.0,1312,47157.0,35.0
146719.0,0901,58256.0,35.0
243601.0,5214,32178.0,35.0
150136.0,1609,51294.0,35.0
204936.0,4201,49090.0,35.0
199102.0,0100,46990.0,35.0
234827.0,5122,62435.0,35.0
204936.0,3105,46521.0,35.0
179557.0,1101,93795.0,35.0
126580.0,4510,63538.0,35.0
110529.0,0110,75601.0,35.0
127556.0,0301,50384.0,35.0
137546.0,5214,63707.0,35.0
123961.0,2313,41637.0,35.0
127556.0,2401,44651.0,35.0
240329.0,4510,57256.0,35.0
227881.0,4511,42152.0,35.0
110529.0,2612,73152.0,35.0
201195.0,5005,36251.0,34.0
230782.0,1508,79471.0,34.0
225247.0,3105,50560.0,34.0
204796.0,0502,40713.0,34.0
243133.0,1503,46550.0,34.0
214272.0,0901,46653.0,34.0
213987.0,5209,53812.0,34.0
207500.0,2301,58854.0,34.0
497833.0,1312,50399.0,34.0
232706.0,4201,55869.0,34.0
201195.0,2609,53654.0,34.0
217484.0,5110,80478.0,34.0
243443.0,5209,30051.0,34.0
236939.0,3001,68583.0,34.0
233426.0,2601,55246.0,34.0
207403.0,1313,46956.0,34.0
213826.0,5202,70456.0,34.0
224226.0,0907,46723.0,34.0
232681.0,4511,58224.0,34.0
228796.0,1435,82391.0,34.0
233541.0,2601,66070.0,34.0
498562.0,4506,62798.0,34.0
209807.0,4502,41759.0,34.0
223232.0,2602,49661.0,34.0
204796.0,3801,55823.0,34.0
229780.0,4301,57805.0,34.0
262086.0,1312,51707.0,34.0
243780.0,1499,87331.0,34.0
204796.0,1601,44941.0,34.0
221740.0,4599,43858.0,34.0
212009.0,2301,57603.0,34.0
498562.0,1601,48495.0,34.0
212984.0,1312,53935.0,34.0
212054.0,1110,101488.0,34.0
204024.0,4511,61149.0,34.0
232706.0,4301,73058.0,34.0
230038.0,2615,60065.0,34.0
238616.0,5109,76617.0,34.0
201441.0,5401,50693.0,34.0
204024.0,1609,58750.0,34.0
218973.0,4510,68661.0,34.0
217934.0,0901,44280.0,34.0
213358.0,4301,46184.0,34.0
205957.0,2301,38761.0,34.0
237932.0,2601,56691.0,34.0
205443.0,3105,51304.0,34.0
228705.0,0100,58245.0,34.0
240329.0,3103,44710.0,34.0
232186.0,4404,67973.0,34.0
234085.0,2601,71547.0,34.0
203128.0,5138,75185.0,34.0
240338.0,5138,82669.0,34.0
234173.0,5202,63159.0,34.0
445188.0,4506,67692.0,34.0
445188.0,1405,88795.0,34.0
208822.0,3017,56440.0,34.0
484473.0,4507,67276.0,34.0
217305.0,1102,114963.0,34.0
204866.0,1109,77401.0,34.0
219356.0,0102,67746.0,34.0
240374.0,2601,60928.0,34.0
216339.0,5109,59764.0,34.0
203465.0,2701,76336.0,34.0
218733.0,5202,48108.0,34.0
234207.0,4506,115837.0,34.0
204802.0,1109,77401.0,34.0
239318.0,1435,87279.0,34.0
212106.0,4509,65169.0,34.0
228459.0,2602,64830.0,34.0
239080.0,5109,70786.0,34.0
239105.0,1609,55795.0,34.0
216667.0,4510,63258.0,34.0
217059.0,0909,55197.0,34.0
228875.0,5219,66108.0,34.0
201964.0,1312,40291.0,34.0
206604.0,3105,51433.0,34.0
475200.0,5203,71562.0,34.0
239716.0,4201,44634.0,34.0
213507.0,5100,80194.0,34.0
211088.0,5107,59441.0,34.0
234827.0,1507,97869.0,34.0
213367.0,5102,65759.0,34.0
228501.0,5202,49510.0,34.0
216542.0,0907,43724.0,34.0
240189.0,4506,77395.0,34.0
206084.0,2203,48605.0,34.0
216366.0,4228,56119.0,34.0
218061.0,1312,40933.0,34.0
228149.0,4504,48731.0,34.0
227368.0,5211,47431.0,34.0
217882.0,0305,63764.0,34.0
219471.0,2401,50306.0,34.0
215691.0,5202,47064.0,34.0
213251.0,0301,49586.0,34.0
220598.0,2601,43529.0,34.0
240727.0,0101,64200.0,34.0
220598.0,4511,34242.0,34.0
201441.0,5001,46944.0,34.0
237011.0,5102,61802.0,34.0
225511.0,4005,68504.0,34.0
204820.0,1109,77401.0,34.0
209612.0,5122,55116.0,34.0
236328.0,1107,98696.0,34.0
212197.0,5203,83075.0,34.0
210739.0,2601,76125.0,34.0
230807.0,5202,92548.0,34.0
220978.0,0101,53648.0,34.0
433660.0,0302,48942.0,34.0
225432.0,5401,53555.0,34.0
217688.0,5214,57179.0,34.0
217420.0,5212,76873.0,34.0
207564.0,1101,70142.0,34.0
217688.0,5004,41925.0,34.0
236948.0,3027,60949.0,34.0
416801.0,5110,77114.0,34.0
204839.0,1109,77401.0,34.0
226091.0,1506,87113.0,34.0
217420.0,1310,56477.0,34.0
237066.0,5203,71562.0,34.0
486840.0,5211,78523.0,34.0
240417.0,5100,49703.0,34.0
240444.0,1439,73337.0,34.0
228723.0,2607,41543.0,34.0
204857.0,1109,77401.0,34.0
229115.0,1409,92615.0,34.0
234076.0,0402,70213.0,34.0
230728.0,0901,58672.0,34.0
209551.0,4507,56165.0,34.0
226471.0,5214,64581.0,34.0
228723.0,4005,69662.0,34.0
210571.0,0901,50531.0,34.0
204848.0,1109,77401.0,34.0
219790.0,4201,47549.0,34.0
203517.0,2701,76336.0,34.0
203517.0,3103,43686.0,34.0
216038.0,5109,53516.0,34.0
237215.0,5138,82760.0,34.0
237215.0,2401,40711.0,34.0
219976.0,1312,44328.0,34.0
488679.0,4228,60898.0,34.0
200800.0,1510,85391.0,34.0
187985.0,5106,67561.0,34.0
155317.0,0301,54687.0,34.0
165574.0,4201,45086.0,34.0
127741.0,1409,95775.0,34.0
106704.0,5109,66499.0,34.0
175856.0,1313,40365.0,34.0
182980.0,5203,62412.0,34.0
167835.0,1609,58304.0,34.0
106245.0,1101,70696.0,34.0
139658.0,1107,159541.0,34.0
182980.0,4201,48488.0,34.0
122409.0,4006,73647.0,34.0
195128.0,4599,54363.0,34.0
101693.0,1312,45152.0,34.0
151360.0,5109,86888.0,34.0
156082.0,3105,57079.0,34.0
110361.0,1003,51834.0,34.0
178387.0,2601,53505.0,34.0
182290.0,5007,41074.0,34.0
156082.0,5214,65379.0,34.0
164076.0,2701,72409.0,34.0
196158.0,2601,51073.0,34.0
196149.0,5123,52654.0,34.0
169248.0,4506,65174.0,34.0
156125.0,1405,72936.0,34.0
196130.0,5131,60937.0,34.0
200004.0,1313,48232.0,34.0
175616.0,2601,46266.0,34.0
156125.0,4511,42450.0,34.0
146719.0,5401,57639.0,34.0
163338.0,2601,58580.0,34.0
177339.0,1312,38614.0,34.0
136233.0,1312,51900.0,34.0
159416.0,2601,45759.0,34.0
151786.0,1312,50399.0,34.0
173160.0,4201,55370.0,34.0
133669.0,4502,33389.0,34.0
147013.0,5210,63519.0,34.0
136330.0,5210,60379.0,34.0
198899.0,4407,51053.0,34.0
151388.0,4407,43470.0,34.0
170532.0,4201,54747.0,34.0
166629.0,0183,59298.0,34.0
195003.0,4301,52704.0,34.0
159382.0,4201,44069.0,34.0
178396.0,1407,95989.0,34.0
179946.0,5202,70100.0,34.0
163462.0,3105,54677.0,34.0
147013.0,3105,52784.0,34.0
190415.0,4511,73200.0,34.0
151324.0,2301,40676.0,34.0
196194.0,5401,53429.0,34.0
127714.0,3906,56855.0,34.0
151111.0,2615,56218.0,34.0
199962.0,5202,67082.0,34.0
200156.0,5138,74007.0,34.0
110413.0,2601,64939.0,34.0
164562.0,5202,67523.0,34.0
170082.0,1507,80398.0,34.0
151342.0,1313,47977.0,34.0
196088.0,1414,75263.0,34.0
166850.0,5100,68209.0,34.0
154013.0,5214,57111.0,34.0
196079.0,1609,66841.0,34.0
110510.0,4404,56534.0,34.0
156365.0,4301,41900.0,34.0
192323.0,5210,65014.0,34.0
143358.0,1433,82309.0,34.0
101879.0,4507,50445.0,34.0
176965.0,0901,52463.0,34.0
167358.0,1499,112019.0,34.0
172699.0,4706,76241.0,34.0
177065.0,2301,36714.0,34.0
110422.0,2705,101353.0,34.0
199102.0,4511,44104.0,34.0
128391.0,4511,57359.0,34.0
164988.0,4227,55066.0,34.0
142276.0,5208,73295.0,34.0
110486.0,5401,56081.0,34.0
149231.0,4511,51465.0,34.0
157289.0,1435,104538.0,34.0
123961.0,1402,125514.0,34.0
164076.0,4005,76296.0,34.0
110538.0,1503,106225.0,34.0
157447.0,1506,88492.0,34.0
178341.0,4407,49855.0,34.0
196130.0,1304,64059.0,34.0
122728.0,1312,49540.0,34.0
170082.0,4511,48664.0,34.0
176080.0,0101,78998.0,34.0
139366.0,5208,65380.0,34.0
154590.0,4201,49929.0,34.0
149222.0,5401,52900.0,34.0
165024.0,4506,70473.0,34.0
190691.0,1101,63367.0,34.0
143118.0,2401,60775.0,34.0
157401.0,1502,87573.0,34.0
142115.0,1609,44684.0,34.0
199218.0,4006,60414.0,34.0
180948.0,1313,50643.0,34.0
106397.0,4502,43930.0,34.0
151324.0,4510,59060.0,34.0
156295.0,1101,82491.0,34.0
169363.0,5109,76617.0,34.0
123572.0,4506,83668.0,34.0
154493.0,4501,57430.0,34.0
128780.0,4201,52803.0,34.0
151786.0,5203,76780.0,34.0
106704.0,5208,58941.0,34.0
193584.0,5111,62585.0,34.0
161253.0,0907,47421.0,34.0
174747.0,2601,60050.0,34.0
174747.0,5203,87159.0,34.0
174783.0,1107,103765.0,34.0
194310.0,2314,58051.0,34.0
110680.0,2399,57900.0,34.0
150604.0,0909,54298.0,34.0
187134.0,4509,67001.0,34.0
139959.0,2602,59534.0,34.0
161253.0,5102,52584.0,34.0
101709.0,5102,49979.0,34.0
161299.0,1599,112246.0,34.0
161299.0,5211,77641.0,34.0
193900.0,1312,64640.0,34.0
101709.0,4407,43388.0,34.0
160612.0,2301,39235.0,34.0
160612.0,1507,83039.0,34.0
194392.0,0301,51359.0,34.0
132903.0,5215,72063.0,34.0
135726.0,0402,75633.0,34.0
153108.0,1312,50707.0,34.0
110662.0,5006,50904.0,34.0
120883.0,1419,99573.0,34.0
179548.0,5005,35235.0,34.0
155317.0,5213,107635.0,34.0
145600.0,2615,56869.0,34.0
194392.0,1205,42652.0,34.0
139968.0,5138,82747.0,34.0
134130.0,4507,67276.0,34.0
140447.0,5122,60401.0,34.0
174233.0,5004,52727.0,34.0
145637.0,0501,54187.0,34.0
150400.0,1107,120076.0,34.0
198215.0,3105,44296.0,34.0
137847.0,1110,99980.0,34.0
155317.0,5007,38355.0,34.0
198136.0,4301,49830.0,34.0
199139.0,4507,57208.0,34.0
151306.0,3019,49739.0,34.0
107071.0,2401,46783.0,34.0
112075.0,3105,59648.0,34.0
130493.0,1310,60365.0,34.0
186432.0,1312,62040.0,34.0
186432.0,3105,42362.0,34.0
198507.0,5202,49903.0,34.0
145600.0,5007,41924.0,34.0
197869.0,4008,82399.0,34.0
200332.0,4510,52834.0,34.0
186201.0,5009,41659.0,34.0
107141.0,5138,64963.0,34.0
161253.0,0305,56124.0,34.0
165936.0,0901,46723.0,34.0
110486.0,4006,69989.0,34.0
104151.0,1510,107880.0,34.0
174899.0,5203,69762.0,34.0
110617.0,1609,52028.0,34.0
159647.0,5107,52122.0,34.0
159647.0,5102,59081.0,34.0
200253.0,5214,61964.0,34.0
139931.0,5100,53826.0,34.0
151801.0,4228,60898.0,34.0
136172.0,1410,90944.0,34.0
129525.0,5100,60274.0,34.0
120254.0,4509,70394.0,34.0
200253.0,4301,67554.0,34.0
162928.0,5009,29849.0,34.0
100706.0,5214,58015.0,34.0
144740.0,4509,68180.0,34.0
137546.0,4510,52667.0,34.0
171571.0,5110,70486.0,34.0
199193.0,1418,89968.0,34.0
174020.0,1110,83558.0,34.0
100724.0,1104,53416.0,34.0
133669.0,0403,66093.0,34.0
183239.0,4201,55084.0,34.0
120883.0,1312,69342.0,34.0
178396.0,4407,56157.0,34.0
104717.0,5213,81661.0,34.0
136172.0,1408,77498.0,34.0
168005.0,5004,60159.0,34.0
138293.0,4301,49224.0,34.0
200280.0,2301,44961.0,34.0
171456.0,1313,46002.0,34.0
196653.0,5138,90798.0,34.0
170976.0,4006,60949.0,34.0
161554.0,4504,59270.0,34.0
110644.0,4008,78569.0,34.0
165866.0,5007,43582.0,34.0
193353.0,3000,60133.0,34.0
168254.0,1107,100055.0,34.0
194824.0,5004,87358.0,34.0
178411.0,1439,75259.0,34.0
129941.0,2613,45115.0,34.0
179566.0,4005,56984.0,34.0
107983.0,4301,44523.0,34.0
184773.0,4407,48365.0,34.0
194958.0,5107,62455.0,34.0
140988.0,3105,42558.0,34.0
479956.0,2200,60745.0,33.0
178615.0,2301,38923.0,33.0
195003.0,0907,91222.0,33.0
214777.0,2200,60745.0,33.0
194310.0,4510,66408.0,33.0
106467.0,0306,44868.0,33.0
166638.0,0502,53509.0,33.0
106795.0,5108,30408.0,33.0
166850.0,2609,74379.0,33.0
195003.0,1109,97118.0,33.0
106467.0,0901,45385.0,33.0
195216.0,2601,69386.0,33.0
243212.0,5202,26878.0,33.0
235097.0,4510,53502.0,33.0
234827.0,4502,44089.0,33.0
228787.0,2602,50432.0,33.0
166513.0,5401,55973.0,33.0
231174.0,4511,54529.0,33.0
128391.0,0301,49170.0,33.0
168254.0,4201,57681.0,33.0
215798.0,1401,84180.0,33.0
215798.0,0901,50341.0,33.0
144892.0,5208,70704.0,33.0
215770.0,5202,81233.0,33.0
229160.0,4201,46737.0,33.0
242653.0,4201,37149.0,33.0
229115.0,5219,66440.0,33.0
135726.0,5206,116367.0,33.0
204024.0,3033,59660.0,33.0
174899.0,5210,59797.0,33.0
136172.0,4502,48132.0,33.0
204185.0,5203,80429.0,33.0
204194.0,4407,51766.0,33.0
153366.0,3105,45814.0,33.0
204264.0,3105,47117.0,33.0
229115.0,1433,102312.0,33.0
219976.0,5203,83930.0,33.0
168254.0,3105,55629.0,33.0
168254.0,5203,75649.0,33.0
220075.0,4510,48452.0,33.0
196680.0,1503,99786.0,33.0
168546.0,3105,49451.0,33.0
145600.0,5202,68109.0,33.0
219347.0,1410,94201.0,33.0
240277.0,5401,44899.0,33.0
102553.0,3001,51889.0,33.0
198136.0,1101,71497.0,33.0
197869.0,4006,53269.0,33.0
216038.0,4006,56402.0,33.0
148584.0,4407,56259.0,33.0
135081.0,5123,56791.0,33.0
197133.0,5006,42956.0,33.0
219383.0,4201,49469.0,33.0
153001.0,1313,48048.0,33.0
168342.0,2301,69065.0,33.0
204006.0,3033,59660.0,33.0
144962.0,5203,79654.0,33.0
144962.0,4511,53075.0,33.0
234085.0,1419,76909.0,33.0
153603.0,1901,51531.0,33.0
243212.0,1101,35882.0,33.0
106397.0,1609,49636.0,33.0
239628.0,3105,47844.0,33.0
234207.0,4510,95190.0,33.0
196097.0,4005,71783.0,33.0
234207.0,5203,118946.0,33.0
137078.0,0183,61428.0,33.0
220613.0,5138,70388.0,33.0
196088.0,5110,89223.0,33.0
176372.0,5001,38599.0,33.0
482680.0,4511,44176.0,33.0
176372.0,5209,45985.0,33.0
106412.0,1901,41327.0,33.0
176628.0,5109,68865.0,33.0
220862.0,1405,88279.0,33.0
196024.0,1205,51716.0,33.0
177065.0,5138,78632.0,33.0
143358.0,4201,64378.0,33.0
243197.0,5214,39386.0,33.0
204796.0,2605,66222.0,33.0
153825.0,4201,51036.0,33.0
105330.0,4509,60448.0,33.0
137032.0,2401,59222.0,33.0
229063.0,5214,41768.0,33.0
175616.0,1901,41285.0,33.0
196194.0,4506,87667.0,33.0
196194.0,1409,86865.0,33.0
243115.0,5204,22028.0,33.0
196185.0,2701,72651.0,33.0
106245.0,2601,48606.0,33.0
220181.0,5202,63733.0,33.0
243142.0,4301,32928.0,33.0
243151.0,1310,33905.0,33.0
232186.0,4511,64603.0,33.0
196149.0,4510,60296.0,33.0
196149.0,2401,44687.0,33.0
106397.0,1107,95642.0,33.0
176053.0,0901,44779.0,33.0
129020.0,2613,52766.0,33.0
167729.0,4507,58593.0,33.0
176035.0,3105,43936.0,33.0
180489.0,5212,73149.0,33.0
243601.0,4301,30635.0,33.0
110608.0,4507,69323.0,33.0
183062.0,5401,46428.0,33.0
159416.0,5203,61117.0,33.0
120883.0,3105,59012.0,33.0
110608.0,1409,101021.0,33.0
163295.0,5006,43227.0,33.0
189705.0,5202,62955.0,33.0
183257.0,1313,53287.0,33.0
163286.0,0109,56248.0,33.0
163268.0,2602,75493.0,33.0
225511.0,1409,107283.0,33.0
184694.0,5401,53737.0,33.0
110608.0,5109,105747.0,33.0
139931.0,2701,59424.0,33.0
150136.0,1512,71514.0,33.0
207971.0,5138,82510.0,33.0
227845.0,3020,48050.0,33.0
189097.0,2301,61327.0,33.0
159656.0,0909,53240.0,33.0
184603.0,5401,53737.0,33.0
139940.0,1609,52415.0,33.0
149222.0,2301,37786.0,33.0
440828.0,2301,42541.0,33.0
207500.0,5004,65646.0,33.0
183062.0,5004,50507.0,33.0
228343.0,0901,59372.0,33.0
164076.0,0502,50406.0,33.0
190576.0,1104,94412.0,33.0
110565.0,4006,58891.0,33.0
190558.0,4407,61558.0,33.0
158802.0,5138,90661.0,33.0
149222.0,1909,43823.0,33.0
122409.0,2703,69606.0,33.0
190549.0,1104,67838.0,33.0
212984.0,5202,81021.0,33.0
163851.0,5109,109739.0,33.0
183044.0,1313,53287.0,33.0
183044.0,1609,57523.0,33.0
110574.0,5209,65655.0,33.0
237792.0,5007,50124.0,33.0
225399.0,3000,54696.0,33.0
183062.0,1101,78965.0,33.0
159391.0,2701,64121.0,33.0
163453.0,0909,55169.0,33.0
110635.0,1601,76724.0,33.0
209056.0,4509,57783.0,33.0
213303.0,3105,52747.0,33.0
226471.0,5203,78344.0,33.0
186876.0,4511,47201.0,33.0
186876.0,1312,56838.0,33.0
186201.0,4511,55161.0,33.0
210571.0,4228,60589.0,33.0
186584.0,4407,63559.0,33.0
436827.0,2613,52766.0,33.0
160658.0,5009,29175.0,33.0
186283.0,0909,63612.0,33.0
186399.0,5006,63679.0,33.0
186380.0,5006,63679.0,33.0
211981.0,4301,62317.0,33.0
140447.0,4301,71602.0,33.0
209825.0,1410,105859.0,33.0
210331.0,4201,47815.0,33.0
186380.0,2612,87600.0,33.0
111081.0,5009,40294.0,33.0
140447.0,5203,75529.0,33.0
237011.0,2604,58622.0,33.0
237011.0,2701,54234.0,33.0
186380.0,0302,52242.0,33.0
186131.0,5401,80347.0,33.0
210669.0,4510,60241.0,33.0
115409.0,1107,198257.0,33.0
436818.0,2613,52766.0,33.0
140960.0,5203,42444.0,33.0
110644.0,0103,58236.0,33.0
436836.0,2613,52766.0,33.0
211583.0,1312,51339.0,33.0
110644.0,4006,73337.0,33.0
188429.0,1101,77155.0,33.0
433660.0,5007,43271.0,33.0
159966.0,5214,53871.0,33.0
110653.0,0502,47471.0,33.0
140951.0,2313,48189.0,33.0
117636.0,5102,79062.0,33.0
209542.0,2301,42541.0,33.0
188030.0,1408,74115.0,33.0
237066.0,4511,57755.0,33.0
187985.0,3020,33116.0,33.0
148487.0,4301,63081.0,33.0
232609.0,5122,57945.0,33.0
110680.0,0502,53319.0,33.0
160612.0,5401,45161.0,33.0
231624.0,0501,68909.0,33.0
139463.0,4201,41357.0,33.0
228778.0,5004,69846.0,33.0
460349.0,5210,79056.0,33.0
243780.0,1418,107557.0,33.0
165334.0,5202,84234.0,33.0
142285.0,4509,48662.0,33.0
192785.0,5138,89587.0,33.0
110361.0,1409,96506.0,33.0
148131.0,2401,62841.0,33.0
174233.0,2602,61010.0,33.0
460349.0,5211,61380.0,33.0
192703.0,1409,91394.0,33.0
180948.0,3099,44030.0,33.0
228723.0,0100,59213.0,33.0
460349.0,0901,51247.0,33.0
236328.0,0301,46112.0,33.0
206507.0,5203,64377.0,33.0
214272.0,4301,60851.0,33.0
206525.0,4201,50147.0,33.0
142285.0,1107,103530.0,33.0
238458.0,1003,47327.0,33.0
110413.0,5213,83310.0,33.0
181020.0,1313,48268.0,33.0
165662.0,0909,59301.0,33.0
155900.0,4301,63138.0,33.0
238616.0,1313,42923.0,33.0
205443.0,5202,48031.0,33.0
193900.0,5003,38571.0,33.0
107512.0,0901,50369.0,33.0
179159.0,5206,80588.0,33.0
221759.0,1310,50585.0,33.0
142294.0,4201,54179.0,33.0
179557.0,5208,78407.0,33.0
228778.0,0502,57292.0,33.0
193292.0,4407,59130.0,33.0
193292.0,4201,53334.0,33.0
204936.0,0909,58065.0,33.0
138275.0,3105,44995.0,33.0
204936.0,5100,62364.0,33.0
179867.0,4201,91787.0,33.0
179867.0,5004,67771.0,33.0
179894.0,0909,54217.0,33.0
205443.0,4201,40791.0,33.0
155812.0,2601,66649.0,33.0
463056.0,2613,52766.0,33.0
221759.0,5210,63005.0,33.0
228723.0,0403,70592.0,33.0
191649.0,5213,68374.0,33.0
190637.0,0502,56907.0,33.0
141644.0,4201,58721.0,33.0
157386.0,5007,32257.0,33.0
123554.0,5203,107570.0,33.0
157386.0,5009,40768.0,33.0
164270.0,0901,65411.0,33.0
232672.0,5138,97279.0,33.0
207041.0,4301,51120.0,33.0
213367.0,3019,55765.0,33.0
164216.0,0301,46831.0,33.0
110547.0,5004,48430.0,33.0
110556.0,1410,108038.0,33.0
191649.0,5102,68984.0,33.0
190655.0,2203,47945.0,33.0
182290.0,1399,55892.0,33.0
182290.0,2602,63239.0,33.0
213321.0,5214,69051.0,33.0
182290.0,4502,48607.0,33.0
141574.0,1003,35830.0,33.0
224226.0,0901,48598.0,33.0
157951.0,1408,75732.0,33.0
182290.0,4509,58002.0,33.0
223232.0,5009,40017.0,33.0
139311.0,2601,57400.0,33.0
157386.0,1313,47242.0,33.0
366711.0,2602,65479.0,33.0
126182.0,3105,44701.0,33.0
142276.0,5102,56720.0,33.0
181394.0,1404,84938.0,33.0
228705.0,1408,75033.0,33.0
191649.0,2601,65057.0,33.0
138901.0,4301,48543.0,33.0
213996.0,4201,45982.0,33.0
213996.0,1907,46813.0,33.0
236577.0,5004,68547.0,33.0
206695.0,1407,89150.0,33.0
228529.0,5210,54613.0,33.0
222178.0,5004,49818.0,33.0
181394.0,5122,54228.0,33.0
157216.0,0901,39686.0,33.0
236595.0,2601,58242.0,33.0
445708.0,0901,51247.0,33.0
181428.0,5110,69253.0,33.0
191241.0,4502,66562.0,33.0
191241.0,2799,117344.0,33.0
216339.0,3020,51931.0,33.0
186380.0,0110,80979.0,33.0
488679.0,0909,71669.0,33.0
200253.0,1313,50105.0,33.0
174020.0,5106,73027.0,33.0
199139.0,3802,52012.0,33.0
173920.0,4511,51618.0,33.0
130794.0,5401,109947.0,33.0
101709.0,5401,44563.0,33.0
147767.0,4402,84712.0,33.0
199111.0,4511,44824.0,33.0
230737.0,1616,28583.0,33.0
217235.0,0901,51247.0,33.0
233374.0,4201,64584.0,33.0
171571.0,5122,85266.0,33.0
170976.0,5122,78928.0,33.0
134097.0,1435,96504.0,33.0
217721.0,5202,41811.0,33.0
240453.0,2602,64492.0,33.0
201645.0,2601,53604.0,33.0
150145.0,5201,68689.0,33.0
170301.0,2601,54538.0,33.0
200217.0,3105,68088.0,33.0
131399.0,5202,65711.0,33.0
133711.0,2301,53263.0,33.0
240453.0,4006,63838.0,33.0
200332.0,0183,44457.0,33.0
133711.0,0301,48085.0,33.0
171137.0,5210,76343.0,33.0
217235.0,5210,79056.0,33.0
217235.0,5211,61380.0,33.0
100706.0,5007,43321.0,33.0
101879.0,2301,47150.0,33.0
201371.0,5202,57308.0,33.0
230737.0,4510,61464.0,33.0
199111.0,1401,88346.0,33.0
170967.0,5138,90425.0,33.0
150145.0,3105,48243.0,33.0
146427.0,2313,38967.0,33.0
202134.0,5102,51540.0,33.0
100706.0,1435,95153.0,33.0
134130.0,1609,65765.0,33.0
231165.0,5009,49438.0,33.0
168786.0,2401,46148.0,33.0
198543.0,5107,42270.0,33.0
151111.0,1499,89261.0,33.0
172699.0,4511,51835.0,33.0
151306.0,5208,70473.0,33.0
170967.0,4201,46344.0,33.0
201371.0,3105,44920.0,33.0
216931.0,5214,71501.0,33.0
151786.0,3105,66491.0,33.0
150534.0,1419,85851.0,33.0
202480.0,1410,95595.0,33.0
169248.0,3101,39947.0,33.0
169248.0,5009,43089.0,33.0
199193.0,2701,92594.0,33.0
131496.0,5212,138263.0,33.0
171456.0,4201,43349.0,33.0
233295.0,2601,58821.0,33.0
202763.0,5109,71024.0,33.0
145813.0,5211,71058.0,33.0
100858.0,3019,56579.0,33.0
173665.0,2313,45253.0,33.0
217156.0,2301,73497.0,33.0
173665.0,2601,49824.0,33.0
168847.0,1312,46559.0,33.0
149772.0,5009,39609.0,33.0
169910.0,4703,83528.0,33.0
170976.0,1601,55137.0,33.0
231174.0,4502,49987.0,33.0
200004.0,5401,42698.0,33.0
202806.0,4228,48543.0,33.0
151263.0,2401,64325.0,33.0
232681.0,5007,44357.0,33.0
170976.0,1605,68898.0,33.0
169363.0,1313,42923.0,33.0
151324.0,5102,55749.0,33.0
486840.0,4502,47179.0,33.0
133669.0,5401,46960.0,33.0
151801.0,0909,71669.0,33.0
240462.0,1412,85901.0,33.0
230038.0,5210,96354.0,33.0
150677.0,5214,54734.0,33.0
232566.0,3105,50990.0,33.0
145813.0,5217,94124.0,33.0
231174.0,5207,68395.0,33.0
131496.0,1107,143900.0,33.0
172051.0,5004,41864.0,33.0
202480.0,2301,57868.0,33.0
100663.0,5218,76648.0,33.0
219046.0,4511,49833.0,33.0
216931.0,2601,57332.0,33.0
178059.0,5202,70665.0,32.0
141574.0,5122,56371.0,32.0
441937.0,4005,58498.0,32.0
223463.0,5202,43581.0,32.0
169716.0,5122,55002.0,32.0
243221.0,1314,33207.0,32.0
110538.0,4509,52150.0,32.0
217420.0,5208,70470.0,32.0
199962.0,5203,73805.0,32.0
228802.0,2601,55434.0,32.0
177968.0,5208,63077.0,32.0
195544.0,5214,64172.0,32.0
497037.0,3099,51695.0,32.0
201645.0,5208,85493.0,32.0
240462.0,1414,75099.0,32.0
228459.0,1904,49406.0,32.0
204820.0,4006,66922.0,32.0
206941.0,5218,75796.0,32.0
181853.0,5202,50936.0,32.0
238032.0,0111,50249.0,32.0
172644.0,5102,58291.0,32.0
166850.0,4201,62567.0,32.0
190664.0,5007,37764.0,32.0
143358.0,1410,100391.0,32.0
213367.0,5122,50517.0,32.0
173647.0,2301,46987.0,32.0
170301.0,1609,53328.0,32.0
220862.0,4502,46560.0,32.0
212674.0,4201,74466.0,32.0
128771.0,1408,87366.0,32.0
146719.0,5211,87698.0,32.0
176372.0,5208,55959.0,32.0
144050.0,1107,178068.0,32.0
190549.0,5005,41233.0,32.0
170301.0,3105,53340.0,32.0
200004.0,1107,86853.0,32.0
230959.0,0301,53518.0,32.0
243197.0,0102,40931.0,32.0
163912.0,0301,56619.0,32.0
154004.0,2601,62400.0,32.0
216807.0,5203,76955.0,32.0
202763.0,1312,40822.0,32.0
110574.0,5401,65217.0,32.0
498562.0,1107,85353.0,32.0
217484.0,1410,106153.0,32.0
215114.0,5202,61973.0,32.0
144050.0,2601,59794.0,32.0
159009.0,4201,43561.0,32.0
153834.0,4201,56469.0,32.0
234164.0,1101,45214.0,32.0
239628.0,4201,50762.0,32.0
170532.0,2301,49150.0,32.0
153825.0,4301,60411.0,32.0
202763.0,5214,68336.0,32.0
212577.0,4506,90368.0,32.0
141325.0,5138,67603.0,32.0
159391.0,1907,50422.0,32.0
224554.0,0100,51983.0,32.0
204796.0,5215,91213.0,32.0
217934.0,5202,53979.0,32.0
220701.0,3105,39192.0,32.0
106458.0,5100,46015.0,32.0
157818.0,5201,64290.0,32.0
172644.0,1407,93047.0,32.0
196015.0,2203,51120.0,32.0
201548.0,2601,61416.0,32.0
154095.0,2701,44407.0,32.0
213321.0,4201,50244.0,32.0
216852.0,5108,98777.0,32.0
220862.0,4005,46490.0,32.0
233541.0,5009,30758.0,32.0
151333.0,4201,37508.0,32.0
100830.0,4201,41393.0,32.0
482680.0,0301,58403.0,32.0
128498.0,4201,54784.0,32.0
204802.0,4006,66922.0,32.0
195474.0,4407,60100.0,32.0
213303.0,1101,63148.0,32.0
128744.0,4301,49978.0,32.0
176965.0,0909,61784.0,32.0
201469.0,5138,89336.0,32.0
176947.0,3099,51637.0,32.0
100830.0,2601,42965.0,32.0
167358.0,4005,88364.0,32.0
101879.0,5212,75870.0,32.0
228875.0,5202,106765.0,32.0
213020.0,5102,57936.0,32.0
220701.0,5202,59648.0,32.0
110538.0,2605,74888.0,32.0
204839.0,4006,66922.0,32.0
154527.0,0901,48433.0,32.0
180814.0,2299,56136.0,32.0
230782.0,1410,98042.0,32.0
221759.0,1402,89015.0,32.0
238458.0,5214,62400.0,32.0
243780.0,2701,58453.0,32.0
230782.0,2605,68597.0,32.0
192448.0,5203,67733.0,32.0
233374.0,3099,90369.0,32.0
155399.0,3103,50522.0,32.0
193900.0,2602,68690.0,32.0
179159.0,5211,92270.0,32.0
230782.0,2607,49480.0,32.0
156125.0,5210,63150.0,32.0
169798.0,5102,60615.0,32.0
232186.0,5005,45656.0,32.0
214591.0,4005,65230.0,32.0
192749.0,3105,61395.0,32.0
206437.0,4511,55867.0,32.0
126669.0,4227,52153.0,32.0
233374.0,4510,68339.0,32.0
240417.0,1109,77269.0,32.0
155317.0,4511,48146.0,32.0
206491.0,5299,52144.0,32.0
180984.0,5201,60031.0,32.0
164988.0,5123,72566.0,32.0
221847.0,5009,46253.0,32.0
201885.0,4005,72302.0,32.0
173045.0,5203,83185.0,32.0
146481.0,2301,58901.0,32.0
204857.0,4006,66922.0,32.0
151111.0,1513,61420.0,32.0
206084.0,2301,41253.0,32.0
110361.0,1408,90251.0,32.0
173045.0,4201,55673.0,32.0
142285.0,5212,63639.0,32.0
155681.0,5208,76033.0,32.0
193292.0,0901,55878.0,32.0
217156.0,4509,86780.0,32.0
169910.0,5109,76031.0,32.0
179566.0,5109,65601.0,32.0
199193.0,1423,100212.0,32.0
240471.0,4407,51694.0,32.0
204936.0,0306,41121.0,32.0
179566.0,4006,48191.0,32.0
217156.0,2601,60508.0,32.0
217156.0,5122,74496.0,32.0
107983.0,3105,48662.0,32.0
463056.0,5009,56104.0,32.0
155636.0,1312,50010.0,32.0
169798.0,5401,39709.0,32.0
228769.0,0904,48042.0,32.0
179566.0,3020,37180.0,32.0
463056.0,1609,63733.0,32.0
193016.0,2200,51161.0,32.0
193353.0,4400,57910.0,32.0
110097.0,0904,59925.0,32.0
138354.0,5202,72805.0,32.0
131283.0,1419,90355.0,32.0
180461.0,0101,79621.0,32.0
155627.0,1312,50010.0,32.0
464226.0,1312,50010.0,32.0
218645.0,4511,49530.0,32.0
204866.0,4006,66922.0,32.0
192819.0,4510,74308.0,32.0
156082.0,5202,68154.0,32.0
243601.0,1409,67342.0,32.0
156408.0,3020,59531.0,32.0
214777.0,4507,68993.0,32.0
157216.0,4301,40618.0,32.0
143084.0,1313,52092.0,32.0
125897.0,5004,62092.0,32.0
133809.0,5202,61597.0,32.0
169798.0,1110,82886.0,32.0
142276.0,0901,47655.0,32.0
195030.0,5201,93367.0,32.0
195030.0,5213,102625.0,32.0
222831.0,0901,43002.0,32.0
220978.0,4511,48276.0,32.0
195128.0,5004,51485.0,32.0
154721.0,3105,39643.0,32.0
157100.0,5138,96766.0,32.0
230782.0,5212,104748.0,32.0
191241.0,5003,47036.0,32.0
173665.0,3027,48483.0,32.0
206695.0,1408,80437.0,32.0
232256.0,4506,68795.0,32.0
157289.0,1405,84311.0,32.0
445267.0,3099,51637.0,32.0
186371.0,4512,59261.0,32.0
154712.0,1312,44163.0,32.0
222983.0,5208,81613.0,32.0
181464.0,1410,100972.0,32.0
139250.0,1312,49491.0,32.0
366711.0,4501,63622.0,32.0
214777.0,4004,69083.0,32.0
214777.0,4005,65230.0,32.0
164465.0,4506,141730.0,32.0
480091.0,5138,89336.0,32.0
164465.0,2701,124324.0,32.0
151102.0,4227,44533.0,32.0
199120.0,3801,70709.0,32.0
178624.0,0109,53418.0,32.0
166452.0,4228,52367.0,32.0
221740.0,1407,92511.0,32.0
107071.0,4201,41112.0,32.0
236328.0,2301,50690.0,32.0
178615.0,1101,106203.0,32.0
178615.0,0100,52303.0,32.0
148654.0,4510,58236.0,32.0
142285.0,0306,43171.0,32.0
126614.0,2602,68488.0,32.0
194310.0,5201,89450.0,32.0
194392.0,0302,53788.0,32.0
214157.0,5203,76422.0,32.0
173300.0,4201,44399.0,32.0
228723.0,0406,73729.0,32.0
206604.0,4006,50824.0,32.0
239080.0,3105,52277.0,32.0
235097.0,2301,41541.0,32.0
146427.0,4506,62144.0,32.0
138716.0,1312,51782.0,32.0
191968.0,0301,48010.0,32.0
214069.0,5107,71314.0,32.0
239080.0,4201,56434.0,32.0
147767.0,2615,54279.0,32.0
169798.0,1907,42170.0,32.0
454582.0,1312,50010.0,32.0
204848.0,4006,66922.0,32.0
451750.0,5138,89336.0,32.0
195003.0,1503,96361.0,32.0
191649.0,3020,59322.0,32.0
222178.0,3099,51695.0,32.0
217013.0,5138,73921.0,32.0
106704.0,4504,47387.0,32.0
204796.0,5006,50565.0,32.0
436836.0,1609,63733.0,32.0
498571.0,2701,51498.0,32.0
208822.0,4407,62201.0,32.0
100706.0,1408,78858.0,32.0
110635.0,3005,65269.0,32.0
130226.0,5006,52094.0,32.0
436818.0,5009,56104.0,32.0
102368.0,2601,46934.0,32.0
188526.0,5120,84423.0,32.0
132471.0,1101,65951.0,32.0
240444.0,3801,61186.0,32.0
171128.0,0305,55912.0,32.0
110635.0,4201,62835.0,32.0
436836.0,5009,56104.0,32.0
232186.0,4303,143972.0,32.0
174066.0,3801,53189.0,32.0
110680.0,5009,58071.0,32.0
186131.0,4510,88576.0,32.0
187046.0,5199,75097.0,32.0
433660.0,3105,58179.0,32.0
147536.0,4504,56989.0,32.0
225627.0,5123,58059.0,32.0
216524.0,4201,51443.0,32.0
161563.0,4201,49253.0,32.0
104717.0,5209,49703.0,32.0
186867.0,1515,101798.0,32.0
240277.0,5004,46376.0,32.0
161253.0,0110,56861.0,32.0
184348.0,2401,59399.0,32.0
153603.0,0107,56405.0,32.0
186283.0,1101,72734.0,32.0
207971.0,1425,145353.0,32.0
170976.0,1418,98879.0,32.0
204501.0,4510,70689.0,32.0
167987.0,2401,51406.0,32.0
217819.0,4006,63993.0,32.0
233921.0,1421,94397.0,32.0
110617.0,0904,53145.0,32.0
129525.0,1408,84614.0,32.0
162283.0,5107,56774.0,32.0
174491.0,3105,46885.0,32.0
197708.0,5203,88388.0,32.0
240444.0,5004,65874.0,32.0
184348.0,5202,76232.0,32.0
219356.0,2701,67059.0,32.0
153375.0,5203,66906.0,32.0
226383.0,5202,55132.0,32.0
162584.0,1101,70144.0,32.0
110617.0,4006,73418.0,32.0
241739.0,5107,31700.0,32.0
161563.0,3105,51014.0,32.0
174783.0,4510,48305.0,32.0
217721.0,0909,41158.0,32.0
187967.0,1407,85900.0,32.0
240329.0,5109,75197.0,32.0
240727.0,5005,35028.0,32.0
171456.0,0901,47875.0,32.0
135726.0,4504,70461.0,32.0
215770.0,5210,83692.0,32.0
201104.0,5214,68708.0,32.0
185590.0,1601,42017.0,32.0
148487.0,1107,58964.0,32.0
104151.0,2703,71317.0,32.0
240329.0,5110,73439.0,32.0
185572.0,2701,68774.0,32.0
153001.0,5207,58540.0,32.0
240268.0,4005,66246.0,32.0
117140.0,1101,90694.0,32.0
227331.0,5102,48740.0,32.0
240268.0,4006,56739.0,32.0
196413.0,1409,110988.0,32.0
147703.0,1313,53672.0,32.0
104151.0,4402,55451.0,32.0
168218.0,1101,177213.0,32.0
144962.0,1313,56411.0,32.0
185572.0,5138,103184.0,32.0
231785.0,5138,89336.0,32.0
187967.0,1101,95750.0,32.0
110653.0,1418,106547.0,32.0
436818.0,1609,63733.0,32.0
187134.0,4511,68260.0,32.0
211556.0,5138,86034.0,32.0
100663.0,5401,48565.0,32.0
483124.0,4402,55451.0,32.0
188304.0,4301,46184.0,32.0
185828.0,2601,65807.0,32.0
436827.0,5009,56104.0,32.0
132709.0,1101,68626.0,32.0
234076.0,3105,81110.0,32.0
188030.0,5203,57219.0,32.0
196246.0,2401,52108.0,32.0
209542.0,1405,100182.0,32.0
139959.0,0306,44818.0,32.0
210775.0,5203,67562.0,32.0
218964.0,5005,40948.0,32.0
145637.0,5005,49323.0,32.0
240329.0,5401,50745.0,32.0
209542.0,1423,94105.0,32.0
139959.0,0406,74983.0,32.0
209542.0,1434,72107.0,32.0
144892.0,2301,47222.0,32.0
167899.0,5123,69355.0,32.0
240277.0,2601,51038.0,32.0
106245.0,2301,45610.0,32.0
139861.0,1107,96335.0,32.0
147679.0,2601,55253.0,32.0
141264.0,5107,53281.0,32.0
144351.0,5202,54533.0,32.0
232566.0,5102,59207.0,32.0
209825.0,2703,77908.0,32.0
172051.0,2401,55558.0,32.0
227881.0,2701,61617.0,32.0
145813.0,5004,61628.0,32.0
440828.0,1405,100182.0,32.0
160977.0,4506,110880.0,32.0
148487.0,5214,57573.0,32.0
212106.0,5401,50090.0,32.0
174127.0,5007,32667.0,32.0
110714.0,4006,64499.0,32.0
163286.0,1499,92653.0,32.0
110608.0,2604,55096.0,32.0
196185.0,1101,69968.0,32.0
174127.0,1003,43745.0,32.0
186380.0,4512,59261.0,32.0
129020.0,5009,56104.0,32.0
175856.0,1409,89702.0,32.0
150400.0,2313,51983.0,32.0
440828.0,1423,94105.0,32.0
150677.0,4301,42932.0,32.0
169248.0,5007,40181.0,32.0
409698.0,1907,51118.0,32.0
129020.0,1609,63733.0,32.0
150163.0,5214,70154.0,32.0
227881.0,5007,39565.0,32.0
172264.0,0909,62530.0,32.0
147776.0,4510,60545.0,32.0
210146.0,1101,75596.0,32.0
207500.0,5005,47587.0,32.0
219259.0,3105,53484.0,32.0
186380.0,1301,59775.0,32.0
209825.0,5203,95686.0,32.0
219082.0,1108,42513.0,32.0
212133.0,4407,46324.0,32.0
159416.0,1107,80276.0,32.0
163338.0,4511,46314.0,32.0
173902.0,2601,56141.0,32.0
145619.0,1905,46788.0,32.0
145813.0,5009,54767.0,32.0
102377.0,2601,40867.0,32.0
440828.0,1434,72107.0,32.0
102094.0,1104,64455.0,32.0
217633.0,5214,53985.0,32.0
132903.0,0904,60887.0,32.0
240365.0,0907,49639.0,32.0
139861.0,4510,61009.0,32.0
207847.0,4301,51523.0,32.0
196200.0,2313,38562.0,32.0
240365.0,0909,60672.0,32.0
151388.0,2301,38061.0,32.0
169080.0,5203,75085.0,32.0
144740.0,0301,52622.0,32.0
102094.0,2301,51718.0,32.0
197911.0,5138,79283.0,32.0
189583.0,5138,89336.0,32.0
134130.0,2705,98409.0,32.0
145600.0,5123,54584.0,32.0
436827.0,1609,63733.0,32.0
175421.0,4228,45213.0,32.0
171137.0,4506,69884.0,32.0
112075.0,0901,56388.0,32.0
175342.0,4301,41908.0,32.0
134097.0,4005,66724.0,32.0
134097.0,4507,52537.0,32.0
189565.0,5138,89336.0,32.0
220075.0,5009,35707.0,32.0
183974.0,0105,40047.0,32.0
232706.0,5219,56160.0,32.0
167835.0,2601,63133.0,32.0
146612.0,5109,60515.0,31.0
228769.0,4006,65294.0,31.0
160612.0,1313,47307.0,31.0
160612.0,5208,62917.0,31.0
126580.0,3801,49909.0,31.0
160658.0,4511,43316.0,31.0
132903.0,4502,39319.0,31.0
209807.0,4509,56436.0,31.0
186283.0,2401,54724.0,31.0
156620.0,4005,52216.0,31.0
230782.0,1313,61085.0,31.0
221953.0,4201,37934.0,31.0
161086.0,4506,103491.0,31.0
230782.0,2401,60751.0,31.0
150604.0,3105,54636.0,31.0
192703.0,5203,92262.0,31.0
156620.0,1313,41893.0,31.0
110671.0,3099,54090.0,31.0
111948.0,5003,50612.0,31.0
110422.0,4599,57360.0,31.0
226833.0,0901,47651.0,31.0
151111.0,1409,95884.0,31.0
108092.0,5109,72074.0,31.0
133951.0,0909,65343.0,31.0
147703.0,1609,51151.0,31.0
210304.0,5107,58518.0,31.0
226471.0,0901,49545.0,31.0
150136.0,4502,44371.0,31.0
237011.0,3033,70793.0,31.0
171146.0,1107,95183.0,31.0
211291.0,1409,156885.0,31.0
187134.0,5122,66722.0,31.0
199281.0,1313,48370.0,31.0
100654.0,4201,42127.0,31.0
227216.0,4501,56026.0,31.0
209825.0,1408,89448.0,31.0
160621.0,5102,51611.0,31.0
436818.0,3105,73289.0,31.0
192864.0,5006,55285.0,31.0
436818.0,4005,84609.0,31.0
160630.0,1907,47390.0,31.0
110680.0,5099,64822.0,31.0
170037.0,3105,56231.0,31.0
133881.0,1409,106431.0,31.0
156365.0,1312,36564.0,31.0
436827.0,3105,73289.0,31.0
199218.0,5005,35956.0,31.0
180416.0,5212,58332.0,31.0
243780.0,1433,101108.0,31.0
210401.0,0301,54657.0,31.0
214175.0,5203,105494.0,31.0
498571.0,4507,49517.0,31.0
151111.0,1609,50700.0,31.0
490805.0,2401,51349.0,31.0
238476.0,5004,48431.0,31.0
110714.0,1003,58163.0,31.0
436827.0,4005,84609.0,31.0
138558.0,2601,46194.0,31.0
217749.0,3105,50422.0,31.0
142285.0,0402,62557.0,31.0
209551.0,4008,75160.0,31.0
187648.0,1312,51075.0,31.0
156082.0,5115,48327.0,31.0
231174.0,5007,53191.0,31.0
110097.0,3902,58569.0,31.0
149772.0,5401,47084.0,31.0
214175.0,4201,60778.0,31.0
110422.0,0403,80820.0,31.0
210739.0,5208,70430.0,31.0
181002.0,5107,79977.0,31.0
221838.0,2401,54249.0,31.0
159391.0,2401,43964.0,31.0
233277.0,5199,48566.0,31.0
139861.0,4301,52062.0,31.0
122597.0,2607,45722.0,31.0
224226.0,3105,49906.0,31.0
190600.0,4302,72228.0,31.0
182290.0,5202,59014.0,31.0
224226.0,5010,45369.0,31.0
217484.0,0302,72311.0,31.0
133553.0,4304,98996.0,31.0
217420.0,5401,46105.0,31.0
150136.0,5109,61584.0,31.0
163268.0,5401,56394.0,31.0
157951.0,5213,74452.0,31.0
122436.0,2301,68752.0,31.0
189705.0,4506,65757.0,31.0
100830.0,1101,55184.0,31.0
201441.0,0904,48803.0,31.0
120184.0,4201,63847.0,31.0
187985.0,1901,46421.0,31.0
172644.0,1503,96821.0,31.0
201548.0,5203,79157.0,31.0
182281.0,4502,40630.0,31.0
240426.0,2601,44617.0,31.0
162584.0,2601,55718.0,31.0
100706.0,3105,49270.0,31.0
122612.0,4510,72263.0,31.0
182290.0,0113,52481.0,31.0
150941.0,5138,71310.0,31.0
207971.0,5208,97533.0,31.0
201548.0,4511,48785.0,31.0
228459.0,0100,71237.0,31.0
231059.0,0901,59313.0,31.0
162654.0,4201,44901.0,31.0
157951.0,0409,71240.0,31.0
217961.0,4201,44498.0,31.0
440916.0,5102,51611.0,31.0
190567.0,1414,87804.0,31.0
190415.0,0110,84147.0,31.0
207500.0,5006,40097.0,31.0
237792.0,4407,48122.0,31.0
121309.0,1312,56198.0,31.0
148131.0,5213,58745.0,31.0
183044.0,4502,40510.0,31.0
163453.0,1408,88870.0,31.0
183044.0,5109,61787.0,31.0
141486.0,5202,56778.0,31.0
190372.0,1407,100191.0,31.0
207500.0,4901,91081.0,31.0
201441.0,4506,74844.0,31.0
190150.0,5099,46535.0,31.0
440828.0,2701,72318.0,31.0
110583.0,5102,75137.0,31.0
190415.0,2701,134455.0,31.0
100751.0,4509,55419.0,31.0
159416.0,5122,61423.0,31.0
200004.0,4510,52077.0,31.0
159009.0,3101,45159.0,31.0
225247.0,4201,47423.0,31.0
463056.0,3105,73289.0,31.0
230959.0,4509,92728.0,31.0
207582.0,3105,46214.0,31.0
100812.0,1310,47550.0,31.0
163338.0,1101,89918.0,31.0
131520.0,4301,55902.0,31.0
163912.0,2301,53504.0,31.0
236939.0,5220,107531.0,31.0
183239.0,4510,80763.0,31.0
182980.0,5107,56864.0,31.0
163286.0,0501,59469.0,31.0
170082.0,5401,47218.0,31.0
213358.0,4201,44709.0,31.0
110547.0,5299,75412.0,31.0
110529.0,1436,93042.0,31.0
363916.0,4407,26324.0,31.0
139959.0,1409,99739.0,31.0
117751.0,2401,47263.0,31.0
159993.0,4510,51722.0,31.0
492962.0,4301,47199.0,31.0
206695.0,5131,51687.0,31.0
132657.0,1003,36590.0,31.0
206914.0,4201,44045.0,31.0
132602.0,4301,46540.0,31.0
213598.0,5138,74652.0,31.0
212197.0,4407,54837.0,31.0
227368.0,5110,63426.0,31.0
188182.0,1312,47402.0,31.0
123961.0,5215,143977.0,31.0
363907.0,4407,26324.0,31.0
185262.0,5007,40213.0,31.0
131399.0,4510,66952.0,31.0
209542.0,2701,72318.0,31.0
160038.0,1506,74209.0,31.0
160038.0,3105,51722.0,31.0
170082.0,1410,100456.0,31.0
157058.0,5201,42392.0,31.0
125897.0,5202,77992.0,31.0
232557.0,4509,71436.0,31.0
171146.0,5208,68826.0,31.0
238032.0,5106,76662.0,31.0
217305.0,1503,93997.0,31.0
181330.0,3105,45969.0,31.0
206622.0,1312,40443.0,31.0
172699.0,5131,56449.0,31.0
164924.0,5207,132903.0,31.0
100858.0,5107,74392.0,31.0
159966.0,2601,45142.0,31.0
100858.0,0305,64704.0,31.0
184773.0,4301,56472.0,31.0
240417.0,5131,59392.0,31.0
209065.0,4201,53493.0,31.0
436836.0,4005,84609.0,31.0
170082.0,3001,45090.0,31.0
181783.0,1506,68431.0,31.0
133553.0,1409,105527.0,31.0
119058.0,4509,92728.0,31.0
226091.0,1410,103037.0,31.0
225627.0,3105,50871.0,31.0
212009.0,4201,58706.0,31.0
209056.0,0901,53026.0,31.0
157401.0,1513,58862.0,31.0
208822.0,4201,54568.0,31.0
110547.0,2701,68900.0,31.0
164447.0,5202,57903.0,31.0
190725.0,5100,51458.0,31.0
181464.0,5005,44825.0,31.0
436836.0,3105,73289.0,31.0
157386.0,1515,85181.0,31.0
181464.0,4506,75784.0,31.0
213543.0,1101,116999.0,31.0
117946.0,2601,80317.0,31.0
211583.0,4201,47591.0,31.0
190983.0,4400,49723.0,31.0
147703.0,5005,36777.0,31.0
206941.0,1419,88188.0,31.0
110538.0,1609,56144.0,31.0
217536.0,5203,76599.0,31.0
191126.0,5007,39930.0,31.0
201195.0,4301,59020.0,31.0
131469.0,1101,93692.0,31.0
155681.0,4407,53878.0,31.0
490805.0,2301,34560.0,31.0
463056.0,4005,84609.0,31.0
202480.0,1508,80475.0,31.0
240189.0,5009,45306.0,31.0
215442.0,0907,49951.0,31.0
104717.0,2314,36986.0,31.0
195164.0,3105,55838.0,31.0
136215.0,5208,66302.0,31.0
169798.0,0909,59927.0,31.0
134097.0,5006,46180.0,31.0
204264.0,4201,48001.0,31.0
243346.0,1312,30067.0,31.0
105330.0,0904,57868.0,31.0
137351.0,5005,45671.0,31.0
243221.0,5202,33833.0,31.0
240189.0,4005,58170.0,31.0
204839.0,4005,54576.0,31.0
178387.0,5203,60025.0,31.0
154712.0,3906,36829.0,31.0
143118.0,1107,90089.0,31.0
153603.0,0406,61364.0,31.0
204635.0,1408,79673.0,31.0
214777.0,4502,50640.0,31.0
106485.0,2401,51193.0,31.0
204635.0,5138,83157.0,31.0
480198.0,5107,58518.0,31.0
204635.0,5203,84916.0,31.0
178059.0,5203,70344.0,31.0
214777.0,5004,58105.0,31.0
234827.0,5005,33800.0,31.0
105330.0,5005,38380.0,31.0
104586.0,4304,98996.0,31.0
242662.0,5210,49709.0,31.0
130794.0,1101,188157.0,31.0
168148.0,0501,69037.0,31.0
150136.0,5212,78566.0,31.0
199139.0,1502,75611.0,31.0
229179.0,5003,53072.0,31.0
107044.0,5202,62025.0,31.0
242626.0,4407,21904.0,31.0
219709.0,2301,46342.0,31.0
149781.0,4201,49974.0,31.0
234076.0,1405,109551.0,31.0
169798.0,3015,90551.0,31.0
198613.0,4301,54209.0,31.0
104179.0,0113,41591.0,31.0
151962.0,1203,67172.0,31.0
199120.0,5005,41362.0,31.0
217059.0,1107,100044.0,31.0
199111.0,5401,38565.0,31.0
153269.0,4510,67257.0,31.0
204848.0,4005,54576.0,31.0
104179.0,2605,55784.0,31.0
148627.0,1312,58097.0,31.0
129525.0,5138,104301.0,31.0
217059.0,0901,46976.0,31.0
204024.0,5206,101674.0,31.0
234076.0,4005,68174.0,31.0
106704.0,5401,41043.0,31.0
166629.0,0103,42520.0,31.0
104586.0,1409,105527.0,31.0
136172.0,4506,75014.0,31.0
204185.0,2601,61213.0,31.0
129215.0,4504,52942.0,31.0
482149.0,2601,65163.0,31.0
167835.0,0502,46136.0,31.0
196015.0,5299,48056.0,31.0
196130.0,1503,82242.0,31.0
196121.0,5122,48099.0,31.0
216852.0,5208,78817.0,31.0
220613.0,1313,46573.0,31.0
153825.0,4407,50789.0,31.0
196112.0,5107,62288.0,31.0
173647.0,2601,54202.0,31.0
239318.0,1407,81935.0,31.0
240480.0,5131,56618.0,31.0
106458.0,4407,47449.0,31.0
176318.0,2601,33981.0,31.0
229027.0,1405,77774.0,31.0
176372.0,0901,45161.0,31.0
196097.0,5007,34904.0,31.0
130943.0,1414,76631.0,31.0
106397.0,5009,46352.0,31.0
215114.0,4407,45729.0,31.0
204802.0,4005,54576.0,31.0
196097.0,1601,64547.0,31.0
234827.0,0901,56862.0,31.0
215062.0,2615,78295.0,31.0
216852.0,4299,79923.0,31.0
240374.0,2301,34689.0,31.0
240480.0,5004,46377.0,31.0
243197.0,1511,58122.0,31.0
220631.0,3105,58231.0,31.0
106397.0,5211,71486.0,31.0
228875.0,5213,114822.0,31.0
169248.0,5213,77768.0,31.0
129020.0,3105,73289.0,31.0
166939.0,2301,48984.0,31.0
129020.0,4005,84609.0,31.0
178059.0,5100,74114.0,31.0
195544.0,1110,71364.0,31.0
196176.0,5214,64993.0,31.0
136950.0,5009,45910.0,31.0
178059.0,1312,39331.0,31.0
177968.0,5107,69956.0,31.0
167783.0,4407,62992.0,31.0
101879.0,4227,33565.0,31.0
106245.0,1312,44978.0,31.0
151324.0,5202,67478.0,31.0
196176.0,2301,45024.0,31.0
204820.0,4005,54576.0,31.0
176017.0,4510,65925.0,31.0
137032.0,1110,52934.0,31.0
173902.0,4507,52557.0,31.0
196167.0,1312,54725.0,31.0
167729.0,5001,32484.0,31.0
482936.0,1409,92109.0,31.0
196158.0,1310,55441.0,31.0
229027.0,5215,62817.0,31.0
195720.0,3105,56069.0,31.0
144281.0,3099,49593.0,31.0
148654.0,2301,48196.0,31.0
151360.0,1107,49084.0,31.0
234155.0,4511,40432.0,31.0
169248.0,5109,52311.0,31.0
177542.0,5202,48374.0,31.0
107044.0,5208,71203.0,31.0
199120.0,2401,72422.0,31.0
178420.0,4511,39878.0,31.0
241386.0,4407,26324.0,31.0
228778.0,5005,48781.0,31.0
198516.0,4510,89685.0,31.0
231581.0,2401,51160.0,31.0
145619.0,5213,85904.0,31.0
193292.0,5005,34822.0,31.0
155317.0,1425,97527.0,31.0
169910.0,1907,45052.0,31.0
243780.0,0102,73393.0,31.0
204866.0,4005,54576.0,31.0
178624.0,2601,57564.0,31.0
241377.0,4407,26324.0,31.0
151263.0,5203,78477.0,31.0
221759.0,1423,99139.0,31.0
147767.0,2701,107072.0,31.0
165936.0,1312,48928.0,31.0
217059.0,5109,77358.0,31.0
145600.0,4006,61206.0,31.0
102368.0,0901,47978.0,31.0
198136.0,1110,68578.0,31.0
179159.0,1301,42112.0,31.0
243665.0,5138,94239.0,31.0
168528.0,5202,69654.0,31.0
219383.0,4301,62792.0,31.0
202134.0,4005,63541.0,31.0
193353.0,5401,63174.0,31.0
243601.0,5131,44851.0,31.0
197133.0,2301,60461.0,31.0
130590.0,2301,68063.0,31.0
173300.0,1609,53732.0,31.0
127185.0,2301,41653.0,31.0
216010.0,2313,43607.0,31.0
145336.0,5107,53227.0,31.0
179557.0,1310,41163.0,31.0
204857.0,4005,54576.0,31.0
152600.0,2601,61072.0,31.0
235316.0,2301,59151.0,31.0
174075.0,0111,59240.0,31.0
216038.0,2601,55033.0,31.0
221759.0,4006,50202.0,31.0
155399.0,5201,70601.0,31.0
144962.0,4301,49480.0,31.0
168263.0,5007,43248.0,31.0
230171.0,1312,57758.0,31.0
219471.0,4510,61362.0,31.0
194091.0,5209,59490.0,31.0
219259.0,2601,70545.0,31.0
240268.0,4506,69435.0,31.0
214689.0,5004,58105.0,31.0
155399.0,5102,61621.0,31.0
152600.0,5202,78163.0,31.0
216339.0,2401,50536.0,31.0
127565.0,1502,86131.0,31.0
152099.0,4301,62595.0,31.0
142461.0,1312,45537.0,31.0
151290.0,4301,47199.0,31.0
174783.0,5122,50932.0,31.0
486840.0,5005,38348.0,31.0
197869.0,0110,53369.0,31.0
168430.0,5199,54245.0,31.0
176035.0,5102,49488.0,30.0
237011.0,1313,63072.0,30.0
160755.0,1609,79925.0,30.0
209807.0,5009,34160.0,30.0
236948.0,1108,71462.0,30.0
226471.0,4407,49816.0,30.0
203085.0,5100,51684.0,30.0
149222.0,4706,78712.0,30.0
196158.0,1104,77409.0,30.0
183275.0,2401,54805.0,30.0
100751.0,2701,77899.0,30.0
186432.0,5203,72212.0,30.0
204796.0,0406,65828.0,30.0
170639.0,4301,58286.0,30.0
174358.0,5220,93431.0,30.0
197869.0,5211,72852.0,30.0
196176.0,5102,60112.0,30.0
215284.0,2701,56143.0,30.0
174358.0,5208,67054.0,30.0
428259.0,4201,43959.0,30.0
197869.0,5005,44986.0,30.0
151360.0,5106,67468.0,30.0
207582.0,0901,39535.0,30.0
207582.0,4201,49447.0,30.0
186584.0,0909,70802.0,30.0
144351.0,5210,72050.0,30.0
200800.0,5007,36233.0,30.0
149772.0,5107,56771.0,30.0
200217.0,4201,60331.0,30.0
227216.0,4506,66040.0,30.0
210429.0,1616,48295.0,30.0
199069.0,5203,59952.0,30.0
100654.0,4407,47121.0,30.0
130943.0,5110,84376.0,30.0
240365.0,5210,67766.0,30.0
228149.0,4201,41580.0,30.0
198419.0,1307,79640.0,30.0
196097.0,1407,88593.0,30.0
196097.0,1401,87517.0,30.0
134079.0,2601,58782.0,30.0
139658.0,2313,54848.0,30.0
198419.0,2615,73140.0,30.0
159009.0,1313,44665.0,30.0
196088.0,4502,44274.0,30.0
100812.0,2301,47773.0,30.0
169363.0,5208,63594.0,30.0
226833.0,5214,55986.0,30.0
440916.0,1901,48596.0,30.0
186283.0,5211,69451.0,30.0
215062.0,2601,68435.0,30.0
228246.0,1107,126590.0,30.0
200800.0,2401,41900.0,30.0
151263.0,5122,55147.0,30.0
240426.0,4201,44116.0,30.0
230038.0,5109,45018.0,30.0
216852.0,1312,54136.0,30.0
100812.0,5299,63342.0,30.0
122409.0,2705,83076.0,30.0
207388.0,2607,42474.0,30.0
174233.0,1609,57886.0,30.0
111948.0,1107,112780.0,30.0
112075.0,3017,46098.0,30.0
110583.0,1503,72251.0,30.0
186380.0,5004,57313.0,30.0
225414.0,5212,73352.0,30.0
161226.0,5115,42513.0,30.0
171137.0,2301,49421.0,30.0
210401.0,0901,70412.0,30.0
216278.0,5214,82070.0,30.0
230038.0,1409,133111.0,30.0
207500.0,4004,63104.0,30.0
134608.0,4404,56032.0,30.0
243115.0,5202,30948.0,30.0
167729.0,1101,92380.0,30.0
161004.0,0501,75966.0,30.0
240727.0,5401,53868.0,30.0
152336.0,5202,70794.0,30.0
220613.0,1399,42329.0,30.0
217819.0,1104,93285.0,30.0
139719.0,1901,38345.0,30.0
176080.0,2401,41446.0,30.0
212601.0,1419,82856.0,30.0
176318.0,0904,41398.0,30.0
219347.0,1101,95639.0,30.0
153834.0,2301,46116.0,30.0
134130.0,4302,97839.0,30.0
225414.0,2301,57052.0,30.0
161217.0,1101,60683.0,30.0
173920.0,1506,83115.0,30.0
139931.0,1905,52038.0,30.0
230728.0,2705,86262.0,30.0
484473.0,4302,97839.0,30.0
104179.0,1402,86529.0,30.0
160621.0,1901,48596.0,30.0
144892.0,1310,47566.0,30.0
236948.0,5102,80947.0,30.0
234030.0,5106,78231.0,30.0
188030.0,5006,37880.0,30.0
198756.0,3105,44678.0,30.0
229115.0,5005,30074.0,30.0
129774.0,3105,45446.0,30.0
498571.0,4511,42662.0,30.0
132471.0,5109,134968.0,30.0
230171.0,5106,48576.0,30.0
229115.0,4502,42913.0,30.0
174020.0,2313,59779.0,30.0
186131.0,1107,217973.0,30.0
144740.0,5401,48857.0,30.0
129525.0,5007,44735.0,30.0
186131.0,1409,214274.0,30.0
110644.0,2703,65508.0,30.0
161554.0,5401,42778.0,30.0
229115.0,4005,70673.0,30.0
174914.0,5213,108187.0,30.0
231165.0,0901,47035.0,30.0
163912.0,2601,66097.0,30.0
209506.0,1408,76642.0,30.0
198695.0,5210,61780.0,30.0
168148.0,1419,101196.0,30.0
229115.0,2605,69628.0,30.0
201177.0,5138,83232.0,30.0
198561.0,4201,49587.0,30.0
211088.0,4504,47772.0,30.0
211273.0,2301,38040.0,30.0
486901.0,3105,55866.0,30.0
240444.0,2705,99210.0,30.0
219000.0,2601,67630.0,30.0
104151.0,3101,52355.0,30.0
217688.0,1313,48154.0,30.0
196413.0,4400,68314.0,30.0
110671.0,2604,65813.0,30.0
139959.0,1445,93156.0,30.0
230603.0,1901,36654.0,30.0
185572.0,5401,63947.0,30.0
236948.0,5213,95193.0,30.0
135726.0,2200,99836.0,30.0
171100.0,2705,93930.0,30.0
234076.0,1409,148175.0,30.0
185262.0,5211,64878.0,30.0
219709.0,3105,40606.0,30.0
219709.0,4201,52172.0,30.0
160038.0,1313,51672.0,30.0
117168.0,1003,38850.0,30.0
139959.0,1414,81604.0,30.0
160038.0,0901,37273.0,30.0
168148.0,2301,69475.0,30.0
144740.0,5007,37085.0,30.0
204185.0,4301,55751.0,30.0
171128.0,2701,73271.0,30.0
234076.0,5102,70141.0,30.0
145637.0,4502,43554.0,30.0
242705.0,2601,36882.0,30.0
105330.0,2701,54149.0,30.0
136774.0,5007,36346.0,30.0
174066.0,4512,62807.0,30.0
439701.0,3906,54618.0,30.0
129242.0,4510,83709.0,30.0
184348.0,4201,65997.0,30.0
234085.0,1107,94397.0,30.0
237367.0,4510,54360.0,30.0
161253.0,1107,99413.0,30.0
227845.0,4510,63504.0,30.0
162654.0,5202,65402.0,30.0
215293.0,2701,56143.0,30.0
159647.0,4510,51222.0,30.0
207865.0,3105,45982.0,30.0
237011.0,0501,40623.0,30.0
169080.0,4407,49811.0,30.0
230995.0,5220,76175.0,30.0
100663.0,2701,57453.0,30.0
186201.0,1101,115174.0,30.0
207856.0,3105,46137.0,30.0
171571.0,4303,63858.0,30.0
163204.0,2401,48298.0,30.0
234085.0,4201,75059.0,30.0
162584.0,4510,57770.0,30.0
162584.0,1107,83990.0,30.0
161572.0,2607,39302.0,30.0
215293.0,5199,60864.0,30.0
161873.0,2299,48988.0,30.0
161253.0,1410,100593.0,30.0
219833.0,4201,50180.0,30.0
174020.0,1313,48948.0,30.0
219833.0,5201,59892.0,30.0
204194.0,1312,38001.0,30.0
102614.0,5202,70539.0,30.0
209065.0,1312,52429.0,30.0
210739.0,5005,42571.0,30.0
174020.0,1101,85000.0,30.0
483124.0,3101,52355.0,30.0
204200.0,3105,49004.0,30.0
132408.0,3906,42322.0,30.0
110680.0,4512,71380.0,30.0
171100.0,5007,50098.0,30.0
240268.0,5401,42806.0,30.0
208822.0,5007,42759.0,30.0
145336.0,1312,46895.0,30.0
184612.0,2601,74746.0,30.0
151786.0,4201,53635.0,30.0
174783.0,3103,54302.0,30.0
131520.0,5212,103478.0,30.0
204264.0,5138,78994.0,30.0
152992.0,5202,63150.0,30.0
227845.0,1107,87890.0,30.0
190558.0,5401,63071.0,30.0
145637.0,2313,44004.0,30.0
196079.0,2602,64737.0,30.0
142285.0,1907,46758.0,30.0
236595.0,4510,63443.0,30.0
180489.0,5203,61408.0,30.0
110529.0,4502,37443.0,30.0
172699.0,1609,37013.0,30.0
131113.0,2401,52547.0,30.0
157216.0,5138,69656.0,30.0
199607.0,5202,68431.0,30.0
127741.0,4005,65414.0,30.0
206084.0,5007,33409.0,30.0
110361.0,4404,75949.0,30.0
230782.0,2313,50847.0,30.0
221838.0,5107,53231.0,30.0
151102.0,2301,38113.0,30.0
192703.0,1310,83932.0,30.0
173124.0,1506,76882.0,30.0
234979.0,1110,81742.0,30.0
125727.0,3105,56878.0,30.0
204839.0,5109,51652.0,30.0
157085.0,5010,49167.0,30.0
166629.0,2605,66642.0,30.0
213826.0,5131,56476.0,30.0
106704.0,5006,37484.0,30.0
489779.0,0907,51391.0,30.0
164632.0,2401,37411.0,30.0
164632.0,5100,65018.0,30.0
240471.0,2301,51089.0,30.0
181464.0,0102,74003.0,30.0
221759.0,1435,107093.0,30.0
106485.0,5212,55650.0,30.0
123554.0,4201,70123.0,30.0
152381.0,5138,71970.0,30.0
199193.0,4502,45890.0,30.0
154350.0,4201,49966.0,30.0
240417.0,5123,51545.0,30.0
131283.0,0901,73073.0,30.0
238661.0,0901,54257.0,30.0
195526.0,2301,51029.0,30.0
206941.0,5004,53927.0,30.0
221838.0,1904,42524.0,30.0
201654.0,1312,43308.0,30.0
100858.0,4506,72617.0,30.0
234827.0,5009,51008.0,30.0
206084.0,2401,34428.0,30.0
179326.0,3105,58770.0,30.0
142328.0,5203,59869.0,30.0
220978.0,1909,45225.0,30.0
166683.0,1402,114620.0,30.0
154527.0,5203,89696.0,30.0
169798.0,0301,54315.0,30.0
181464.0,2602,64521.0,30.0
217165.0,5210,76241.0,30.0
213543.0,5202,98481.0,30.0
206914.0,5203,59406.0,30.0
106485.0,5202,49718.0,30.0
236595.0,0901,57599.0,30.0
213987.0,5122,54182.0,30.0
239105.0,2313,62473.0,30.0
142285.0,1905,60241.0,30.0
156541.0,1312,40093.0,30.0
206613.0,3099,42817.0,30.0
172699.0,5219,46543.0,30.0
126562.0,1405,86190.0,30.0
218663.0,4502,42758.0,30.0
126614.0,2701,90635.0,30.0
217305.0,1002,46996.0,30.0
164988.0,4228,51086.0,30.0
206589.0,5401,48903.0,30.0
156541.0,5138,94183.0,30.0
151306.0,5401,52002.0,30.0
221731.0,1312,46925.0,30.0
155061.0,5203,63148.0,30.0
214157.0,5100,64503.0,30.0
155025.0,5214,55527.0,30.0
101480.0,5009,47582.0,30.0
206604.0,5007,34704.0,30.0
178411.0,1406,80332.0,30.0
243443.0,5214,30178.0,30.0
151111.0,1405,88435.0,30.0
206604.0,3099,42817.0,30.0
107044.0,3902,48762.0,30.0
236328.0,4513,48940.0,30.0
204848.0,5109,51652.0,30.0
178420.0,1410,96083.0,30.0
217059.0,1312,49654.0,30.0
454582.0,4201,43959.0,30.0
221999.0,4201,71584.0,30.0
178396.0,2701,81518.0,30.0
206695.0,1435,86340.0,30.0
218663.0,4005,58462.0,30.0
213996.0,1313,54115.0,30.0
228723.0,3801,54822.0,30.0
243346.0,5214,32225.0,30.0
204857.0,5109,51652.0,30.0
218414.0,4201,41585.0,30.0
446048.0,4201,49235.0,30.0
138901.0,5202,48543.0,30.0
231651.0,5210,61752.0,30.0
492801.0,2601,49387.0,30.0
142276.0,4511,32182.0,30.0
164748.0,5003,35702.0,30.0
181394.0,2301,48296.0,30.0
191649.0,1312,67847.0,30.0
137546.0,3105,61974.0,30.0
231581.0,2601,58732.0,30.0
146612.0,5210,76485.0,30.0
172699.0,5003,45108.0,30.0
178402.0,1312,41228.0,30.0
138868.0,4228,40621.0,30.0
240462.0,5203,68982.0,30.0
155025.0,4301,48574.0,30.0
133951.0,5005,33896.0,30.0
178059.0,5199,76311.0,30.0
172699.0,1435,92306.0,30.0
204820.0,5109,51652.0,30.0
199102.0,5004,46077.0,30.0
176965.0,5219,46797.0,30.0
151111.0,4304,55988.0,30.0
196015.0,4303,63759.0,30.0
110565.0,2613,53518.0,30.0
230852.0,1312,43734.0,30.0
221768.0,1901,39914.0,30.0
204802.0,5109,51652.0,30.0
204866.0,5109,51652.0,30.0
122612.0,0301,53369.0,30.0
101879.0,4511,33810.0,30.0
177144.0,4201,37472.0,30.0
182290.0,2701,70681.0,30.0
182290.0,2605,66355.0,30.0
234827.0,1907,54858.0,30.0
137209.0,1501,76753.0,30.0
177214.0,2601,49387.0,30.0
190637.0,5401,61512.0,30.0
123554.0,3105,66265.0,30.0
243780.0,1414,78770.0,30.0
169983.0,1407,103868.0,30.0
238616.0,5208,63594.0,30.0
106467.0,1101,70588.0,30.0
195809.0,1313,78215.0,30.0
151263.0,5208,86923.0,30.0
237969.0,5138,80901.0,30.0
155627.0,4201,43959.0,30.0
141565.0,4511,39582.0,30.0
176965.0,5102,55753.0,30.0
182281.0,4404,72433.0,30.0
169910.0,5007,39165.0,30.0
196060.0,4502,47095.0,30.0
147828.0,1313,48009.0,30.0
190567.0,2703,66754.0,30.0
155681.0,1901,34318.0,30.0
224545.0,4301,42676.0,30.0
101693.0,5202,40469.0,30.0
139630.0,5202,43435.0,30.0
214883.0,1101,65881.0,30.0
224323.0,2601,53322.0,30.0
137078.0,0302,48190.0,30.0
377555.0,5213,95193.0,30.0
230764.0,5005,49802.0,30.0
179566.0,5100,65127.0,30.0
167288.0,4511,44136.0,30.0
205443.0,5007,34215.0,30.0
204936.0,1312,47383.0,30.0
179894.0,5004,40397.0,30.0
199193.0,1505,66491.0,30.0
176965.0,1110,84428.0,30.0
155636.0,4201,43959.0,30.0
154022.0,4502,41266.0,30.0
138354.0,2601,48576.0,30.0
233295.0,4201,53687.0,30.0
128498.0,4402,62035.0,30.0
498562.0,1616,59134.0,30.0
201548.0,1312,46055.0,30.0
164076.0,4509,57498.0,30.0
243780.0,5401,53708.0,30.0
177940.0,3401,45788.0,30.0
190664.0,3105,62602.0,30.0
177940.0,2401,40887.0,30.0
217420.0,5100,50854.0,30.0
464226.0,4201,43959.0,30.0
207263.0,2301,38731.0,30.0
482149.0,4511,37769.0,30.0
138354.0,5203,50908.0,30.0
207263.0,1901,40275.0,30.0
165334.0,4599,45710.0,30.0
128106.0,1104,63994.0,30.0
243221.0,1107,54102.0,30.0
202480.0,4301,60583.0,30.0
441982.0,1401,135136.0,30.0
377555.0,1108,71462.0,30.0
199962.0,0909,54129.0,30.0
164173.0,2601,56451.0,30.0
126775.0,2703,98190.0,30.0
207041.0,5203,66711.0,30.0
199962.0,1312,50391.0,30.0
243780.0,2301,52053.0,30.0
154350.0,1313,49696.0,30.0
166850.0,1419,85545.0,30.0
164216.0,4506,75674.0,30.0
228802.0,5201,59459.0,30.0
230807.0,5208,91967.0,30.0
181783.0,2601,58609.0,30.0
202480.0,3020,68196.0,30.0
128106.0,1502,76532.0,30.0
207041.0,2601,49124.0,30.0
110097.0,3023,41492.0,30.0
147767.0,2601,71181.0,30.0
149222.0,4302,108135.0,29.0
169983.0,1107,106638.0,29.0
115755.0,5401,42119.0,29.0
139959.0,1906,69818.0,29.0
178420.0,1419,84087.0,29.0
131159.0,0901,67863.0,29.0
238333.0,4502,29754.0,29.0
216339.0,2602,80364.0,29.0
216010.0,2301,41226.0,29.0
161226.0,5123,48191.0,29.0
171128.0,5110,69388.0,29.0
215947.0,5210,65388.0,29.0
161299.0,5202,123155.0,29.0
127565.0,1601,50926.0,29.0
179867.0,5214,100489.0,29.0
171100.0,2613,55159.0,29.0
181002.0,5203,95837.0,29.0
241410.0,4301,23351.0,29.0
243586.0,4301,23351.0,29.0
137564.0,4301,48343.0,29.0
243780.0,1902,69246.0,29.0
243744.0,3015,107375.0,29.0
126614.0,1414,82020.0,29.0
242617.0,5203,20245.0,29.0
226833.0,1419,87160.0,29.0
219046.0,1310,48332.0,29.0
217235.0,1409,95371.0,29.0
133881.0,1107,91606.0,29.0
238661.0,1312,48946.0,29.0
436827.0,0502,48810.0,29.0
240277.0,5107,57471.0,29.0
168430.0,2401,55273.0,29.0
168528.0,2601,63816.0,29.0
226383.0,3105,61286.0,29.0
179566.0,1310,40846.0,29.0
179557.0,5001,33293.0,29.0
174066.0,3101,53854.0,29.0
237011.0,5211,63923.0,29.0
217819.0,5005,44991.0,29.0
238458.0,4301,51960.0,29.0
138558.0,0106,52757.0,29.0
221838.0,5203,69414.0,29.0
179557.0,5214,61400.0,29.0
180461.0,0111,45392.0,29.0
173300.0,1313,51840.0,29.0
219383.0,1312,44735.0,29.0
216278.0,5203,92279.0,29.0
168546.0,0901,54300.0,29.0
218645.0,4201,45163.0,29.0
174491.0,0907,50708.0,29.0
181002.0,1101,104314.0,29.0
174075.0,5208,69866.0,29.0
243780.0,5131,59649.0,29.0
217749.0,5138,74085.0,29.0
169798.0,5209,51874.0,29.0
217059.0,5209,64754.0,29.0
127556.0,1101,96708.0,29.0
127185.0,5214,56044.0,29.0
165866.0,2601,59676.0,29.0
174491.0,1312,45195.0,29.0
180948.0,3199,46183.0,29.0
149781.0,4509,65230.0,29.0
180489.0,4510,47341.0,29.0
174783.0,5007,47619.0,29.0
135081.0,1109,56991.0,29.0
221740.0,5401,50756.0,29.0
214704.0,5005,44913.0,29.0
126818.0,0305,62919.0,29.0
169798.0,5219,51020.0,29.0
221759.0,0405,65144.0,29.0
167996.0,5202,79796.0,29.0
117104.0,3017,47612.0,29.0
127918.0,5201,75857.0,29.0
409698.0,3020,61480.0,29.0
163338.0,5123,51554.0,29.0
216597.0,5215,131911.0,29.0
120883.0,5102,77549.0,29.0
213358.0,5138,92902.0,29.0
213358.0,5199,51817.0,29.0
167783.0,0901,71138.0,29.0
220516.0,1312,44219.0,29.0
170082.0,4502,42796.0,29.0
225432.0,2701,62576.0,29.0
220215.0,4407,40833.0,29.0
164216.0,4201,44955.0,29.0
243142.0,4228,26214.0,29.0
183239.0,1312,56049.0,29.0
213400.0,1312,35489.0,29.0
131496.0,2701,127760.0,29.0
214777.0,5005,44913.0,29.0
223232.0,5004,63522.0,29.0
217882.0,1601,52044.0,29.0
220075.0,5004,41449.0,29.0
139861.0,5007,37109.0,29.0
139250.0,3000,46511.0,29.0
178208.0,3902,44420.0,29.0
136950.0,2301,55912.0,29.0
243221.0,3099,26341.0,29.0
175421.0,3902,48516.0,29.0
129242.0,4506,120303.0,29.0
243221.0,4507,31499.0,29.0
178341.0,0901,41771.0,29.0
172699.0,1513,84622.0,29.0
150066.0,4407,51748.0,29.0
239309.0,2401,50109.0,29.0
174817.0,4301,79464.0,29.0
128902.0,0501,60749.0,29.0
216852.0,1407,91145.0,29.0
139658.0,0501,75205.0,29.0
149222.0,5123,41835.0,29.0
163912.0,4510,72397.0,29.0
224554.0,2301,46615.0,29.0
176947.0,2601,46344.0,29.0
139463.0,5214,64649.0,29.0
128771.0,4510,60678.0,29.0
122409.0,2701,57999.0,29.0
122597.0,1409,94129.0,29.0
218663.0,5215,84558.0,29.0
243188.0,5204,21535.0,29.0
239390.0,4201,45377.0,29.0
237899.0,4407,41571.0,29.0
169716.0,1419,104683.0,29.0
213349.0,4510,58347.0,29.0
176372.0,1506,89904.0,29.0
122597.0,4407,68524.0,29.0
163462.0,0901,57669.0,29.0
163453.0,5214,56767.0,29.0
176080.0,5220,94068.0,29.0
129020.0,0502,48810.0,29.0
213349.0,1313,49665.0,29.0
121150.0,4510,75954.0,29.0
217907.0,4504,41738.0,29.0
137209.0,5004,51719.0,29.0
182281.0,5401,39477.0,29.0
182281.0,5009,55161.0,29.0
220598.0,1313,40707.0,29.0
177339.0,3907,44988.0,29.0
170976.0,1414,84973.0,29.0
243106.0,1505,29899.0,29.0
167987.0,5001,38676.0,29.0
211440.0,1408,105199.0,29.0
222178.0,1312,51334.0,29.0
239105.0,0904,63322.0,29.0
242662.0,2601,33156.0,29.0
211468.0,5138,84041.0,29.0
184782.0,5138,97116.0,29.0
221999.0,5009,59217.0,29.0
168847.0,1107,80179.0,29.0
149772.0,1901,54059.0,29.0
137564.0,3906,44106.0,29.0
242653.0,5202,39523.0,29.0
217305.0,1108,60524.0,29.0
217633.0,4400,42718.0,29.0
134130.0,0301,62683.0,29.0
117627.0,4407,69244.0,29.0
174066.0,0111,52707.0,29.0
237367.0,1508,75569.0,29.0
185262.0,4510,40805.0,29.0
436818.0,0502,48810.0,29.0
138716.0,4201,41153.0,29.0
149231.0,3000,55110.0,29.0
238193.0,2401,53631.0,29.0
149231.0,4507,75877.0,29.0
243443.0,5202,35058.0,29.0
214069.0,5109,79580.0,29.0
178402.0,5401,49096.0,29.0
126562.0,5401,53686.0,29.0
243832.0,5203,34215.0,29.0
215798.0,2601,62726.0,29.0
214157.0,4201,55931.0,29.0
168218.0,4227,52538.0,29.0
126076.0,3802,38872.0,29.0
178396.0,5006,49192.0,29.0
220978.0,5207,45464.0,29.0
132471.0,4201,44016.0,29.0
149772.0,2301,41984.0,29.0
181464.0,0100,52997.0,29.0
220978.0,3020,49637.0,29.0
136330.0,5202,59081.0,29.0
125727.0,2301,58459.0,29.0
222831.0,5007,34802.0,29.0
213826.0,2601,57765.0,29.0
217518.0,2613,51857.0,29.0
433660.0,0907,43420.0,29.0
139144.0,5138,83008.0,29.0
200800.0,1409,96791.0,29.0
240417.0,4501,47074.0,29.0
242705.0,1419,63291.0,29.0
161873.0,4400,58117.0,29.0
175078.0,4201,47249.0,29.0
433660.0,1414,78238.0,29.0
242705.0,1109,29382.0,29.0
215442.0,4301,47830.0,29.0
138947.0,4407,54657.0,29.0
212009.0,0301,54597.0,29.0
240480.0,1609,45341.0,29.0
127741.0,1313,47303.0,29.0
178396.0,1313,45263.0,29.0
184782.0,0301,56205.0,29.0
118693.0,5203,93619.0,29.0
242662.0,5203,33888.0,29.0
217013.0,0183,41954.0,29.0
218724.0,1104,77999.0,29.0
172699.0,4507,49921.0,29.0
172608.0,1101,91273.0,29.0
186584.0,3801,70628.0,29.0
441900.0,5401,57600.0,29.0
207661.0,4501,36888.0,29.0
202170.0,5006,43661.0,29.0
204820.0,4901,99701.0,29.0
196176.0,5203,67626.0,29.0
100751.0,5109,53616.0,29.0
227881.0,1905,50512.0,29.0
233426.0,5401,41210.0,29.0
202480.0,1409,116356.0,29.0
204820.0,5005,42796.0,29.0
110316.0,3099,59036.0,29.0
159647.0,0904,41220.0,29.0
206604.0,5212,85393.0,29.0
236948.0,1405,100930.0,29.0
146427.0,2601,53231.0,29.0
227863.0,2601,43542.0,29.0
141264.0,2301,41622.0,29.0
195526.0,4201,47282.0,29.0
110495.0,5007,41072.0,29.0
206622.0,4301,60615.0,29.0
157058.0,1313,34522.0,29.0
228705.0,1404,70912.0,29.0
197197.0,4201,58724.0,29.0
159391.0,5009,47521.0,29.0
190150.0,1437,167572.0,29.0
206695.0,1502,78450.0,29.0
148654.0,2601,59817.0,29.0
207500.0,5007,39106.0,29.0
141264.0,5204,60715.0,29.0
191630.0,4201,59317.0,29.0
200004.0,5122,61698.0,29.0
190150.0,0501,96884.0,29.0
152673.0,4510,74061.0,29.0
228653.0,5109,80720.0,29.0
196167.0,5401,49551.0,29.0
484905.0,4301,49534.0,29.0
145637.0,1423,116047.0,29.0
227845.0,5211,74059.0,29.0
189705.0,0907,39148.0,29.0
203757.0,5202,50958.0,29.0
202763.0,1505,94131.0,29.0
230038.0,5131,18314.0,29.0
236230.0,2601,53077.0,29.0
143084.0,4511,57943.0,29.0
206084.0,5109,63908.0,29.0
153375.0,5210,58176.0,29.0
463056.0,0502,48810.0,29.0
147244.0,0901,45444.0,29.0
209409.0,5201,71050.0,29.0
110635.0,4512,76125.0,29.0
188429.0,5007,50759.0,29.0
201371.0,5210,76243.0,29.0
110361.0,2601,52118.0,29.0
188429.0,5005,37630.0,29.0
140960.0,4511,43690.0,29.0
159939.0,5214,51474.0,29.0
141060.0,3020,56538.0,29.0
204839.0,5005,42796.0,29.0
105330.0,5009,43792.0,29.0
208822.0,3105,50510.0,29.0
201885.0,1313,46483.0,29.0
195474.0,2601,73491.0,29.0
196194.0,4510,56281.0,29.0
153001.0,3105,49281.0,29.0
236328.0,1301,57205.0,29.0
106485.0,5138,71629.0,29.0
206525.0,0901,56711.0,29.0
488679.0,4400,44155.0,29.0
141167.0,5138,92116.0,29.0
236948.0,2605,73944.0,29.0
196200.0,5007,30688.0,29.0
196200.0,5009,36677.0,29.0
204839.0,4901,99701.0,29.0
153384.0,4510,68518.0,29.0
142285.0,1609,47825.0,29.0
100812.0,2601,56511.0,29.0
204796.0,0999,54860.0,29.0
201441.0,5218,86245.0,29.0
482680.0,4509,67692.0,29.0
203517.0,4502,40662.0,29.0
101480.0,5401,48390.0,29.0
233277.0,5107,51144.0,29.0
233277.0,5009,47586.0,29.0
154013.0,4407,49542.0,29.0
154022.0,5100,55689.0,29.0
190716.0,2601,66182.0,29.0
482680.0,5109,57405.0,29.0
157386.0,2701,47916.0,29.0
151111.0,2701,66203.0,29.0
145600.0,4005,64442.0,29.0
204796.0,5107,80315.0,29.0
196024.0,0409,58573.0,29.0
204802.0,4901,99701.0,29.0
158802.0,0901,49103.0,29.0
142115.0,4006,53995.0,29.0
146612.0,5212,86275.0,29.0
146719.0,1312,53896.0,29.0
152600.0,1107,94111.0,29.0
234030.0,1601,45607.0,29.0
151102.0,5209,44909.0,29.0
141644.0,1107,85936.0,29.0
141574.0,5211,57181.0,29.0
141981.0,2401,50343.0,29.0
102553.0,4301,52199.0,29.0
154022.0,1305,68414.0,29.0
110547.0,2399,57245.0,29.0
101480.0,2301,42655.0,29.0
492476.0,5203,34215.0,29.0
197984.0,3105,45008.0,29.0
199281.0,1101,53022.0,29.0
106458.0,0907,40961.0,29.0
155089.0,4201,48375.0,29.0
157863.0,5202,51079.0,29.0
197869.0,1601,55778.0,29.0
190761.0,0901,47995.0,29.0
190372.0,1408,108466.0,29.0
202134.0,1304,41308.0,29.0
229027.0,5201,45516.0,29.0
141334.0,1101,93769.0,29.0
147703.0,4005,65611.0,29.0
157085.0,5005,38475.0,29.0
232423.0,1905,59501.0,29.0
152637.0,1310,43559.0,29.0
195720.0,5210,61893.0,29.0
154095.0,5109,47105.0,29.0
229814.0,5005,47175.0,29.0
151306.0,1310,46769.0,29.0
227881.0,5212,73734.0,29.0
196130.0,4510,58041.0,29.0
146481.0,4201,54270.0,29.0
199139.0,3801,46067.0,29.0
150941.0,1003,34787.0,29.0
110574.0,5102,62720.0,29.0
482158.0,1312,51369.0,29.0
199193.0,2401,65594.0,29.0
236595.0,4304,56265.0,29.0
204802.0,5005,42796.0,29.0
440916.0,4407,52217.0,29.0
102553.0,5208,84736.0,29.0
228246.0,2701,111773.0,29.0
230816.0,5001,39958.0,29.0
234164.0,2601,40032.0,29.0
110538.0,0501,41818.0,29.0
202073.0,5009,37656.0,29.0
106458.0,5102,60039.0,29.0
482158.0,2601,60578.0,29.0
190512.0,2301,59994.0,29.0
229027.0,4509,42864.0,29.0
196006.0,0402,64658.0,29.0
157289.0,4502,43564.0,29.0
445267.0,2601,46344.0,29.0
227368.0,5212,40147.0,29.0
201441.0,2301,41578.0,29.0
160612.0,1107,72410.0,29.0
187897.0,1313,62375.0,29.0
147369.0,0901,48158.0,29.0
196246.0,5401,54187.0,29.0
102094.0,1107,80317.0,29.0
195003.0,1512,95491.0,29.0
209807.0,3801,50191.0,29.0
104179.0,5009,40922.0,29.0
160658.0,5209,43178.0,29.0
227331.0,5202,47860.0,29.0
152080.0,1402,103022.0,29.0
198613.0,5203,67698.0,29.0
152080.0,1408,85781.0,29.0
160755.0,0909,58507.0,29.0
144740.0,5209,71556.0,29.0
204185.0,4201,51316.0,29.0
104151.0,5211,75698.0,29.0
200280.0,4501,52063.0,29.0
231165.0,1312,42859.0,29.0
235422.0,5202,52449.0,29.0
203085.0,1301,46402.0,29.0
196291.0,1410,107749.0,29.0
194091.0,5202,73851.0,29.0
201104.0,2601,62624.0,29.0
186584.0,5206,92079.0,29.0
229160.0,5202,62016.0,29.0
144892.0,0909,59401.0,29.0
204866.0,4901,99701.0,29.0
204866.0,5005,42796.0,29.0
145725.0,1407,84876.0,29.0
110680.0,2705,96746.0,29.0
228778.0,1404,93710.0,29.0
110680.0,2605,64428.0,29.0
110705.0,2602,90694.0,29.0
155520.0,1312,47730.0,29.0
160658.0,1408,86128.0,29.0
160621.0,4407,52217.0,29.0
203368.0,5210,72144.0,29.0
151801.0,4400,44155.0,29.0
204848.0,5005,42796.0,29.0
148584.0,5213,68599.0,29.0
204848.0,4901,99701.0,29.0
155399.0,5207,59809.0,29.0
110705.0,2605,90061.0,29.0
155681.0,1506,81562.0,29.0
186618.0,4201,38484.0,29.0
104179.0,3020,48645.0,29.0
230728.0,2313,60940.0,29.0
231174.0,1414,77348.0,29.0
194824.0,3099,83958.0,29.0
150136.0,4507,53992.0,29.0
199069.0,1313,51250.0,29.0
145813.0,5099,49774.0,29.0
110662.0,1402,115706.0,29.0
153144.0,2601,62172.0,29.0
195003.0,4201,51577.0,29.0
110097.0,1107,78943.0,29.0
236948.0,5110,86417.0,29.0
107141.0,1401,90783.0,29.0
188030.0,4511,48419.0,29.0
104151.0,5003,43987.0,29.0
193016.0,1110,68529.0,29.0
151360.0,1312,54088.0,29.0
204857.0,5005,42796.0,29.0
100654.0,5203,61503.0,29.0
231059.0,4511,57306.0,29.0
152080.0,4511,69704.0,29.0
110653.0,4008,96215.0,29.0
483124.0,5211,75698.0,29.0
195003.0,2703,76069.0,29.0
229115.0,2602,63013.0,29.0
232557.0,3000,46274.0,29.0
204857.0,4901,99701.0,29.0
436836.0,0502,48810.0,29.0
142328.0,5109,71701.0,28.0
182281.0,1103,84099.0,28.0
239071.0,5202,66451.0,28.0
191241.0,0904,72475.0,28.0
222983.0,4201,43522.0,28.0
110538.0,0301,69531.0,28.0
206862.0,3105,44821.0,28.0
218964.0,5004,54194.0,28.0
145691.0,4201,45388.0,28.0
155399.0,4502,41426.0,28.0
190691.0,1001,47469.0,28.0
125727.0,0901,62535.0,28.0
164562.0,2601,83706.0,28.0
164216.0,2301,46305.0,28.0
233921.0,4004,67892.0,28.0
191241.0,4407,66349.0,28.0
145600.0,5401,55326.0,28.0
193973.0,5138,97834.0,28.0
190691.0,2601,69149.0,28.0
168528.0,1313,48453.0,28.0
139199.0,5005,36910.0,28.0
128106.0,5206,65720.0,28.0
142522.0,0106,39752.0,28.0
464226.0,4400,52309.0,28.0
154022.0,1601,56666.0,28.0
199148.0,5206,60309.0,28.0
179557.0,3020,41481.0,28.0
181394.0,5220,95682.0,28.0
193584.0,2601,58371.0,28.0
155317.0,1402,92335.0,28.0
178615.0,5102,48320.0,28.0
219259.0,5203,67072.0,28.0
222831.0,2601,48938.0,28.0
218441.0,3902,40334.0,28.0
194091.0,5199,84250.0,28.0
219277.0,5202,56375.0,28.0
178420.0,2602,66483.0,28.0
164173.0,5203,81299.0,28.0
230782.0,5004,62281.0,28.0
230764.0,4502,43492.0,28.0
239017.0,4201,45971.0,28.0
236595.0,4301,74018.0,28.0
101709.0,4201,40809.0,28.0
139144.0,5214,79602.0,28.0
204857.0,5004,49553.0,28.0
198136.0,5214,63181.0,28.0
155399.0,1403,81376.0,28.0
228802.0,5401,47813.0,28.0
130794.0,4201,63396.0,28.0
234827.0,1508,84871.0,28.0
220862.0,2701,65079.0,28.0
173160.0,1313,51866.0,28.0
230171.0,3105,52746.0,28.0
203517.0,4005,65810.0,28.0
107141.0,5004,47248.0,28.0
155317.0,5115,57252.0,28.0
199218.0,1310,52494.0,28.0
223232.0,5005,45706.0,28.0
199218.0,4502,33461.0,28.0
149222.0,1409,85056.0,28.0
134130.0,1418,87779.0,28.0
146612.0,4005,67006.0,28.0
137847.0,5006,42090.0,28.0
243665.0,5202,46775.0,28.0
139366.0,2601,47819.0,28.0
199218.0,4511,48591.0,28.0
155061.0,5299,65526.0,28.0
196033.0,1312,44842.0,28.0
190691.0,5136,44991.0,28.0
216366.0,0405,68753.0,28.0
131283.0,5202,87907.0,28.0
110538.0,4506,67675.0,28.0
137847.0,5122,58777.0,28.0
223232.0,3099,44995.0,28.0
213543.0,3000,91697.0,28.0
235316.0,4506,74061.0,28.0
131399.0,1907,57648.0,28.0
224004.0,5201,78414.0,28.0
230764.0,5110,78989.0,28.0
157289.0,4507,56775.0,28.0
178721.0,5214,56834.0,28.0
166124.0,2601,92914.0,28.0
110538.0,1313,60296.0,28.0
145646.0,5208,101609.0,28.0
164465.0,4510,63754.0,28.0
151263.0,4301,62307.0,28.0
164465.0,4227,69204.0,28.0
206941.0,2301,44331.0,28.0
152600.0,1410,87944.0,28.0
123651.0,5202,62957.0,28.0
482158.0,4402,40971.0,28.0
194310.0,2601,63772.0,28.0
151111.0,5110,76220.0,28.0
204802.0,5004,49553.0,28.0
176965.0,0101,47248.0,28.0
169910.0,5210,66054.0,28.0
130493.0,4510,45270.0,28.0
165936.0,2301,47495.0,28.0
139366.0,5005,34931.0,28.0
178396.0,1401,92426.0,28.0
155636.0,4400,52309.0,28.0
181394.0,4901,75314.0,28.0
180984.0,3105,48490.0,28.0
220978.0,4006,56405.0,28.0
198464.0,5204,73162.0,28.0
180984.0,4201,47074.0,28.0
106704.0,2301,44809.0,28.0
241216.0,5004,24701.0,28.0
181002.0,0904,67808.0,28.0
220978.0,2701,69300.0,28.0
221847.0,5007,37730.0,28.0
152390.0,1312,51665.0,28.0
195003.0,2612,74613.0,28.0
243221.0,4502,35103.0,28.0
173647.0,4510,62218.0,28.0
154527.0,1313,48074.0,28.0
166683.0,4008,131025.0,28.0
169479.0,5115,58907.0,28.0
206589.0,2301,55456.0,28.0
156541.0,3105,45660.0,28.0
233541.0,5005,40457.0,28.0
206589.0,4510,64760.0,28.0
110422.0,2602,78097.0,28.0
173920.0,1419,85286.0,28.0
192192.0,4201,55124.0,28.0
230728.0,4502,38051.0,28.0
192192.0,1616,43419.0,28.0
137351.0,2605,57628.0,28.0
229179.0,2701,57331.0,28.0
108092.0,5401,45097.0,28.0
168546.0,4506,66048.0,28.0
205443.0,5212,46822.0,28.0
106704.0,2701,63239.0,28.0
221847.0,4005,57088.0,28.0
110486.0,2701,64470.0,28.0
486840.0,1512,76243.0,28.0
156125.0,2301,46768.0,28.0
221838.0,0100,42503.0,28.0
110097.0,5007,47596.0,28.0
147767.0,2703,148740.0,28.0
165334.0,0301,52075.0,28.0
127565.0,5102,46535.0,28.0
238476.0,2601,55576.0,28.0
206048.0,5203,64927.0,28.0
173902.0,1101,109457.0,28.0
206048.0,4304,57509.0,28.0
166629.0,2200,69269.0,28.0
143084.0,4510,55295.0,28.0
178387.0,5208,67011.0,28.0
151351.0,2701,89112.0,28.0
195030.0,4227,65000.0,28.0
156125.0,5007,37604.0,28.0
156082.0,1312,43351.0,28.0
235097.0,1599,84265.0,28.0
178387.0,4201,46402.0,28.0
195164.0,0904,58816.0,28.0
192448.0,5107,66243.0,28.0
127741.0,3099,48643.0,28.0
202763.0,5138,73397.0,28.0
202763.0,3105,63397.0,28.0
138558.0,5201,48677.0,28.0
145813.0,5212,95120.0,28.0
180832.0,5109,76592.0,28.0
230728.0,5009,44898.0,28.0
204839.0,5004,49553.0,28.0
154493.0,1310,49098.0,28.0
156620.0,2301,35203.0,28.0
222178.0,5203,93032.0,28.0
191649.0,1419,94744.0,28.0
195544.0,4501,59028.0,28.0
169798.0,1310,54303.0,28.0
178402.0,4005,60950.0,28.0
489779.0,1110,87413.0,28.0
174075.0,3099,88319.0,28.0
155681.0,1312,43465.0,28.0
236577.0,4510,62972.0,28.0
463056.0,4502,54907.0,28.0
178402.0,5007,39194.0,28.0
128106.0,1499,90627.0,28.0
204848.0,5004,49553.0,28.0
155636.0,5138,92782.0,28.0
154235.0,4301,61988.0,28.0
142522.0,5208,89686.0,28.0
486840.0,1427,89696.0,28.0
192819.0,4506,118557.0,28.0
155627.0,5138,92782.0,28.0
222178.0,4407,53877.0,28.0
199139.0,1503,83768.0,28.0
221731.0,3105,37118.0,28.0
137351.0,0502,46115.0,28.0
130590.0,4405,82638.0,28.0
230764.0,1409,114197.0,28.0
155627.0,4400,52309.0,28.0
204866.0,5004,49553.0,28.0
151306.0,2301,40159.0,28.0
147828.0,3105,47435.0,28.0
134130.0,5009,61446.0,28.0
486840.0,5006,78034.0,28.0
199120.0,3802,52716.0,28.0
173920.0,5005,32199.0,28.0
236452.0,1312,59433.0,28.0
110495.0,5100,80630.0,28.0
214777.0,5109,54488.0,28.0
205443.0,5138,78624.0,28.0
142276.0,5210,89887.0,28.0
126562.0,5005,47878.0,28.0
199111.0,4510,55698.0,28.0
191676.0,5202,60393.0,28.0
102377.0,0109,39949.0,28.0
195526.0,5007,53602.0,28.0
228802.0,0901,50247.0,28.0
164988.0,1410,98953.0,28.0
126562.0,2701,62085.0,28.0
238078.0,5202,66949.0,28.0
181215.0,0904,51659.0,28.0
221351.0,4510,72062.0,28.0
137546.0,5001,35045.0,28.0
454582.0,5138,92782.0,28.0
173647.0,1312,47629.0,28.0
173920.0,4507,56022.0,28.0
205443.0,1599,84015.0,28.0
173920.0,4510,59997.0,28.0
216597.0,1609,94964.0,28.0
454582.0,4400,52309.0,28.0
204820.0,5004,49553.0,28.0
221519.0,2301,58164.0,28.0
234827.0,4506,88799.0,28.0
191649.0,4511,58483.0,28.0
195544.0,2799,74070.0,28.0
195544.0,4400,60091.0,28.0
262086.0,4407,47441.0,28.0
199306.0,5138,75033.0,28.0
210146.0,4513,43982.0,28.0
199412.0,0901,65985.0,28.0
153603.0,3019,53933.0,28.0
104151.0,1313,55713.0,28.0
216010.0,1409,90384.0,28.0
148627.0,1313,53898.0,28.0
243106.0,1312,29455.0,28.0
436836.0,4502,54907.0,28.0
236948.0,3020,49475.0,28.0
139931.0,5123,65037.0,28.0
175342.0,4201,35015.0,28.0
104151.0,0502,51565.0,28.0
139931.0,5110,72156.0,28.0
208646.0,4201,47816.0,28.0
150145.0,1312,45222.0,28.0
168342.0,2701,134304.0,28.0
215293.0,1609,56041.0,28.0
243115.0,1312,25502.0,28.0
140988.0,4400,50113.0,28.0
140988.0,4301,56677.0,28.0
140960.0,5214,42391.0,28.0
175078.0,5214,58574.0,28.0
498571.0,3001,45272.0,28.0
100706.0,1401,91645.0,28.0
209542.0,1403,81691.0,28.0
217882.0,1313,50212.0,28.0
204264.0,5214,60451.0,28.0
161554.0,5208,73068.0,28.0
227526.0,1410,115939.0,28.0
204486.0,5203,52038.0,28.0
240189.0,4404,60383.0,28.0
175272.0,1418,91528.0,28.0
211981.0,0101,53349.0,28.0
201441.0,0909,70583.0,28.0
225627.0,5007,36447.0,28.0
135726.0,1110,102484.0,28.0
175421.0,5138,79098.0,28.0
139931.0,5005,38107.0,28.0
117636.0,5110,125835.0,28.0
110617.0,0405,61410.0,28.0
129154.0,4400,66583.0,28.0
207661.0,5138,93511.0,28.0
135081.0,5109,82511.0,28.0
139764.0,5210,64973.0,28.0
237525.0,5110,75952.0,28.0
129020.0,4502,54907.0,28.0
147013.0,5203,61361.0,28.0
207661.0,3099,66130.0,28.0
225432.0,5001,37668.0,28.0
170532.0,4599,59193.0,28.0
183080.0,5122,52870.0,28.0
440828.0,1403,81691.0,28.0
159647.0,0305,65941.0,28.0
159568.0,3105,47762.0,28.0
225432.0,4006,57892.0,28.0
200059.0,5210,64488.0,28.0
428259.0,4400,52309.0,28.0
102614.0,3099,59348.0,28.0
207865.0,1500,64751.0,28.0
110608.0,5215,57174.0,28.0
131520.0,4506,63972.0,28.0
189413.0,5202,42710.0,28.0
175616.0,4201,37868.0,28.0
183974.0,1310,45622.0,28.0
162760.0,5138,92955.0,28.0
483124.0,0502,51565.0,28.0
172051.0,2601,54038.0,28.0
207847.0,5203,61000.0,28.0
196194.0,1104,74812.0,28.0
110608.0,4512,72148.0,28.0
428259.0,5138,92782.0,28.0
240444.0,0306,45212.0,28.0
139861.0,0301,52478.0,28.0
217882.0,0301,40266.0,28.0
211440.0,2313,71205.0,28.0
139755.0,1423,114772.0,28.0
129941.0,5004,31975.0,28.0
171128.0,1110,93480.0,28.0
174817.0,5210,83079.0,28.0
240444.0,4502,54773.0,28.0
186283.0,0901,59897.0,28.0
144892.0,5009,49236.0,28.0
186201.0,5007,60757.0,28.0
153269.0,2299,52326.0,28.0
171100.0,3103,49377.0,28.0
110705.0,2607,53727.0,28.0
210571.0,4511,53702.0,28.0
153269.0,4201,47706.0,28.0
186201.0,4510,63853.0,28.0
201104.0,2609,61199.0,28.0
436818.0,4502,54907.0,28.0
100663.0,4511,40148.0,28.0
174844.0,5007,44287.0,28.0
209807.0,4507,54310.0,28.0
217749.0,1312,34335.0,28.0
153162.0,1312,47762.0,28.0
168148.0,5401,65540.0,28.0
161226.0,2313,40081.0,28.0
147679.0,3105,44098.0,28.0
226833.0,2601,52286.0,28.0
242644.0,4301,26898.0,28.0
111948.0,0904,79135.0,28.0
231174.0,1907,52698.0,28.0
242626.0,4304,29441.0,28.0
209825.0,1312,53963.0,28.0
196413.0,2701,81941.0,28.0
111948.0,5206,84978.0,28.0
200332.0,2301,40460.0,28.0
231174.0,1410,95036.0,28.0
219602.0,5203,58409.0,28.0
217688.0,4501,44416.0,28.0
171146.0,2601,47839.0,28.0
150066.0,1312,47968.0,28.0
171146.0,4301,52490.0,28.0
196592.0,0901,38066.0,28.0
219806.0,1313,45780.0,28.0
110671.0,3020,57959.0,28.0
168005.0,0904,57220.0,28.0
135726.0,4509,84474.0,28.0
171456.0,2313,39982.0,28.0
196592.0,5214,37424.0,28.0
226091.0,5203,87924.0,28.0
204185.0,5138,85186.0,28.0
219833.0,1419,85285.0,28.0
136172.0,5109,56179.0,28.0
240453.0,1313,44776.0,28.0
110662.0,1409,228705.0,28.0
153278.0,5214,53011.0,28.0
215947.0,5109,112793.0,28.0
232982.0,4507,48280.0,28.0
231165.0,4301,55465.0,28.0
160621.0,1107,58951.0,28.0
139959.0,3001,58123.0,28.0
114813.0,5107,66778.0,28.0
200280.0,5207,53454.0,28.0
196246.0,5007,38407.0,28.0
436827.0,4502,54907.0,28.0
187444.0,1313,63203.0,28.0
160621.0,4511,43844.0,28.0
187444.0,4510,48101.0,28.0
115755.0,4502,41464.0,28.0
168254.0,1405,87838.0,28.0
171100.0,0305,55724.0,28.0
160621.0,1419,92969.0,28.0
168254.0,2601,62871.0,28.0
149772.0,5208,69716.0,28.0
209551.0,3801,58635.0,28.0
106245.0,5007,30592.0,28.0
172051.0,1313,49761.0,28.0
217484.0,1603,77224.0,28.0
172699.0,1515,88746.0,28.0
243197.0,0100,35896.0,28.0
218229.0,5401,41783.0,28.0
122506.0,5009,49186.0,28.0
207403.0,1312,45306.0,28.0
215062.0,4509,87439.0,28.0
190415.0,5401,82031.0,28.0
146719.0,1609,54344.0,28.0
219356.0,1904,56132.0,28.0
232681.0,4509,51166.0,28.0
380377.0,5202,58804.0,28.0
149772.0,4510,50963.0,28.0
153658.0,5009,50180.0,28.0
139658.0,5109,83279.0,28.0
163462.0,4227,40480.0,28.0
176080.0,0183,36617.0,28.0
182290.0,4511,52564.0,28.0
100858.0,4404,66141.0,28.0
215275.0,1609,56041.0,28.0
106397.0,1409,99031.0,28.0
228884.0,5202,44386.0,28.0
110583.0,2602,79820.0,28.0
240426.0,2609,50144.0,28.0
228875.0,5215,103547.0,28.0
157951.0,1506,86033.0,28.0
225414.0,2203,52230.0,28.0
240277.0,4404,48958.0,28.0
228149.0,4301,46782.0,28.0
121309.0,4301,59183.0,28.0
190594.0,2701,80308.0,28.0
204796.0,5009,51310.0,28.0
158802.0,2601,37061.0,28.0
147767.0,4509,74477.0,28.0
440916.0,4511,43844.0,28.0
213020.0,5004,52359.0,28.0
196103.0,4699,99249.0,28.0
204796.0,4006,53381.0,28.0
141361.0,2601,49532.0,28.0
168430.0,5123,74386.0,28.0
128902.0,4510,74190.0,28.0
377564.0,3020,49475.0,28.0
440916.0,1419,92969.0,28.0
240417.0,5299,59703.0,28.0
201645.0,1402,106134.0,28.0
176372.0,2501,30340.0,28.0
133711.0,5007,35458.0,28.0
225432.0,2601,56787.0,28.0
174437.0,5202,61287.0,28.0
139658.0,2301,66762.0,28.0
122409.0,1601,42922.0,28.0
440916.0,1107,58951.0,28.0
154013.0,4201,45951.0,28.0
216038.0,5003,40797.0,28.0
122409.0,0904,53997.0,28.0
176080.0,1499,91124.0,28.0
190637.0,0904,49025.0,28.0
224545.0,4201,42355.0,28.0
207263.0,5122,48057.0,28.0
149222.0,1503,82901.0,28.0
213349.0,0301,56959.0,28.0
232256.0,5401,48625.0,28.0
157447.0,3105,60377.0,28.0
149222.0,2203,43654.0,28.0
170301.0,1312,49469.0,28.0
190637.0,3801,43165.0,28.0
122612.0,2301,49684.0,28.0
218441.0,0904,46502.0,28.0
150136.0,1506,73664.0,28.0
145600.0,0502,45253.0,28.0
170082.0,1310,49814.0,28.0
232609.0,2601,62164.0,28.0
167729.0,4511,51573.0,28.0
201548.0,0909,49426.0,28.0
172334.0,2401,50735.0,28.0
217998.0,5202,54921.0,28.0
196060.0,1609,66414.0,28.0
196158.0,5004,43087.0,28.0
182281.0,4512,58010.0,28.0
100830.0,0901,43317.0,28.0
234155.0,5203,72375.0,28.0
243142.0,5209,36742.0,28.0
150066.0,3105,46029.0,28.0
141574.0,1409,100454.0,28.0
219356.0,0909,67607.0,28.0
149222.0,2313,56632.0,28.0
176372.0,5299,70328.0,28.0
141325.0,5202,58887.0,28.0
100830.0,5110,63596.0,28.0
152673.0,5401,59221.0,28.0
409698.0,5209,55856.0,28.0
377555.0,3020,49475.0,28.0
100830.0,4301,51363.0,28.0
196060.0,0501,50572.0,28.0
104179.0,4008,88207.0,27.0
195003.0,1504,82116.0,27.0
135726.0,4511,63764.0,27.0
197869.0,4507,58289.0,27.0
155089.0,3105,42940.0,27.0
166391.0,4504,56766.0,27.0
243188.0,5203,26021.0,27.0
167358.0,4400,61152.0,27.0
243197.0,5007,16981.0,27.0
215743.0,5138,81510.0,27.0
149781.0,5100,69566.0,27.0
215743.0,4201,66010.0,27.0
174914.0,1410,93981.0,27.0
242626.0,5109,21693.0,27.0
215929.0,5401,68443.0,27.0
144892.0,5401,40597.0,27.0
106412.0,2401,42902.0,27.0
178402.0,1408,85055.0,27.0
174066.0,2605,68398.0,27.0
219046.0,2601,40967.0,27.0
196307.0,5138,116111.0,27.0
167358.0,4511,69585.0,27.0
215062.0,5401,88517.0,27.0
196088.0,5211,64711.0,27.0
174862.0,3105,47956.0,27.0
152080.0,5004,83414.0,27.0
153144.0,5138,79294.0,27.0
174862.0,5138,79743.0,27.0
152600.0,4407,57609.0,27.0
166452.0,2301,50260.0,27.0
215929.0,4510,72038.0,27.0
219709.0,5203,93688.0,27.0
178420.0,5401,41378.0,27.0
204024.0,0301,46632.0,27.0
240727.0,5106,67927.0,27.0
106458.0,1101,79309.0,27.0
178420.0,2701,65331.0,27.0
154013.0,5208,57928.0,27.0
168528.0,4407,54277.0,27.0
220862.0,1410,89515.0,27.0
155061.0,4510,72384.0,27.0
166391.0,5214,67400.0,27.0
152600.0,1409,96079.0,27.0
215929.0,5107,76932.0,27.0
128498.0,5107,52697.0,27.0
214740.0,1401,88063.0,27.0
228875.0,4407,65536.0,27.0
102553.0,5122,53245.0,27.0
155025.0,5007,34355.0,27.0
215798.0,1101,81132.0,27.0
178411.0,1421,95707.0,27.0
128771.0,1110,86230.0,27.0
168591.0,5202,57287.0,27.0
242653.0,5207,38200.0,27.0
174844.0,4201,53666.0,27.0
204796.0,5131,58821.0,27.0
243197.0,1107,57791.0,27.0
104179.0,0109,45548.0,27.0
168148.0,0301,77753.0,27.0
174437.0,1312,46380.0,27.0
152080.0,5201,111444.0,27.0
214768.0,1401,88063.0,27.0
219046.0,0901,45537.0,27.0
234076.0,5007,54579.0,27.0
152318.0,2701,112187.0,27.0
220710.0,3105,57231.0,27.0
195526.0,4510,69091.0,27.0
102553.0,0904,57321.0,27.0
177551.0,2601,48694.0,27.0
174783.0,1506,73695.0,27.0
102377.0,5218,73435.0,27.0
177551.0,1301,40247.0,27.0
239716.0,1313,47861.0,27.0
241739.0,5206,38400.0,27.0
198303.0,3000,36682.0,27.0
106467.0,1410,89951.0,27.0
229780.0,4400,48921.0,27.0
215655.0,5109,69524.0,27.0
166939.0,4510,62045.0,27.0
129215.0,4006,63566.0,27.0
482705.0,4400,61152.0,27.0
166683.0,1407,122093.0,27.0
154095.0,4510,50277.0,27.0
137351.0,2705,74071.0,27.0
154527.0,2601,67036.0,27.0
166656.0,5100,67637.0,27.0
168591.0,0901,53947.0,27.0
215293.0,1601,51416.0,27.0
214777.0,5009,44241.0,27.0
196185.0,5007,33299.0,27.0
106467.0,5206,60515.0,27.0
148654.0,2401,43026.0,27.0
220181.0,4201,57147.0,27.0
220215.0,1312,43057.0,27.0
196176.0,1312,53267.0,27.0
229063.0,3105,56482.0,27.0
177968.0,5005,43329.0,27.0
167783.0,4201,51474.0,27.0
239716.0,5208,72464.0,27.0
219356.0,5207,57725.0,27.0
168430.0,2612,90565.0,27.0
216339.0,1502,77673.0,27.0
144351.0,4201,46590.0,27.0
106467.0,5107,42985.0,27.0
152390.0,5203,98107.0,27.0
178059.0,2601,61722.0,27.0
482705.0,4511,69585.0,27.0
167835.0,1401,86262.0,27.0
174251.0,1107,92449.0,27.0
196185.0,4502,55981.0,27.0
175856.0,1506,52107.0,27.0
234085.0,5401,72630.0,27.0
137351.0,2313,54778.0,27.0
166638.0,5007,49722.0,27.0
130226.0,2301,54574.0,27.0
105330.0,4006,60402.0,27.0
195809.0,5213,109396.0,27.0
216038.0,4510,55548.0,27.0
195030.0,2301,53702.0,27.0
154749.0,5201,48612.0,27.0
175078.0,4407,45467.0,27.0
198136.0,5209,63402.0,27.0
195003.0,5203,72830.0,27.0
104717.0,5109,51082.0,27.0
134945.0,5009,40009.0,27.0
204200.0,5202,63257.0,27.0
229267.0,5203,96844.0,27.0
153375.0,2601,66623.0,27.0
167598.0,5122,63892.0,27.0
214777.0,1401,88063.0,27.0
153278.0,5138,73710.0,27.0
196112.0,0999,40991.0,27.0
240277.0,4599,50738.0,27.0
134130.0,4006,69943.0,27.0
152336.0,2601,72008.0,27.0
196237.0,1101,94236.0,27.0
196237.0,1310,62389.0,27.0
196097.0,4008,65013.0,27.0
174358.0,0901,52838.0,27.0
484473.0,4006,69943.0,27.0
167835.0,5007,43354.0,27.0
167996.0,2301,60131.0,27.0
175342.0,4407,46157.0,27.0
239716.0,1107,96237.0,27.0
152600.0,5208,73880.0,27.0
229337.0,5110,75237.0,27.0
204006.0,0301,46632.0,27.0
175342.0,0101,62499.0,27.0
143118.0,0502,44786.0,27.0
204501.0,4201,48109.0,27.0
136330.0,5214,53668.0,27.0
196121.0,5003,40516.0,27.0
195164.0,5202,71066.0,27.0
153384.0,4506,110724.0,27.0
129525.0,1401,78351.0,27.0
106704.0,4510,51475.0,27.0
105330.0,1609,57004.0,27.0
214801.0,1401,88063.0,27.0
178387.0,4407,46187.0,27.0
216339.0,4502,43793.0,27.0
195030.0,4599,68333.0,27.0
177214.0,5401,41996.0,27.0
136330.0,3906,53398.0,27.0
102234.0,5138,72755.0,27.0
233541.0,4301,63290.0,27.0
492801.0,5401,41996.0,27.0
227881.0,5219,47823.0,27.0
110583.0,5003,46387.0,27.0
121150.0,4506,104943.0,27.0
498562.0,4005,63088.0,27.0
110583.0,3801,49062.0,27.0
212601.0,2601,60846.0,27.0
183044.0,5005,45504.0,27.0
388520.0,3904,45822.0,27.0
207500.0,1402,89714.0,27.0
190415.0,1414,103016.0,27.0
212674.0,0301,62604.0,27.0
139366.0,1313,48125.0,27.0
183044.0,2608,87608.0,27.0
385619.0,0302,61850.0,27.0
139658.0,4502,78768.0,27.0
163851.0,3005,60003.0,27.0
133702.0,5208,55025.0,27.0
212984.0,2601,67285.0,27.0
183026.0,5209,64526.0,27.0
190549.0,2313,39837.0,27.0
131469.0,2301,70766.0,27.0
212197.0,4400,51224.0,27.0
170301.0,4511,50222.0,27.0
207500.0,5102,61404.0,27.0
159416.0,1312,53352.0,27.0
139931.0,1699,53981.0,27.0
231651.0,1003,29565.0,27.0
183974.0,1312,61358.0,27.0
212054.0,5207,71613.0,27.0
100724.0,5203,63070.0,27.0
163046.0,2313,62745.0,27.0
227845.0,5214,80562.0,27.0
212106.0,1108,60310.0,27.0
212106.0,2602,62319.0,27.0
227881.0,1901,49840.0,27.0
163286.0,1609,59193.0,27.0
217484.0,2313,52625.0,27.0
232265.0,5138,94216.0,27.0
120883.0,1609,61487.0,27.0
201441.0,4511,38346.0,27.0
190099.0,1107,161980.0,27.0
225432.0,1512,112244.0,27.0
440828.0,1499,94278.0,27.0
225432.0,1507,58535.0,27.0
182980.0,5007,45694.0,27.0
146719.0,1409,97158.0,27.0
148496.0,5203,77878.0,27.0
207342.0,5102,61404.0,27.0
101435.0,5201,55452.0,27.0
228459.0,0109,51157.0,27.0
240417.0,4199,74697.0,27.0
157447.0,5004,52703.0,27.0
157447.0,4510,50668.0,27.0
441937.0,4506,71662.0,27.0
207263.0,2601,53387.0,27.0
101480.0,5007,41659.0,27.0
157401.0,5009,36697.0,27.0
170037.0,5214,62782.0,27.0
199281.0,4510,53779.0,27.0
157401.0,2601,48370.0,27.0
157401.0,1107,67173.0,27.0
131283.0,5203,114909.0,27.0
199272.0,5004,40817.0,27.0
206941.0,5219,38164.0,27.0
490805.0,5100,46277.0,27.0
164270.0,4201,60264.0,27.0
213385.0,1419,101348.0,27.0
236939.0,2703,70085.0,27.0
224226.0,3904,50647.0,27.0
133711.0,4510,65513.0,27.0
157951.0,1609,53921.0,27.0
199847.0,2301,77847.0,27.0
213020.0,2401,54958.0,27.0
172644.0,5109,78391.0,27.0
190567.0,5006,46801.0,27.0
207388.0,1503,90291.0,27.0
146719.0,0904,57407.0,27.0
182670.0,4511,81722.0,27.0
131450.0,1616,70859.0,27.0
163912.0,5401,55472.0,27.0
122436.0,2601,59950.0,27.0
182670.0,2701,168580.0,27.0
139463.0,5401,47243.0,27.0
201654.0,4407,52471.0,27.0
190594.0,3001,63406.0,27.0
182634.0,2601,45783.0,27.0
100858.0,5209,63419.0,27.0
157951.0,5005,34987.0,27.0
201654.0,5203,77937.0,27.0
214731.0,1401,88063.0,27.0
150136.0,5004,53514.0,27.0
189097.0,4227,65644.0,27.0
184348.0,4506,90814.0,27.0
186867.0,1499,99691.0,27.0
140553.0,4510,71139.0,27.0
209612.0,5107,76880.0,27.0
132903.0,5009,39898.0,27.0
232982.0,2701,66847.0,27.0
171100.0,1418,95761.0,27.0
217873.0,1312,46265.0,27.0
147341.0,4201,47329.0,27.0
240444.0,5211,106783.0,27.0
110680.0,1445,111677.0,27.0
185590.0,4006,65826.0,27.0
150604.0,4201,49687.0,27.0
185590.0,1609,55208.0,27.0
217633.0,3105,50409.0,27.0
227331.0,3105,53882.0,27.0
161457.0,5109,62614.0,27.0
133386.0,1101,69567.0,27.0
209551.0,1601,46886.0,27.0
187985.0,0501,37949.0,27.0
150136.0,2299,57249.0,27.0
231165.0,5201,53316.0,27.0
210571.0,5007,44441.0,27.0
187985.0,1601,31036.0,27.0
171100.0,4405,58535.0,27.0
217819.0,1108,52596.0,27.0
161217.0,5138,87357.0,27.0
210146.0,3099,52763.0,27.0
498571.0,5210,57354.0,27.0
111948.0,4511,62047.0,27.0
200332.0,5209,51277.0,27.0
217819.0,3012,57635.0,27.0
237011.0,4008,63833.0,27.0
237011.0,1410,107131.0,27.0
160755.0,4501,51290.0,27.0
147660.0,0909,60573.0,27.0
110714.0,2615,69027.0,27.0
210429.0,1101,90324.0,27.0
161226.0,5202,47757.0,27.0
186283.0,2601,58008.0,27.0
150534.0,5138,80773.0,27.0
100663.0,4005,60318.0,27.0
186584.0,4506,72304.0,27.0
171100.0,5109,51658.0,27.0
232982.0,5005,38537.0,27.0
226091.0,5212,74165.0,27.0
141237.0,5138,69133.0,27.0
232672.0,4201,45703.0,27.0
227526.0,5203,67964.0,27.0
188641.0,1312,49612.0,27.0
139940.0,4008,60393.0,27.0
171571.0,5005,39442.0,27.0
184694.0,2301,56969.0,27.0
237330.0,4201,41259.0,27.0
184612.0,4301,66879.0,27.0
159656.0,4201,49380.0,27.0
217882.0,1699,69274.0,27.0
119173.0,5203,74449.0,27.0
227845.0,0907,53473.0,27.0
184603.0,2301,56969.0,27.0
232557.0,3905,51701.0,27.0
189097.0,0501,66117.0,27.0
110617.0,3801,65115.0,27.0
184348.0,5005,38562.0,27.0
162584.0,3103,52488.0,27.0
217882.0,2605,81526.0,27.0
100724.0,1313,46629.0,27.0
161873.0,2301,48981.0,27.0
188429.0,5208,97175.0,27.0
132602.0,0901,30852.0,27.0
211981.0,2607,40575.0,27.0
132471.0,5107,89971.0,27.0
211431.0,4201,44786.0,27.0
170976.0,3099,128291.0,27.0
170976.0,2605,57890.0,27.0
188030.0,1407,90091.0,27.0
188030.0,2301,32767.0,27.0
185129.0,5009,35729.0,27.0
209542.0,1499,94278.0,27.0
161554.0,2401,48909.0,27.0
161554.0,4510,65836.0,27.0
498571.0,1506,77401.0,27.0
100706.0,1409,105920.0,27.0
147244.0,1313,52910.0,27.0
117946.0,3018,56124.0,27.0
209409.0,5138,131400.0,27.0
227526.0,1510,64359.0,27.0
118693.0,5208,103918.0,27.0
201441.0,1101,70493.0,27.0
217882.0,1414,81714.0,27.0
164270.0,4407,47607.0,27.0
215798.0,5203,71363.0,27.0
459949.0,5212,86929.0,27.0
206604.0,3020,56668.0,27.0
214272.0,1310,54846.0,27.0
233897.0,4201,44430.0,27.0
206525.0,5201,62936.0,27.0
179867.0,4502,71018.0,27.0
164988.0,4511,63791.0,27.0
110422.0,0305,77419.0,27.0
216852.0,5202,62434.0,27.0
231420.0,5111,54637.0,27.0
156620.0,0909,49272.0,27.0
179867.0,2701,98497.0,27.0
102094.0,2705,62719.0,27.0
165820.0,2301,51141.0,27.0
181020.0,2601,59689.0,27.0
156620.0,1101,68774.0,27.0
110486.0,1410,97998.0,27.0
198756.0,4504,46215.0,27.0
233541.0,3105,64373.0,27.0
181020.0,5203,65602.0,27.0
164988.0,2609,62342.0,27.0
156125.0,4005,67475.0,27.0
204936.0,2601,42619.0,27.0
221971.0,4201,44056.0,27.0
107983.0,4008,89685.0,27.0
228705.0,4301,49907.0,27.0
110495.0,0100,64669.0,27.0
191649.0,5401,53027.0,27.0
214041.0,4506,65946.0,27.0
240374.0,5004,40410.0,27.0
164748.0,5010,59703.0,27.0
179566.0,1906,54226.0,27.0
107983.0,5203,46771.0,27.0
165699.0,2612,78735.0,27.0
179894.0,1301,45411.0,27.0
221759.0,5206,80415.0,27.0
199069.0,5212,72370.0,27.0
238458.0,5203,87085.0,27.0
134079.0,4504,49829.0,27.0
221838.0,5109,63629.0,27.0
145813.0,5109,52417.0,27.0
192749.0,4511,61752.0,27.0
236230.0,1312,66848.0,27.0
240365.0,5203,79217.0,27.0
165015.0,5401,59426.0,27.0
238476.0,0301,48562.0,27.0
180814.0,5218,98487.0,27.0
173902.0,0301,45632.0,27.0
206437.0,3105,53469.0,27.0
192448.0,4407,59425.0,27.0
180461.0,0409,64133.0,27.0
236072.0,1312,61250.0,27.0
126818.0,1601,55647.0,27.0
199069.0,3105,45671.0,27.0
233897.0,5202,50029.0,27.0
165574.0,5005,36724.0,27.0
202523.0,2601,55654.0,27.0
130943.0,1905,68084.0,27.0
203085.0,3105,52329.0,27.0
235547.0,3019,44584.0,27.0
164988.0,5401,59986.0,27.0
216852.0,1405,89794.0,27.0
459949.0,5214,48687.0,27.0
101879.0,5401,41728.0,27.0
214272.0,4201,40632.0,27.0
221759.0,1904,63996.0,27.0
110361.0,3017,48922.0,27.0
202134.0,5401,42859.0,27.0
222831.0,0109,45758.0,27.0
206695.0,4510,57643.0,27.0
236595.0,1609,57093.0,27.0
243744.0,1419,117072.0,27.0
235316.0,0901,73558.0,27.0
191241.0,5005,46317.0,27.0
174066.0,0110,70705.0,27.0
173160.0,5210,101195.0,27.0
202134.0,1107,100385.0,27.0
206914.0,3105,52807.0,27.0
123961.0,4501,42038.0,27.0
155399.0,0102,78537.0,27.0
164562.0,4504,67883.0,27.0
123961.0,3025,93440.0,27.0
179159.0,1419,99331.0,27.0
199157.0,1313,47124.0,27.0
155317.0,5102,59436.0,27.0
221759.0,0108,52060.0,27.0
199157.0,5120,88454.0,27.0
168786.0,2601,51002.0,27.0
217156.0,4227,63415.0,27.0
139250.0,2601,43530.0,27.0
221740.0,5004,60807.0,27.0
123651.0,5138,102239.0,27.0
146612.0,1110,86015.0,27.0
166124.0,5203,114088.0,27.0
486840.0,5218,79147.0,27.0
201885.0,5211,74145.0,27.0
157386.0,2200,40990.0,27.0
166391.0,4201,54702.0,27.0
179326.0,5202,56182.0,27.0
131283.0,1408,93821.0,27.0
228529.0,4510,59542.0,27.0
199120.0,4507,49476.0,27.0
228529.0,5007,43665.0,27.0
191621.0,5202,58400.0,27.0
179557.0,4501,42761.0,27.0
193584.0,1609,51412.0,27.0
179557.0,5007,36531.0,27.0
145725.0,1405,88378.0,27.0
164739.0,1110,122075.0,27.0
164632.0,2601,55827.0,27.0
213996.0,1312,53052.0,27.0
101879.0,4005,72885.0,27.0
221759.0,1409,105834.0,27.0
181394.0,1410,92565.0,27.0
133951.0,3801,43085.0,27.0
228705.0,1410,94810.0,27.0
213987.0,2601,65000.0,27.0
151786.0,5214,61951.0,26.0
201104.0,4510,57165.0,26.0
240329.0,2701,69288.0,26.0
102377.0,5202,67529.0,26.0
201441.0,1104,84273.0,26.0
149514.0,4201,44451.0,26.0
219000.0,3105,58906.0,26.0
198561.0,5107,47089.0,26.0
198543.0,1312,50732.0,26.0
200332.0,2607,50701.0,26.0
102234.0,0901,49227.0,26.0
147660.0,1107,79877.0,26.0
145725.0,1515,84305.0,26.0
201104.0,5203,80065.0,26.0
196413.0,5007,43988.0,26.0
102049.0,5202,76584.0,26.0
148496.0,3018,56555.0,26.0
200332.0,5205,62181.0,26.0
200280.0,5102,56218.0,26.0
231059.0,4510,56954.0,26.0
168847.0,1108,58655.0,26.0
240329.0,4503,42939.0,26.0
152080.0,5213,124557.0,26.0
171456.0,1510,88881.0,26.0
147244.0,5203,60804.0,26.0
130776.0,3601,39609.0,26.0
196413.0,5215,90764.0,26.0
218964.0,4510,43566.0,26.0
151379.0,5007,42084.0,26.0
144962.0,2313,47052.0,26.0
102094.0,5102,54204.0,26.0
102368.0,4510,57341.0,26.0
147244.0,4407,52870.0,26.0
233921.0,2705,94300.0,26.0
151777.0,5111,64722.0,26.0
217873.0,5299,34128.0,26.0
173920.0,4506,80795.0,26.0
486840.0,4507,53044.0,26.0
171456.0,5209,45797.0,26.0
132471.0,3105,47019.0,26.0
198950.0,4201,49124.0,26.0
153108.0,4201,56941.0,26.0
218964.0,1905,48702.0,26.0
234076.0,1401,101078.0,26.0
130934.0,5203,72522.0,26.0
203085.0,4201,39600.0,26.0
168227.0,1503,73979.0,26.0
231165.0,5007,37925.0,26.0
102553.0,2301,37326.0,26.0
151351.0,2607,48161.0,26.0
202480.0,1310,51389.0,26.0
151306.0,0901,42453.0,26.0
131399.0,5203,71572.0,26.0
201654.0,3105,44418.0,26.0
146481.0,1609,52598.0,26.0
241377.0,5108,16087.0,26.0
240374.0,5199,67130.0,26.0
199120.0,4008,103477.0,26.0
230807.0,5214,68786.0,26.0
202170.0,5007,32061.0,26.0
170082.0,5123,50291.0,26.0
217402.0,4511,64750.0,26.0
199962.0,1313,38993.0,26.0
201548.0,5214,66462.0,26.0
218061.0,4511,36995.0,26.0
218061.0,4510,44803.0,26.0
146719.0,2615,58373.0,26.0
168430.0,4506,62138.0,26.0
150941.0,5202,59538.0,26.0
133979.0,4201,29042.0,26.0
199111.0,4506,66736.0,26.0
241386.0,4301,24784.0,26.0
240471.0,5203,73583.0,26.0
169363.0,2601,59231.0,26.0
198109.0,5138,78143.0,26.0
170037.0,0901,48923.0,26.0
133881.0,5214,62019.0,26.0
490805.0,1503,84288.0,26.0
173160.0,4008,85657.0,26.0
240417.0,1419,87645.0,26.0
101480.0,5208,70025.0,26.0
168528.0,4301,54077.0,26.0
240417.0,1432,88102.0,26.0
133881.0,1405,88120.0,26.0
216287.0,2601,57754.0,26.0
218414.0,2601,60460.0,26.0
101709.0,1901,42038.0,26.0
203517.0,2699,65314.0,26.0
199157.0,5007,42067.0,26.0
199412.0,3105,41303.0,26.0
169910.0,1002,43507.0,26.0
149514.0,5201,66803.0,26.0
218414.0,5138,72303.0,26.0
199582.0,3105,38086.0,26.0
169798.0,5131,59211.0,26.0
169716.0,4407,50535.0,26.0
217484.0,0406,74488.0,26.0
168546.0,5208,81887.0,26.0
230995.0,4510,71791.0,26.0
151342.0,1107,99574.0,26.0
240444.0,0501,55733.0,26.0
233277.0,5401,43188.0,26.0
133669.0,1424,80093.0,26.0
170639.0,5203,60167.0,26.0
218724.0,1310,49005.0,26.0
216339.0,3801,47414.0,26.0
135160.0,5138,88907.0,26.0
130989.0,4301,48005.0,26.0
174233.0,2301,46740.0,26.0
172334.0,4201,41167.0,26.0
203775.0,5214,65015.0,26.0
202763.0,0113,46798.0,26.0
147013.0,5213,69002.0,26.0
135717.0,2601,50454.0,26.0
200253.0,3105,44239.0,26.0
149781.0,2301,52647.0,26.0
133553.0,4004,76421.0,26.0
174233.0,1435,97732.0,26.0
144971.0,4301,52845.0,26.0
240480.0,3801,39532.0,26.0
200156.0,5202,61462.0,26.0
169442.0,5002,41739.0,26.0
150677.0,4228,39291.0,26.0
241377.0,4301,24784.0,26.0
241739.0,5102,20075.0,26.0
200004.0,5004,58467.0,26.0
152390.0,4201,58218.0,26.0
201441.0,5005,37094.0,26.0
230995.0,1408,75713.0,26.0
199102.0,5007,31202.0,26.0
168421.0,5299,93298.0,26.0
199102.0,1599,74974.0,26.0
198419.0,4511,61425.0,26.0
240453.0,5102,53793.0,26.0
172264.0,1616,44933.0,26.0
152992.0,4407,50315.0,26.0
240453.0,5009,37616.0,26.0
152390.0,2601,68409.0,26.0
203580.0,4201,48687.0,26.0
172051.0,5208,65610.0,26.0
201441.0,3011,50070.0,26.0
102614.0,4201,43764.0,26.0
145646.0,5005,31172.0,26.0
127741.0,3019,45979.0,26.0
234076.0,1402,85681.0,26.0
207388.0,2701,53352.0,26.0
238032.0,0406,70646.0,26.0
223232.0,5218,125167.0,26.0
206941.0,5401,46882.0,26.0
164270.0,3105,50185.0,26.0
181534.0,1312,44850.0,26.0
223232.0,5007,50253.0,26.0
213507.0,0907,63128.0,26.0
228459.0,4509,53407.0,26.0
213507.0,2301,47838.0,26.0
110538.0,2701,77891.0,26.0
223232.0,4502,50699.0,26.0
139311.0,1107,94876.0,26.0
139250.0,4301,44274.0,26.0
157386.0,1101,51805.0,26.0
213507.0,5213,105444.0,26.0
206941.0,2313,41870.0,26.0
228459.0,5110,68940.0,26.0
191241.0,0301,71430.0,26.0
164492.0,4407,61652.0,26.0
164492.0,5202,56774.0,26.0
123961.0,2301,59345.0,26.0
238032.0,3103,38649.0,26.0
366252.0,5220,90272.0,26.0
181446.0,4407,48785.0,26.0
232256.0,2601,62515.0,26.0
157401.0,1104,66204.0,26.0
442569.0,1503,123809.0,26.0
110547.0,4299,52965.0,26.0
207351.0,5202,50148.0,26.0
110565.0,3801,44533.0,26.0
190567.0,5109,148354.0,26.0
139630.0,3105,38056.0,26.0
182670.0,4507,72985.0,26.0
207388.0,1409,101279.0,26.0
190594.0,1313,72919.0,26.0
122436.0,4511,54338.0,26.0
224226.0,5214,66736.0,26.0
440916.0,5214,56097.0,26.0
228431.0,1412,80086.0,26.0
139463.0,4407,47420.0,26.0
141574.0,0404,59090.0,26.0
207209.0,5202,39840.0,26.0
164076.0,3000,47597.0,26.0
207306.0,4201,41641.0,26.0
228459.0,0403,55625.0,26.0
207306.0,1312,39527.0,26.0
207306.0,0101,49666.0,26.0
141644.0,2601,49335.0,26.0
157401.0,5202,63679.0,26.0
110556.0,1510,95072.0,26.0
110556.0,1409,103896.0,26.0
110547.0,5210,64677.0,26.0
213358.0,5203,59181.0,26.0
206862.0,1312,45934.0,26.0
238032.0,4507,57075.0,26.0
110529.0,2613,63525.0,26.0
138558.0,5138,98328.0,26.0
156365.0,5138,79651.0,26.0
164988.0,5004,72809.0,26.0
214272.0,3105,58579.0,26.0
206525.0,1312,44325.0,26.0
156295.0,5201,52456.0,26.0
238458.0,1310,50570.0,26.0
180984.0,2601,47419.0,26.0
180984.0,1313,38865.0,26.0
156295.0,0901,41723.0,26.0
180878.0,5109,73221.0,26.0
165015.0,4511,65481.0,26.0
156125.0,5212,67413.0,26.0
142285.0,1003,49188.0,26.0
180522.0,4301,61748.0,26.0
110361.0,4510,64605.0,26.0
138354.0,5209,38420.0,26.0
165167.0,4400,55038.0,26.0
243780.0,2313,49918.0,26.0
126818.0,1414,82005.0,26.0
155937.0,3105,38771.0,26.0
463056.0,1435,111672.0,26.0
138354.0,5110,65285.0,26.0
155900.0,5138,85029.0,26.0
193016.0,3105,60049.0,26.0
181002.0,4201,55422.0,26.0
214175.0,5003,56503.0,26.0
191515.0,2701,83211.0,26.0
213996.0,5203,81907.0,26.0
222178.0,5208,83525.0,26.0
236595.0,1408,81559.0,26.0
213987.0,5004,45411.0,26.0
363916.0,4301,24784.0,26.0
363907.0,5108,16087.0,26.0
363907.0,4301,24784.0,26.0
181394.0,2615,55043.0,26.0
236595.0,0301,63465.0,26.0
157085.0,0199,60375.0,26.0
157058.0,4301,46767.0,26.0
236577.0,1401,106291.0,26.0
221999.0,5401,69820.0,26.0
126614.0,4507,57677.0,26.0
206622.0,1107,104908.0,26.0
138716.0,5214,50366.0,26.0
156745.0,3105,58526.0,26.0
138716.0,5109,62909.0,26.0
110495.0,2701,65184.0,26.0
236452.0,4301,55951.0,26.0
228705.0,5009,57117.0,26.0
156620.0,5102,50818.0,26.0
236328.0,5007,43032.0,26.0
156620.0,0907,41368.0,26.0
110422.0,4008,96805.0,26.0
224554.0,1104,89459.0,26.0
141361.0,5202,51699.0,26.0
205957.0,3801,31906.0,26.0
182980.0,5004,42056.0,26.0
209612.0,1301,53333.0,26.0
226231.0,1508,83158.0,26.0
115755.0,0904,39178.0,26.0
210775.0,4201,52044.0,26.0
187444.0,5100,46711.0,26.0
210775.0,4407,56243.0,26.0
187648.0,1313,51003.0,26.0
160621.0,1408,68016.0,26.0
185590.0,2299,61036.0,26.0
115755.0,4510,41994.0,26.0
227216.0,5217,75438.0,26.0
161457.0,4201,55085.0,26.0
436818.0,1435,111672.0,26.0
187985.0,0409,50263.0,26.0
160612.0,1101,92615.0,26.0
211291.0,1419,99860.0,26.0
226091.0,5208,63429.0,26.0
236975.0,5138,90618.0,26.0
140696.0,2313,48774.0,26.0
110671.0,1414,84300.0,26.0
185572.0,4502,55868.0,26.0
161554.0,0301,60665.0,26.0
187985.0,5005,40085.0,26.0
110662.0,3020,82501.0,26.0
211440.0,0402,73439.0,26.0
237057.0,4510,51740.0,26.0
210739.0,1101,64556.0,26.0
139959.0,3019,70867.0,26.0
160755.0,2601,47777.0,26.0
161217.0,5203,62035.0,26.0
226833.0,2609,50067.0,26.0
226833.0,5208,84547.0,26.0
210146.0,2301,49706.0,26.0
111948.0,2301,58055.0,26.0
111081.0,5007,28617.0,26.0
160755.0,4511,50847.0,26.0
140447.0,2401,48060.0,26.0
436827.0,1435,111672.0,26.0
160755.0,4399,64914.0,26.0
186283.0,4511,56736.0,26.0
140553.0,3105,39567.0,26.0
161253.0,1405,80059.0,26.0
186432.0,5214,63460.0,26.0
160755.0,0301,47709.0,26.0
161253.0,0109,50825.0,26.0
226471.0,2401,50346.0,26.0
186584.0,5004,51509.0,26.0
186584.0,5401,59445.0,26.0
160658.0,2701,54004.0,26.0
139968.0,2601,50699.0,26.0
210669.0,2601,59989.0,26.0
209612.0,4201,62484.0,26.0
160621.0,5214,56097.0,26.0
159993.0,5110,63390.0,26.0
211440.0,1401,110208.0,26.0
227368.0,4501,59440.0,26.0
237792.0,0901,50353.0,26.0
139755.0,3015,65454.0,26.0
237686.0,1312,39681.0,26.0
225432.0,4511,46106.0,26.0
183080.0,1107,96494.0,26.0
110608.0,1601,32939.0,26.0
190150.0,0502,55472.0,26.0
237792.0,0301,46797.0,26.0
409698.0,2701,62943.0,26.0
121150.0,0907,55432.0,26.0
409698.0,1101,74298.0,26.0
190150.0,4502,83493.0,26.0
207500.0,1409,105525.0,26.0
207661.0,3105,50096.0,26.0
225414.0,2701,60050.0,26.0
139658.0,5401,69988.0,26.0
110574.0,3101,68227.0,26.0
207403.0,3099,47162.0,26.0
139658.0,4005,79034.0,26.0
163912.0,1101,94101.0,26.0
183026.0,5299,98399.0,26.0
440916.0,1408,68016.0,26.0
139658.0,1609,72399.0,26.0
237932.0,4301,45353.0,26.0
158802.0,5202,49546.0,26.0
183211.0,5202,69102.0,26.0
139764.0,1313,48407.0,26.0
117946.0,1408,103223.0,26.0
232609.0,3105,53009.0,26.0
436836.0,1435,111672.0,26.0
188030.0,5131,49080.0,26.0
188304.0,5138,84626.0,26.0
226091.0,1616,54319.0,26.0
209506.0,4228,48724.0,26.0
225627.0,5109,63475.0,26.0
237312.0,5203,71104.0,26.0
188641.0,4301,57570.0,26.0
119173.0,5111,105024.0,26.0
208822.0,2601,52264.0,26.0
237367.0,1502,75102.0,26.0
141185.0,5202,43864.0,26.0
212106.0,4511,55050.0,26.0
162584.0,5007,45220.0,26.0
189097.0,4510,77805.0,26.0
227845.0,5005,47974.0,26.0
189097.0,5401,62258.0,26.0
120254.0,2601,59985.0,26.0
110608.0,5004,59676.0,26.0
163046.0,2301,63919.0,26.0
227863.0,5203,72586.0,26.0
159647.0,1408,81524.0,26.0
163286.0,0101,78577.0,26.0
110608.0,2701,63077.0,26.0
165662.0,0901,59202.0,26.0
181215.0,2601,67151.0,26.0
138354.0,2301,33671.0,26.0
179955.0,4201,55773.0,26.0
482149.0,5401,48318.0,26.0
195809.0,5209,41679.0,26.0
228802.0,5220,91845.0,26.0
177144.0,5138,69713.0,26.0
167260.0,5208,81485.0,26.0
214801.0,5001,45170.0,26.0
243197.0,5202,38351.0,26.0
176965.0,5109,60063.0,26.0
176965.0,4506,69359.0,26.0
220862.0,1409,89702.0,26.0
154022.0,4404,68344.0,26.0
204802.0,2313,40479.0,26.0
234827.0,0301,50776.0,26.0
204802.0,1435,99364.0,26.0
154022.0,3011,49843.0,26.0
196060.0,3020,63881.0,26.0
215053.0,5004,38275.0,26.0
196079.0,1601,54215.0,26.0
128771.0,1512,71243.0,26.0
154013.0,4301,46517.0,26.0
176372.0,3099,40707.0,26.0
220613.0,5203,79208.0,26.0
239390.0,5004,49881.0,26.0
177339.0,1313,43968.0,26.0
204820.0,1435,99364.0,26.0
195003.0,1102,113559.0,26.0
154095.0,5220,85688.0,26.0
214777.0,0113,47620.0,26.0
143084.0,1107,83339.0,26.0
178396.0,5009,39241.0,26.0
204848.0,2313,40479.0,26.0
155025.0,0901,45003.0,26.0
204848.0,1435,99364.0,26.0
106704.0,5009,46446.0,26.0
178387.0,1101,68405.0,26.0
137351.0,5004,54770.0,26.0
479956.0,5001,45170.0,26.0
127741.0,4510,65783.0,26.0
228796.0,1601,39907.0,26.0
204839.0,2313,40479.0,26.0
204839.0,1435,99364.0,26.0
195243.0,4201,60409.0,26.0
154527.0,1312,47698.0,26.0
178059.0,5213,83328.0,26.0
150136.0,5217,59612.0,26.0
150136.0,5219,47584.0,26.0
214777.0,5001,45170.0,26.0
166850.0,1408,90714.0,26.0
204820.0,2313,40479.0,26.0
143358.0,1436,88690.0,26.0
154004.0,1313,56166.0,26.0
234164.0,5202,39251.0,26.0
176080.0,2602,44979.0,26.0
153834.0,0301,52296.0,26.0
204486.0,5107,49026.0,26.0
215293.0,5131,59609.0,26.0
105330.0,1414,78955.0,26.0
129525.0,1503,47243.0,26.0
204194.0,2601,59219.0,26.0
104586.0,4004,76421.0,26.0
196219.0,5401,45661.0,26.0
174914.0,3801,41209.0,26.0
129525.0,5217,78655.0,26.0
242662.0,4201,41320.0,26.0
148584.0,5214,61119.0,26.0
104179.0,1445,80732.0,26.0
144892.0,1101,72220.0,26.0
129774.0,4301,50035.0,26.0
240268.0,2401,53957.0,26.0
219709.0,5202,71384.0,26.0
174862.0,3907,32718.0,26.0
144892.0,5109,49556.0,26.0
242653.0,3018,36327.0,26.0
129941.0,1408,83798.0,26.0
174844.0,3802,37335.0,26.0
215798.0,1312,51241.0,26.0
129941.0,1410,90042.0,26.0
215293.0,5006,37066.0,26.0
204501.0,4506,87120.0,26.0
167899.0,4301,60494.0,26.0
106245.0,1104,61350.0,26.0
153825.0,5203,74811.0,26.0
204796.0,2608,63767.0,26.0
137032.0,2601,55097.0,26.0
129020.0,1435,111672.0,26.0
482936.0,1410,90086.0,26.0
196167.0,4006,55018.0,26.0
229063.0,0904,45152.0,26.0
196167.0,4507,59528.0,26.0
204796.0,0110,70537.0,26.0
106245.0,5208,71526.0,26.0
167835.0,0501,51131.0,26.0
204617.0,5203,65961.0,26.0
129154.0,5201,69592.0,26.0
153603.0,4502,43443.0,26.0
105330.0,5401,45795.0,26.0
175616.0,5201,45058.0,26.0
220075.0,5007,34516.0,26.0
153603.0,4005,66486.0,26.0
175430.0,1312,39440.0,26.0
153603.0,2608,55037.0,26.0
153603.0,2602,63026.0,26.0
204635.0,3105,48289.0,26.0
221519.0,4201,58715.0,26.0
177339.0,4201,35914.0,26.0
204866.0,2313,40479.0,26.0
148487.0,5138,75716.0,26.0
179159.0,4510,67287.0,26.0
204857.0,1435,99364.0,26.0
179894.0,0901,45012.0,26.0
204857.0,2313,40479.0,26.0
238616.0,2601,59231.0,26.0
127565.0,1503,100358.0,26.0
235097.0,5006,39404.0,26.0
155089.0,1312,45032.0,26.0
228769.0,5005,36457.0,26.0
138187.0,1503,80943.0,26.0
127060.0,4504,57858.0,26.0
193399.0,4511,61964.0,26.0
221759.0,5005,41414.0,26.0
142285.0,5007,45624.0,26.0
179159.0,2601,65517.0,26.0
137953.0,3000,36114.0,26.0
239017.0,4506,71338.0,26.0
149231.0,5131,52166.0,26.0
179159.0,1107,91081.0,26.0
179566.0,5131,53621.0,26.0
214731.0,0113,47620.0,26.0
239017.0,2301,47954.0,26.0
214689.0,5001,45170.0,26.0
107877.0,2401,47575.0,26.0
150136.0,5131,55768.0,26.0
228769.0,4008,71830.0,26.0
204866.0,1435,99364.0,26.0
165699.0,0909,77253.0,26.0
214670.0,0113,47620.0,26.0
475273.0,4301,60494.0,26.0
142328.0,4301,49716.0,26.0
127060.0,5215,87026.0,26.0
194824.0,4008,81840.0,26.0
235097.0,4506,60954.0,26.0
142461.0,1401,85643.0,26.0
228787.0,4405,66209.0,26.0
194310.0,2401,65637.0,26.0
133553.0,1410,99450.0,25.0
231059.0,4506,82447.0,25.0
229063.0,4201,47185.0,25.0
239628.0,4506,67395.0,25.0
227368.0,5100,59794.0,25.0
150066.0,1313,50717.0,25.0
146339.0,0402,63846.0,25.0
237066.0,5214,59781.0,25.0
145725.0,1409,114930.0,25.0
151801.0,1313,48661.0,25.0
219356.0,5131,54646.0,25.0
138275.0,0100,56429.0,25.0
133669.0,2701,71453.0,25.0
151333.0,1101,75513.0,25.0
238324.0,5109,72442.0,25.0
151786.0,5208,77771.0,25.0
170976.0,2313,43689.0,25.0
164988.0,3801,68026.0,25.0
236948.0,1601,55540.0,25.0
133553.0,2904,72903.0,25.0
230737.0,3099,53967.0,25.0
159656.0,5009,39658.0,25.0
221892.0,3999,46332.0,25.0
170806.0,5111,69333.0,25.0
150677.0,3105,42123.0,25.0
239716.0,4506,66621.0,25.0
221847.0,4510,49898.0,25.0
153658.0,4005,60227.0,25.0
159717.0,5109,59777.0,25.0
150677.0,1412,74337.0,25.0
153658.0,5005,30231.0,25.0
227845.0,2615,50936.0,25.0
147767.0,1407,111040.0,25.0
232982.0,5110,68943.0,25.0
231712.0,4005,66171.0,25.0
145372.0,1312,42180.0,25.0
217882.0,1403,88338.0,25.0
159717.0,5007,34891.0,25.0
228459.0,5006,39473.0,25.0
160038.0,5100,67765.0,25.0
229115.0,5201,86278.0,25.0
145813.0,5107,71707.0,25.0
219790.0,3105,44431.0,25.0
171100.0,4507,56515.0,25.0
140252.0,2401,78151.0,25.0
150604.0,1312,46423.0,25.0
240365.0,5109,66541.0,25.0
238616.0,1907,47147.0,25.0
219718.0,4303,79079.0,25.0
142285.0,2601,55147.0,25.0
231174.0,5102,57174.0,25.0
236133.0,0909,56136.0,25.0
232025.0,4201,42940.0,25.0
169363.0,1907,47147.0,25.0
155900.0,5299,77689.0,25.0
240365.0,2401,49759.0,25.0
169248.0,4502,39577.0,25.0
234076.0,1410,98871.0,25.0
227216.0,1405,88484.0,25.0
150400.0,5009,39430.0,25.0
237011.0,4005,55793.0,25.0
230728.0,5004,64175.0,25.0
134097.0,3103,48260.0,25.0
135726.0,5005,34667.0,25.0
219709.0,0909,67040.0,25.0
140553.0,4506,84816.0,25.0
145813.0,1901,51806.0,25.0
155681.0,1105,71199.0,25.0
138293.0,5201,50253.0,25.0
229780.0,1312,47700.0,25.0
136950.0,4509,70502.0,25.0
165866.0,0301,57280.0,25.0
151342.0,5106,61436.0,25.0
229115.0,0106,54498.0,25.0
165015.0,0301,73936.0,25.0
240374.0,4006,47123.0,25.0
144740.0,1104,82551.0,25.0
161457.0,2613,48592.0,25.0
161457.0,0301,48309.0,25.0
217873.0,4511,39353.0,25.0
145336.0,1107,79154.0,25.0
167996.0,5107,82254.0,25.0
217873.0,4510,40910.0,25.0
156286.0,4301,51527.0,25.0
153384.0,2301,36854.0,25.0
171100.0,0302,68913.0,25.0
236230.0,3099,55178.0,25.0
236230.0,1101,128703.0,25.0
229267.0,4510,68934.0,25.0
227216.0,5206,78740.0,25.0
135726.0,2401,55625.0,25.0
153375.0,2401,49263.0,25.0
153375.0,1312,49409.0,25.0
165802.0,5107,63505.0,25.0
238032.0,5209,68473.0,25.0
229027.0,2605,46726.0,25.0
154004.0,1312,50717.0,25.0
154527.0,4201,47110.0,25.0
232566.0,5004,46040.0,25.0
222831.0,5401,47161.0,25.0
166391.0,5109,54185.0,25.0
230782.0,5111,66126.0,25.0
228529.0,1508,77044.0,25.0
157085.0,2701,75222.0,25.0
224147.0,5401,50387.0,25.0
221740.0,2203,37876.0,25.0
228431.0,1905,57742.0,25.0
220978.0,1310,47239.0,25.0
137351.0,1601,43813.0,25.0
237950.0,2701,77144.0,25.0
151306.0,1101,68782.0,25.0
157951.0,4502,40415.0,25.0
133809.0,2401,39764.0,25.0
228431.0,0306,56437.0,25.0
228343.0,4201,50426.0,25.0
157951.0,5122,43605.0,25.0
138947.0,2601,45413.0,25.0
151102.0,1510,72564.0,25.0
235097.0,5107,56244.0,25.0
137315.0,5138,102066.0,25.0
220862.0,5206,57162.0,25.0
236939.0,5004,69224.0,25.0
168591.0,5203,77001.0,25.0
228459.0,5206,74435.0,25.0
157401.0,3105,57764.0,25.0
238032.0,2701,77144.0,25.0
230764.0,5401,46896.0,25.0
157289.0,5009,39168.0,25.0
221519.0,3020,70907.0,25.0
139311.0,2203,49897.0,25.0
147767.0,4405,78752.0,25.0
235097.0,3103,51206.0,25.0
155025.0,2601,65043.0,25.0
230764.0,4512,68928.0,25.0
221351.0,1107,78973.0,25.0
230782.0,1609,70174.0,25.0
228787.0,4511,46551.0,25.0
223232.0,5201,124434.0,25.0
164173.0,5219,53007.0,25.0
164270.0,5203,93347.0,25.0
221731.0,5214,61564.0,25.0
223232.0,5210,89102.0,25.0
223232.0,5215,94027.0,25.0
166629.0,0113,57461.0,25.0
140447.0,5202,75835.0,25.0
134130.0,2607,41961.0,25.0
139366.0,5007,35560.0,25.0
151111.0,1503,90782.0,25.0
218441.0,5214,48859.0,25.0
157401.0,2301,41383.0,25.0
166939.0,4502,41274.0,25.0
145637.0,1405,97926.0,25.0
230807.0,4901,83574.0,25.0
240374.0,4511,46005.0,25.0
163453.0,1107,90183.0,25.0
150756.0,3105,56668.0,25.0
150756.0,2601,61030.0,25.0
217934.0,4201,32207.0,25.0
141264.0,5208,68453.0,25.0
230959.0,4510,77444.0,25.0
163338.0,5203,78413.0,25.0
147013.0,2601,59238.0,25.0
153162.0,3105,59195.0,25.0
220701.0,5138,45980.0,25.0
139755.0,0402,71292.0,25.0
217907.0,4201,46921.0,25.0
234669.0,5107,72695.0,25.0
225432.0,4510,59261.0,25.0
145600.0,4512,50202.0,25.0
228981.0,1313,58187.0,25.0
235097.0,5401,50286.0,25.0
164465.0,2301,65195.0,25.0
228778.0,1603,38455.0,25.0
227881.0,1609,55647.0,25.0
159647.0,0499,53731.0,25.0
150677.0,4400,40727.0,25.0
230995.0,3105,54456.0,25.0
138716.0,0901,39265.0,25.0
159391.0,0405,58518.0,25.0
159391.0,0402,69029.0,25.0
139658.0,0301,64795.0,25.0
163851.0,4511,49411.0,25.0
169798.0,4901,91648.0,25.0
152080.0,1410,112828.0,25.0
224545.0,5203,49822.0,25.0
154095.0,4506,71905.0,25.0
166027.0,4227,70167.0,25.0
152567.0,5203,65503.0,25.0
238980.0,4504,55265.0,25.0
218663.0,4507,59472.0,25.0
228149.0,5214,66151.0,25.0
236577.0,4511,46974.0,25.0
228149.0,5203,81100.0,25.0
143358.0,5004,60888.0,25.0
228875.0,5102,69730.0,25.0
219347.0,1439,75779.0,25.0
231651.0,1313,50123.0,25.0
228705.0,0109,44214.0,25.0
168786.0,4201,45698.0,25.0
228149.0,2601,46873.0,25.0
228042.0,5214,63107.0,25.0
225399.0,4201,53021.0,25.0
163453.0,5209,46441.0,25.0
225414.0,4407,49513.0,25.0
159373.0,5109,71726.0,25.0
238661.0,2601,69355.0,25.0
149772.0,5210,70157.0,25.0
162007.0,1312,60746.0,25.0
243106.0,5212,35212.0,25.0
186380.0,4227,59913.0,25.0
111948.0,2601,64461.0,25.0
436827.0,1310,61066.0,25.0
215293.0,5106,60778.0,25.0
215293.0,5107,83516.0,25.0
210146.0,2601,63008.0,25.0
175078.0,4301,64654.0,25.0
186380.0,2602,79510.0,25.0
110714.0,5005,30524.0,25.0
129525.0,2601,63299.0,25.0
215655.0,2601,50182.0,25.0
198561.0,1312,45110.0,25.0
110361.0,3802,47121.0,25.0
215743.0,5208,90838.0,25.0
203517.0,0301,47208.0,25.0
460349.0,5208,73152.0,25.0
174862.0,4228,60077.0,25.0
203465.0,0301,47208.0,25.0
186399.0,4227,59913.0,25.0
129941.0,1407,85269.0,25.0
242635.0,2601,41681.0,25.0
149514.0,3105,44979.0,25.0
110361.0,5202,80632.0,25.0
110404.0,1107,200511.0,25.0
110705.0,2610,98462.0,25.0
215929.0,3801,63410.0,25.0
198808.0,5202,60108.0,25.0
243106.0,5208,26438.0,25.0
198419.0,5401,112377.0,25.0
174792.0,4510,63770.0,25.0
176080.0,1310,41627.0,25.0
148584.0,4301,61741.0,25.0
113698.0,4201,61339.0,25.0
109785.0,4228,66411.0,25.0
102614.0,1312,54423.0,25.0
186201.0,5001,43063.0,25.0
197869.0,5010,44297.0,25.0
205957.0,5214,56937.0,25.0
215062.0,5007,44735.0,25.0
215062.0,5213,153279.0,25.0
113698.0,2401,65780.0,25.0
198136.0,4501,71052.0,25.0
129020.0,1310,61066.0,25.0
210401.0,2601,45197.0,25.0
186371.0,4227,59913.0,25.0
111948.0,5009,41698.0,25.0
102553.0,1408,85650.0,25.0
243151.0,4005,50128.0,25.0
215275.0,5107,83516.0,25.0
176035.0,1205,42043.0,25.0
192819.0,5004,66010.0,25.0
192819.0,2301,47170.0,25.0
198303.0,4501,44793.0,25.0
186283.0,5401,53311.0,25.0
463056.0,1310,61066.0,25.0
186371.0,2602,79510.0,25.0
215284.0,5107,83516.0,25.0
242626.0,2601,28358.0,25.0
192448.0,1101,77461.0,25.0
201885.0,5102,60001.0,25.0
173920.0,5401,52550.0,25.0
209409.0,1312,46716.0,25.0
199139.0,4005,60978.0,25.0
209065.0,5208,67946.0,25.0
209065.0,5203,78683.0,25.0
199139.0,4502,39112.0,25.0
209065.0,0901,54091.0,25.0
216366.0,5107,55383.0,25.0
209056.0,5007,42788.0,25.0
209056.0,4511,52232.0,25.0
208822.0,5214,67364.0,25.0
202134.0,1409,88595.0,25.0
110635.0,1405,110597.0,25.0
451370.0,3802,98832.0,25.0
191968.0,2313,51001.0,25.0
149222.0,0901,69034.0,25.0
216667.0,1609,61972.0,25.0
216667.0,2301,50646.0,25.0
199193.0,2605,64510.0,25.0
173665.0,4510,53252.0,25.0
191649.0,1313,74525.0,25.0
110510.0,1601,49732.0,25.0
201885.0,5401,59290.0,25.0
130943.0,2701,76327.0,25.0
201885.0,5131,59703.0,25.0
130943.0,5109,64020.0,25.0
199193.0,5010,35867.0,25.0
174066.0,2613,50106.0,25.0
101879.0,1901,42733.0,25.0
187444.0,2701,71340.0,25.0
187985.0,1905,46674.0,25.0
203368.0,1107,88824.0,25.0
242617.0,1313,31196.0,25.0
198969.0,4301,53072.0,25.0
198969.0,4302,53649.0,25.0
110671.0,4599,55087.0,25.0
130226.0,4506,100141.0,25.0
202912.0,5138,86005.0,25.0
487603.0,0909,56136.0,25.0
102049.0,5208,93444.0,25.0
187985.0,1413,86015.0,25.0
174747.0,0901,64430.0,25.0
216038.0,2701,57744.0,25.0
130226.0,5212,95200.0,25.0
199111.0,5203,69472.0,25.0
147828.0,1312,45455.0,25.0
202806.0,1107,111131.0,25.0
187985.0,2602,48873.0,25.0
206589.0,4201,60250.0,25.0
130253.0,4407,58384.0,25.0
187985.0,5102,49834.0,25.0
199102.0,1408,76508.0,25.0
436836.0,1310,61066.0,25.0
110653.0,1609,55360.0,25.0
188030.0,5001,27875.0,25.0
216339.0,1500,79351.0,25.0
174233.0,4511,50174.0,25.0
484905.0,5201,55051.0,25.0
214801.0,1107,101854.0,25.0
203775.0,3105,47256.0,25.0
183211.0,4201,56686.0,25.0
232265.0,4510,64293.0,25.0
106412.0,0904,40515.0,25.0
196079.0,5006,46579.0,25.0
196088.0,0404,49920.0,25.0
107044.0,4301,48992.0,25.0
212115.0,4511,53273.0,25.0
125727.0,2601,75889.0,25.0
196088.0,2610,64445.0,25.0
181394.0,2701,65245.0,25.0
149231.0,1409,94494.0,25.0
196112.0,1104,67049.0,25.0
414878.0,5203,65503.0,25.0
194392.0,3101,41797.0,25.0
196051.0,4706,61351.0,25.0
214041.0,5401,50943.0,25.0
204796.0,3020,66995.0,25.0
126562.0,4506,71385.0,25.0
126614.0,1404,89797.0,25.0
204796.0,2602,67381.0,25.0
204796.0,2401,54529.0,25.0
214591.0,1107,101854.0,25.0
193973.0,5202,65154.0,25.0
183910.0,4301,54225.0,25.0
180814.0,4400,36592.0,25.0
126669.0,4301,44849.0,25.0
212106.0,0904,54081.0,25.0
181464.0,1409,103934.0,25.0
196042.0,1506,78267.0,25.0
177339.0,3802,46205.0,25.0
212832.0,1312,45799.0,25.0
182795.0,4201,48547.0,25.0
149222.0,5209,53392.0,25.0
213020.0,4510,63458.0,25.0
182670.0,4502,70846.0,25.0
122436.0,4509,61509.0,25.0
182290.0,5211,76236.0,25.0
212911.0,4510,62242.0,25.0
213321.0,0901,49930.0,25.0
121691.0,4405,70080.0,25.0
195216.0,5401,57349.0,25.0
213349.0,2301,50300.0,25.0
122612.0,4506,93712.0,25.0
213349.0,4006,52378.0,25.0
213507.0,5009,54235.0,25.0
122612.0,5004,49788.0,25.0
182281.0,1409,93830.0,25.0
106467.0,2601,49840.0,25.0
123554.0,2301,57651.0,25.0
195030.0,2701,94178.0,25.0
213385.0,1401,104222.0,25.0
232423.0,4502,60841.0,25.0
196015.0,5208,60986.0,25.0
123572.0,5007,46022.0,25.0
149222.0,5005,39926.0,25.0
181464.0,5009,47990.0,25.0
213507.0,4506,93878.0,25.0
204796.0,1405,90065.0,25.0
126678.0,4506,122998.0,25.0
180595.0,2601,60305.0,25.0
127565.0,5005,42870.0,25.0
178420.0,4506,64476.0,25.0
196255.0,5123,91809.0,25.0
211556.0,4201,56980.0,25.0
178411.0,5299,73519.0,25.0
117946.0,2401,62148.0,25.0
127565.0,4005,76759.0,25.0
178402.0,4511,49936.0,25.0
178402.0,4510,51417.0,25.0
117946.0,0502,54897.0,25.0
104151.0,5112,66899.0,25.0
178396.0,4502,49351.0,25.0
214777.0,1107,101854.0,25.0
127565.0,5009,38957.0,25.0
196167.0,4511,65234.0,25.0
232308.0,2301,38172.0,25.0
178396.0,2705,76037.0,25.0
196413.0,2615,54088.0,25.0
104151.0,3802,53789.0,25.0
436818.0,1310,61066.0,25.0
127741.0,2701,51939.0,25.0
193292.0,2401,71097.0,25.0
178341.0,4511,40957.0,25.0
211088.0,5203,73901.0,25.0
243221.0,4005,43731.0,25.0
104151.0,1418,89913.0,25.0
148584.0,5210,90495.0,25.0
107512.0,5208,77583.0,25.0
127556.0,5203,71577.0,25.0
243601.0,1410,61366.0,25.0
211583.0,5203,80579.0,25.0
126775.0,1414,87278.0,25.0
180106.0,5100,62284.0,25.0
184348.0,2601,58620.0,25.0
204617.0,1312,41174.0,25.0
179964.0,0105,33757.0,25.0
212054.0,3105,58488.0,25.0
119605.0,5401,59645.0,25.0
127060.0,2301,49287.0,25.0
179894.0,1107,66113.0,25.0
193900.0,3019,70508.0,25.0
212054.0,2299,93811.0,25.0
119605.0,5100,76305.0,25.0
212054.0,1418,94694.0,25.0
196200.0,5100,50659.0,25.0
483124.0,3802,53789.0,25.0
243780.0,0183,45935.0,25.0
104586.0,1410,99450.0,25.0
433660.0,1405,91676.0,25.0
196237.0,1312,57360.0,25.0
179159.0,5207,70895.0,25.0
196246.0,5102,53653.0,25.0
196246.0,5131,60418.0,25.0
147828.0,5203,77132.0,25.0
196246.0,5212,85677.0,25.0
127185.0,5122,47830.0,25.0
201885.0,5115,52735.0,25.0
195474.0,5401,59855.0,25.0
190725.0,4407,57850.0,25.0
110592.0,5009,39120.0,25.0
110556.0,4502,49187.0,25.0
148496.0,3019,57532.0,25.0
173300.0,1312,49551.0,25.0
190600.0,4599,54259.0,25.0
217235.0,5208,73152.0,25.0
190646.0,5138,125792.0,25.0
110529.0,4006,73305.0,25.0
131520.0,5107,68877.0,25.0
100663.0,5009,41768.0,25.0
207324.0,1419,85881.0,25.0
110556.0,3801,42337.0,25.0
199962.0,4301,62075.0,25.0
100858.0,0306,54449.0,25.0
446048.0,3906,42457.0,25.0
207582.0,5214,65210.0,25.0
131159.0,2314,54436.0,25.0
217059.0,3017,50634.0,25.0
201548.0,4510,56686.0,25.0
207661.0,4301,52645.0,25.0
131113.0,5214,63979.0,25.0
199306.0,3105,46322.0,25.0
190594.0,0502,51569.0,25.0
217402.0,2401,62111.0,25.0
200800.0,5102,58249.0,25.0
240453.0,3802,52659.0,25.0
172644.0,1203,62954.0,25.0
207324.0,5004,56958.0,25.0
200156.0,3105,65831.0,25.0
172051.0,2313,50875.0,25.0
240471.0,4008,85638.0,25.0
131283.0,3801,49378.0,25.0
131520.0,5010,44345.0,25.0
207500.0,2701,76026.0,25.0
110583.0,2605,73988.0,25.0
173160.0,4407,54448.0,25.0
240444.0,5109,57745.0,25.0
442569.0,5210,47739.0,25.0
131469.0,5209,75683.0,25.0
200217.0,1313,49612.0,25.0
100858.0,1445,74411.0,25.0
173045.0,4506,88507.0,25.0
217721.0,4301,39337.0,25.0
110510.0,4501,47348.0,25.0
200332.0,5131,54301.0,25.0
199865.0,0301,43793.0,25.0
441937.0,4502,51951.0,25.0
132657.0,4201,47373.0,25.0
445188.0,4005,56888.0,25.0
110529.0,1609,68077.0,25.0
173045.0,5212,75100.0,25.0
190594.0,5122,63884.0,25.0
131283.0,1405,81519.0,25.0
171146.0,3099,62420.0,25.0
149222.0,1203,60203.0,25.0
200332.0,1435,84016.0,25.0
498571.0,5004,40854.0,25.0
201885.0,4509,57228.0,25.0
201885.0,2701,76667.0,25.0
190512.0,4228,73007.0,25.0
199281.0,4005,63288.0,25.0
240480.0,2602,61349.0,25.0
189705.0,4510,62398.0,25.0
240453.0,1435,82763.0,25.0
190664.0,1609,64185.0,25.0
173328.0,1107,105577.0,25.0
216931.0,1414,70039.0,25.0
190558.0,1401,72716.0,25.0
207388.0,5401,40169.0,25.0
200332.0,0102,58690.0,25.0
117104.0,3902,46756.0,24.0
230038.0,1003,73941.0,24.0
128771.0,1508,90472.0,24.0
200226.0,2401,38553.0,24.0
228875.0,2601,63572.0,24.0
220978.0,4502,38727.0,24.0
113698.0,0999,58005.0,24.0
148496.0,2601,46040.0,24.0
223232.0,2301,54367.0,24.0
239390.0,5219,55207.0,24.0
156082.0,1101,78778.0,24.0
178387.0,3103,47177.0,24.0
217688.0,1107,97290.0,24.0
218070.0,4201,57264.0,24.0
226091.0,5207,70799.0,24.0
155627.0,5210,66759.0,24.0
121257.0,5210,89636.0,24.0
230995.0,4201,53775.0,24.0
176372.0,2613,36771.0,24.0
463056.0,1414,83293.0,24.0
185262.0,4199,72277.0,24.0
104151.0,1603,47331.0,24.0
166452.0,5006,45508.0,24.0
198215.0,2601,52583.0,24.0
181464.0,0405,62201.0,24.0
186283.0,5100,79664.0,24.0
201441.0,0404,59873.0,24.0
157809.0,2401,58853.0,24.0
201371.0,1905,47378.0,24.0
192864.0,5004,48393.0,24.0
102553.0,1511,86227.0,24.0
171146.0,5100,53886.0,24.0
149772.0,4511,50080.0,24.0
231059.0,2301,58137.0,24.0
133669.0,5010,37374.0,24.0
498571.0,1104,70608.0,24.0
181446.0,5005,45420.0,24.0
196060.0,0301,58784.0,24.0
148487.0,5009,24232.0,24.0
213543.0,4201,74939.0,24.0
207209.0,2401,39408.0,24.0
123961.0,1409,166369.0,24.0
178396.0,4507,56191.0,24.0
441609.0,3802,81349.0,24.0
147013.0,5214,65696.0,24.0
210429.0,1301,46042.0,24.0
218070.0,5009,52225.0,24.0
127565.0,4511,52414.0,24.0
214777.0,0111,52329.0,24.0
229160.0,5214,55615.0,24.0
185129.0,4302,69444.0,24.0
243443.0,5006,21459.0,24.0
149222.0,4502,41242.0,24.0
236939.0,5211,77598.0,24.0
196291.0,4004,65068.0,24.0
436818.0,1414,83293.0,24.0
226231.0,3099,46286.0,24.0
239318.0,1408,92809.0,24.0
177746.0,1003,30798.0,24.0
197133.0,5005,40165.0,24.0
114813.0,4201,52695.0,24.0
128744.0,5138,123148.0,24.0
205443.0,1506,81446.0,24.0
177551.0,5203,50792.0,24.0
157401.0,5007,38192.0,24.0
200332.0,1409,92878.0,24.0
172644.0,4006,57203.0,24.0
104151.0,1199,92052.0,24.0
166939.0,0301,43204.0,24.0
128106.0,1508,53940.0,24.0
176628.0,5201,83385.0,24.0
161253.0,5007,44876.0,24.0
237792.0,2301,38581.0,24.0
152673.0,2313,65605.0,24.0
200004.0,4005,51213.0,24.0
436818.0,4405,64389.0,24.0
161253.0,2607,36078.0,24.0
213507.0,4511,46836.0,24.0
139959.0,2701,65436.0,24.0
485111.0,5202,64567.0,24.0
205443.0,5109,50706.0,24.0
205443.0,4511,43602.0,24.0
445188.0,5401,44144.0,24.0
115755.0,0502,43064.0,24.0
186131.0,1419,115927.0,24.0
167260.0,5203,78894.0,24.0
163453.0,4510,50791.0,24.0
177144.0,1313,39884.0,24.0
436818.0,4227,80873.0,24.0
177065.0,4511,49542.0,24.0
110565.0,4507,48979.0,24.0
197045.0,5123,56113.0,24.0
200156.0,1312,49410.0,24.0
161457.0,5202,61240.0,24.0
220710.0,5202,63053.0,24.0
178244.0,4400,41036.0,24.0
155900.0,1102,83746.0,24.0
236595.0,5110,88308.0,24.0
463056.0,4405,64389.0,24.0
214883.0,4301,53068.0,24.0
155636.0,5210,66759.0,24.0
177968.0,5122,62455.0,24.0
176406.0,4511,42121.0,24.0
213543.0,1409,116214.0,24.0
243221.0,4511,35481.0,24.0
218061.0,5214,41125.0,24.0
214883.0,5203,74451.0,24.0
137351.0,4507,54944.0,24.0
214777.0,3801,65675.0,24.0
196866.0,2401,75345.0,24.0
211088.0,5007,37489.0,24.0
204936.0,5202,70328.0,24.0
196866.0,2601,87208.0,24.0
172644.0,1405,106048.0,24.0
214777.0,4501,59883.0,24.0
166692.0,1427,125191.0,24.0
463056.0,4227,80873.0,24.0
211088.0,0901,40740.0,24.0
139311.0,5401,42146.0,24.0
161554.0,5209,47748.0,24.0
115755.0,2603,42743.0,24.0
161253.0,5401,53204.0,24.0
482680.0,1313,50811.0,24.0
218061.0,5203,58797.0,24.0
206941.0,1203,54571.0,24.0
139199.0,5201,55114.0,24.0
180461.0,1435,88087.0,24.0
127565.0,1508,98267.0,24.0
165024.0,4006,52219.0,24.0
196112.0,1408,75078.0,24.0
131520.0,5203,98645.0,24.0
207041.0,0901,36280.0,24.0
237525.0,1110,79371.0,24.0
180595.0,4901,77374.0,24.0
138354.0,5401,42219.0,24.0
196167.0,4008,77575.0,24.0
139861.0,5109,54927.0,24.0
106245.0,4511,42390.0,24.0
155317.0,2701,64905.0,24.0
482699.0,5138,77175.0,24.0
100663.0,5005,37173.0,24.0
201104.0,5201,59115.0,24.0
231165.0,5133,40273.0,24.0
217882.0,1104,105646.0,24.0
170976.0,1423,94330.0,24.0
181215.0,5401,47590.0,24.0
180489.0,2601,37771.0,24.0
126818.0,4005,71615.0,24.0
180461.0,1601,55352.0,24.0
196097.0,0301,49759.0,24.0
180179.0,3099,65875.0,24.0
213996.0,4407,52511.0,24.0
126818.0,0112,57671.0,24.0
196200.0,2301,48920.0,24.0
196194.0,5009,41122.0,24.0
190646.0,1310,66377.0,24.0
181394.0,1601,46595.0,24.0
237385.0,5202,44589.0,24.0
194578.0,2313,39915.0,24.0
105330.0,5007,34073.0,24.0
193900.0,4511,77650.0,24.0
222178.0,1313,49566.0,24.0
207324.0,5203,73871.0,24.0
120254.0,4201,56800.0,24.0
154004.0,0104,66368.0,24.0
428259.0,5210,66759.0,24.0
165015.0,2615,68179.0,24.0
196130.0,3000,59096.0,24.0
153825.0,5214,69010.0,24.0
214175.0,2301,40161.0,24.0
181020.0,1312,53163.0,24.0
221999.0,1609,114368.0,24.0
234164.0,0901,42376.0,24.0
196112.0,4201,40318.0,24.0
126580.0,1409,121678.0,24.0
231165.0,5220,88301.0,24.0
120883.0,0901,60666.0,24.0
193973.0,4504,60995.0,24.0
171456.0,5208,63730.0,24.0
181215.0,2301,41180.0,24.0
204796.0,3099,59072.0,24.0
181215.0,0101,61438.0,24.0
149231.0,1510,95430.0,24.0
153834.0,0901,52905.0,24.0
221999.0,1405,116662.0,24.0
207041.0,1312,41552.0,24.0
194091.0,5004,36864.0,24.0
214175.0,4510,66540.0,24.0
120537.0,3906,50647.0,24.0
138558.0,5206,56001.0,24.0
229027.0,5207,46192.0,24.0
201104.0,5131,50359.0,24.0
171456.0,4510,50520.0,24.0
144050.0,3801,71709.0,24.0
237686.0,5138,77910.0,24.0
234155.0,5212,72734.0,24.0
234173.0,3099,53272.0,24.0
163286.0,5005,41742.0,24.0
231581.0,1107,81050.0,24.0
232423.0,4006,51500.0,24.0
229027.0,2602,45035.0,24.0
126614.0,5007,47297.0,24.0
139764.0,5214,51176.0,24.0
221999.0,2615,59575.0,24.0
139931.0,4502,55879.0,24.0
204635.0,5214,67802.0,24.0
196079.0,2604,58342.0,24.0
234076.0,3802,58324.0,24.0
183062.0,5138,82061.0,24.0
211981.0,4228,48732.0,24.0
204024.0,5005,54215.0,24.0
104179.0,4005,66532.0,24.0
119173.0,1907,39318.0,24.0
181446.0,0901,57937.0,24.0
196246.0,2301,54281.0,24.0
179159.0,4509,55964.0,24.0
222831.0,5208,61740.0,24.0
196237.0,5208,71441.0,24.0
164562.0,5401,49526.0,24.0
217633.0,5210,62076.0,24.0
225627.0,1101,65405.0,24.0
125727.0,2401,61939.0,24.0
153278.0,0901,48537.0,24.0
236939.0,4502,42888.0,24.0
150604.0,5208,84829.0,24.0
107512.0,3105,53597.0,24.0
213987.0,5219,61066.0,24.0
178697.0,0101,49360.0,24.0
178615.0,5401,43405.0,24.0
240453.0,5003,29695.0,24.0
100706.0,1407,90681.0,24.0
144892.0,3103,49424.0,24.0
201195.0,5010,55117.0,24.0
153250.0,5208,74869.0,24.0
200800.0,5401,46973.0,24.0
127556.0,4407,50441.0,24.0
225414.0,1101,75617.0,24.0
239017.0,2601,38092.0,24.0
225627.0,5122,43524.0,24.0
139144.0,5202,61160.0,24.0
464226.0,5210,66759.0,24.0
181446.0,2601,54566.0,24.0
164562.0,4510,58537.0,24.0
178721.0,5138,65225.0,24.0
184612.0,5107,49389.0,24.0
165866.0,5138,96620.0,24.0
127060.0,5209,75118.0,24.0
170806.0,4407,58037.0,24.0
179894.0,1003,40168.0,24.0
228431.0,2313,34743.0,24.0
165699.0,0901,62840.0,24.0
194824.0,1418,82947.0,24.0
212054.0,2701,98709.0,24.0
127060.0,2602,69725.0,24.0
204501.0,5401,60895.0,24.0
131520.0,5202,88875.0,24.0
153278.0,1312,42296.0,24.0
162584.0,5009,46546.0,24.0
183080.0,5005,35646.0,24.0
120184.0,0901,51994.0,24.0
120184.0,2601,75059.0,24.0
221768.0,2601,63410.0,24.0
207351.0,2601,47464.0,24.0
213987.0,5214,74187.0,24.0
171571.0,5109,63925.0,24.0
179867.0,5206,162355.0,24.0
162584.0,2301,46612.0,24.0
144740.0,1609,50460.0,24.0
179557.0,5102,51817.0,24.0
433660.0,1310,56467.0,24.0
179557.0,5209,53527.0,24.0
164632.0,1301,47941.0,24.0
127060.0,5201,74033.0,24.0
212115.0,4510,42428.0,24.0
171571.0,5213,87119.0,24.0
162283.0,2401,60410.0,24.0
442569.0,1110,91988.0,24.0
213987.0,1310,49638.0,24.0
193900.0,2799,129073.0,24.0
204486.0,3105,40469.0,24.0
144740.0,3005,53498.0,24.0
183080.0,1313,49154.0,24.0
200280.0,4510,66535.0,24.0
129020.0,1414,83293.0,24.0
203517.0,1616,42488.0,24.0
243151.0,4511,26901.0,24.0
142285.0,0301,62791.0,24.0
168528.0,5203,77588.0,24.0
436836.0,1414,83293.0,24.0
157085.0,0907,44333.0,24.0
216278.0,4510,52221.0,24.0
157401.0,5401,46739.0,24.0
202514.0,4407,50745.0,24.0
134945.0,4501,48761.0,24.0
199102.0,1409,98567.0,24.0
134945.0,5213,61660.0,24.0
182290.0,1414,83233.0,24.0
192323.0,4511,59291.0,24.0
488679.0,3902,53497.0,24.0
236939.0,1409,114635.0,24.0
240471.0,5102,54963.0,24.0
216038.0,5007,37922.0,24.0
159391.0,5206,81799.0,24.0
101879.0,5009,41734.0,24.0
224226.0,2601,60722.0,24.0
164076.0,1907,57295.0,24.0
159993.0,2601,33429.0,24.0
202480.0,1506,82332.0,24.0
174233.0,4005,66529.0,24.0
199111.0,2701,56247.0,24.0
106467.0,5004,32960.0,24.0
168546.0,5203,78221.0,24.0
159966.0,5007,39637.0,24.0
110592.0,4901,70508.0,24.0
216339.0,1510,89674.0,24.0
492962.0,1435,90363.0,24.0
174251.0,1312,48987.0,24.0
219259.0,4511,50765.0,24.0
130590.0,4201,69730.0,24.0
192040.0,3802,74060.0,24.0
188030.0,5122,42410.0,24.0
110644.0,5005,56823.0,24.0
151351.0,1603,50989.0,24.0
236328.0,1603,53792.0,24.0
164173.0,5006,38813.0,24.0
182281.0,1313,53070.0,24.0
154235.0,5202,77850.0,24.0
174783.0,4511,52455.0,24.0
145813.0,4507,69383.0,24.0
187897.0,4301,45868.0,24.0
130226.0,1419,89732.0,24.0
377555.0,1409,169570.0,24.0
143084.0,2301,43492.0,24.0
168281.0,5006,54106.0,24.0
169910.0,1503,86348.0,24.0
135726.0,1419,86156.0,24.0
206695.0,5209,47657.0,24.0
190415.0,0501,96976.0,24.0
198969.0,2601,50810.0,24.0
219471.0,5102,64069.0,24.0
215947.0,5214,57156.0,24.0
228723.0,1601,66241.0,24.0
227331.0,4301,53505.0,24.0
133951.0,0301,49748.0,24.0
241739.0,5207,34139.0,24.0
130226.0,4511,67262.0,24.0
202806.0,4301,58747.0,24.0
110510.0,5005,40118.0,24.0
169910.0,2313,47823.0,24.0
240471.0,4504,51586.0,24.0
100858.0,5110,64370.0,24.0
106704.0,0904,43189.0,24.0
195544.0,5401,38952.0,24.0
168421.0,1108,95430.0,24.0
150136.0,5009,37997.0,24.0
110671.0,2605,72295.0,24.0
209551.0,0901,70532.0,24.0
102049.0,5214,70839.0,24.0
151360.0,5107,54525.0,24.0
110413.0,5009,32316.0,24.0
174783.0,1410,90009.0,24.0
219082.0,1310,46095.0,24.0
121691.0,4510,64353.0,24.0
236948.0,5004,89193.0,24.0
236577.0,1107,133039.0,24.0
490805.0,1408,84514.0,24.0
233295.0,4511,48275.0,24.0
151263.0,1313,51742.0,24.0
216931.0,5208,72961.0,24.0
101693.0,3905,39457.0,24.0
377564.0,1409,169570.0,24.0
173920.0,0502,50694.0,24.0
182980.0,4228,46270.0,24.0
151324.0,1909,45035.0,24.0
146612.0,0909,59981.0,24.0
173920.0,2301,45688.0,24.0
154493.0,4404,70374.0,24.0
147776.0,4506,58252.0,24.0
207971.0,5202,64026.0,24.0
169248.0,1410,91542.0,24.0
240727.0,1407,81629.0,24.0
169248.0,4509,61331.0,24.0
169248.0,5005,43916.0,24.0
101693.0,3802,42196.0,24.0
132903.0,2203,61853.0,24.0
141264.0,4510,47035.0,24.0
232557.0,1301,41664.0,24.0
122409.0,4507,58004.0,24.0
110608.0,4005,79878.0,24.0
236948.0,1409,169570.0,24.0
236577.0,2301,52378.0,24.0
230782.0,2301,46508.0,24.0
182670.0,5401,136403.0,24.0
182795.0,5203,67628.0,24.0
141264.0,1104,71257.0,24.0
173665.0,4502,42751.0,24.0
216931.0,1401,86308.0,24.0
133979.0,4301,45656.0,24.0
173665.0,4511,46877.0,24.0
213020.0,4506,75865.0,24.0
207971.0,5203,85233.0,24.0
130934.0,2601,59296.0,24.0
227845.0,2313,53151.0,24.0
199139.0,5003,48518.0,24.0
446640.0,1101,74043.0,24.0
230764.0,1601,44336.0,24.0
159647.0,0109,36769.0,24.0
216357.0,4201,43457.0,24.0
202134.0,5005,36174.0,24.0
133951.0,4005,57788.0,24.0
232681.0,4099,59594.0,24.0
130794.0,0502,65213.0,24.0
130794.0,0501,67230.0,24.0
147679.0,4301,65032.0,24.0
110644.0,2613,62011.0,24.0
130776.0,2601,52458.0,24.0
168591.0,3105,63641.0,24.0
228723.0,0303,47918.0,24.0
140960.0,4227,48594.0,24.0
436836.0,4227,80873.0,24.0
240480.0,1407,100375.0,24.0
224323.0,4506,78699.0,24.0
240727.0,3020,39168.0,24.0
454582.0,5210,66759.0,24.0
141185.0,4228,33831.0,24.0
218964.0,1310,44766.0,24.0
110608.0,1609,43345.0,24.0
199281.0,5007,36793.0,24.0
151290.0,1435,90363.0,24.0
200800.0,1104,77590.0,24.0
195474.0,2613,49016.0,24.0
216524.0,2701,82419.0,24.0
156620.0,5009,37673.0,24.0
233374.0,2601,69564.0,24.0
130934.0,0100,52676.0,24.0
132903.0,0402,64826.0,24.0
169798.0,2313,40929.0,24.0
436836.0,4405,64389.0,24.0
145813.0,1517,76731.0,24.0
190150.0,3801,56885.0,24.0
186380.0,2608,83484.0,24.0
243106.0,1503,34657.0,24.0
186380.0,0406,65863.0,24.0
152080.0,5401,70423.0,24.0
236948.0,0403,73413.0,24.0
110583.0,1405,106540.0,24.0
147767.0,2705,122682.0,24.0
152099.0,5203,76123.0,24.0
129525.0,1310,59185.0,24.0
156125.0,1500,77103.0,24.0
220075.0,2701,49423.0,24.0
175272.0,5107,72716.0,24.0
190415.0,4008,118649.0,24.0
152381.0,1310,43577.0,24.0
486840.0,1699,42832.0,24.0
479956.0,3801,65675.0,24.0
210146.0,4501,61526.0,24.0
175272.0,5212,76708.0,24.0
486840.0,5004,57755.0,24.0
486840.0,5122,61665.0,24.0
167996.0,2601,81361.0,24.0
136330.0,2601,56258.0,24.0
223232.0,5401,57006.0,24.0
131399.0,2200,74158.0,24.0
192703.0,4501,75745.0,24.0
198543.0,0901,38325.0,24.0
212656.0,5203,63742.0,24.0
133872.0,5100,51967.0,24.0
161086.0,0301,55719.0,24.0
102368.0,0907,44859.0,24.0
230852.0,0901,49508.0,24.0
230171.0,3000,49936.0,24.0
219949.0,1313,41369.0,24.0
161086.0,4510,96621.0,24.0
230171.0,2601,53872.0,24.0
186380.0,1406,98046.0,24.0
479956.0,4501,59883.0,24.0
228875.0,0904,58738.0,24.0
141574.0,1909,41672.0,24.0
152080.0,3906,54758.0,24.0
217819.0,1609,56122.0,24.0
129020.0,4227,80873.0,24.0
215284.0,2602,63707.0,24.0
176017.0,1419,93311.0,24.0
145637.0,0502,50941.0,24.0
152530.0,2609,57113.0,24.0
243142.0,5202,21492.0,24.0
142285.0,3023,42526.0,24.0
194392.0,3000,46834.0,24.0
145637.0,3033,63604.0,24.0
198303.0,3105,44711.0,24.0
152530.0,5202,76192.0,24.0
213385.0,4201,73435.0,24.0
190549.0,2701,63610.0,24.0
230959.0,0501,56508.0,24.0
170082.0,4006,61868.0,24.0
215275.0,2602,63707.0,24.0
228149.0,4510,46620.0,24.0
146719.0,5123,78575.0,24.0
154095.0,3011,63876.0,24.0
129020.0,4405,64389.0,24.0
136950.0,1101,118277.0,24.0
217402.0,3020,67281.0,24.0
139719.0,0901,26285.0,24.0
215293.0,2602,63707.0,24.0
230038.0,5005,26782.0,24.0
207458.0,1313,45219.0,24.0
145637.0,1601,61774.0,24.0
146719.0,4502,59024.0,24.0
148654.0,5401,45641.0,24.0
175856.0,1107,90577.0,24.0
243115.0,5214,32259.0,24.0
110556.0,1901,41734.0,24.0
175856.0,5001,33213.0,24.0
100663.0,1405,90415.0,24.0
232681.0,4510,60881.0,24.0
436827.0,1414,83293.0,24.0
144050.0,4228,59898.0,24.0
228501.0,4201,42185.0,24.0
487524.0,3105,56244.0,24.0
219602.0,5009,45100.0,24.0
213367.0,1310,63434.0,24.0
190637.0,4005,60413.0,24.0
219709.0,4407,50748.0,24.0
145725.0,1402,110956.0,24.0
206437.0,0901,46374.0,24.0
147703.0,5009,40398.0,24.0
100858.0,1609,68939.0,24.0
213367.0,2601,73920.0,24.0
129941.0,5007,37642.0,24.0
106704.0,1313,49113.0,24.0
232256.0,4510,68731.0,24.0
110705.0,3802,43377.0,24.0
240471.0,1403,71715.0,24.0
168218.0,1609,65036.0,24.0
198862.0,2401,38155.0,24.0
192448.0,1313,54050.0,24.0
168218.0,2601,58285.0,24.0
151801.0,3902,53497.0,24.0
242617.0,5207,28121.0,24.0
151102.0,1419,85075.0,24.0
219602.0,5208,71567.0,24.0
198808.0,4400,43273.0,24.0
219602.0,4511,43612.0,24.0
236230.0,4511,59853.0,24.0
133881.0,1424,80836.0,24.0
209807.0,4006,57932.0,24.0
149222.0,5102,55217.0,24.0
106467.0,3103,49034.0,24.0
102234.0,4201,41252.0,24.0
174899.0,5214,65512.0,24.0
486901.0,1312,44167.0,24.0
168005.0,5005,43553.0,24.0
151777.0,5203,75295.0,24.0
110361.0,5004,47494.0,24.0
143358.0,1435,89362.0,24.0
215770.0,4510,69816.0,24.0
131283.0,5401,52980.0,24.0
160658.0,0499,51546.0,24.0
195173.0,2601,42222.0,24.0
212656.0,5210,70177.0,24.0
237011.0,1432,92439.0,24.0
240189.0,5207,67300.0,24.0
129774.0,5202,50991.0,24.0
436827.0,4227,80873.0,24.0
145813.0,1003,55723.0,24.0
102094.0,5401,44887.0,24.0
156125.0,5001,37012.0,24.0
225247.0,2601,52005.0,24.0
206084.0,4510,48320.0,24.0
198695.0,1312,51469.0,24.0
198899.0,4301,41384.0,24.0
436827.0,4405,64389.0,24.0
187046.0,5210,78576.0,24.0
237525.0,5401,41214.0,23.0
234827.0,5109,97263.0,23.0
225414.0,1409,79710.0,23.0
212197.0,1312,54337.0,23.0
155025.0,4511,45661.0,23.0
234827.0,5401,45990.0,23.0
207263.0,5212,55328.0,23.0
121309.0,5205,60187.0,23.0
107044.0,2301,37384.0,23.0
195474.0,5213,87394.0,23.0
236939.0,1418,86145.0,23.0
386472.0,1102,78404.0,23.0
157818.0,4201,50790.0,23.0
110556.0,5211,54197.0,23.0
106704.0,5207,51322.0,23.0
163453.0,1435,81416.0,23.0
194824.0,1101,115100.0,23.0
204839.0,3101,49369.0,23.0
121691.0,4511,62516.0,23.0
204839.0,1609,54184.0,23.0
237792.0,5100,56953.0,23.0
163851.0,2701,71910.0,23.0
228796.0,2602,51356.0,23.0
183044.0,4400,51220.0,23.0
142522.0,1508,84896.0,23.0
183044.0,1310,45663.0,23.0
163338.0,2301,48475.0,23.0
106704.0,0901,36336.0,23.0
228431.0,5123,51393.0,23.0
228796.0,2605,53992.0,23.0
141574.0,1314,39768.0,23.0
154527.0,1413,78959.0,23.0
157818.0,5203,70822.0,23.0
213011.0,5109,58981.0,23.0
163462.0,1312,59630.0,23.0
155025.0,1104,67263.0,23.0
106713.0,3902,43057.0,23.0
204848.0,3101,49369.0,23.0
120883.0,4511,58275.0,23.0
195474.0,4008,66865.0,23.0
163453.0,5009,34725.0,23.0
157401.0,4301,48437.0,23.0
204848.0,1609,54184.0,23.0
183044.0,2607,41343.0,23.0
183062.0,5131,56962.0,23.0
227863.0,5214,78424.0,23.0
236939.0,2615,55687.0,23.0
186618.0,3099,55573.0,23.0
228042.0,3105,64439.0,23.0
156125.0,5207,61960.0,23.0
110361.0,5107,51070.0,23.0
227216.0,4005,61473.0,23.0
209807.0,5005,45692.0,23.0
209807.0,4008,87488.0,23.0
236230.0,4407,67458.0,23.0
206437.0,5210,71266.0,23.0
209807.0,1601,51925.0,23.0
110422.0,0102,78080.0,23.0
110705.0,0501,59042.0,23.0
236595.0,3020,56590.0,23.0
236230.0,5005,44459.0,23.0
110529.0,0502,43082.0,23.0
209551.0,3044,52946.0,23.0
227216.0,5215,71473.0,23.0
236328.0,0502,37553.0,23.0
209551.0,1603,53064.0,23.0
228042.0,4201,45846.0,23.0
140553.0,2301,46847.0,23.0
209825.0,2301,49434.0,23.0
236188.0,5202,60256.0,23.0
190558.0,1313,75272.0,23.0
205957.0,5401,37605.0,23.0
110538.0,0100,61369.0,23.0
206914.0,1101,49021.0,23.0
190549.0,4511,65606.0,23.0
192864.0,4201,55226.0,23.0
191241.0,3099,58044.0,23.0
141334.0,1699,48611.0,23.0
191241.0,3802,61877.0,23.0
192749.0,5214,77161.0,23.0
226833.0,4407,51901.0,23.0
226833.0,4511,39067.0,23.0
182795.0,5107,75243.0,23.0
232681.0,1601,53282.0,23.0
110574.0,5220,119067.0,23.0
192749.0,1312,53971.0,23.0
111948.0,2313,44183.0,23.0
187985.0,1408,81933.0,23.0
191533.0,4511,65765.0,23.0
141334.0,4506,56681.0,23.0
228705.0,1425,77469.0,23.0
459727.0,4201,46340.0,23.0
208822.0,5006,50003.0,23.0
236452.0,1408,85276.0,23.0
191968.0,1107,98373.0,23.0
110617.0,4005,74430.0,23.0
446640.0,3018,38323.0,23.0
207971.0,5009,46662.0,23.0
227845.0,4301,66986.0,23.0
141264.0,5007,31539.0,23.0
159391.0,3801,50016.0,23.0
207722.0,5007,28426.0,23.0
207865.0,4201,46983.0,23.0
228705.0,0183,40816.0,23.0
110510.0,1609,40695.0,23.0
110608.0,3801,48566.0,23.0
189705.0,2301,45180.0,23.0
227863.0,4201,44839.0,23.0
227881.0,0102,67729.0,23.0
236452.0,1107,80166.0,23.0
188429.0,5214,77418.0,23.0
159717.0,5208,62705.0,23.0
228723.0,0302,54665.0,23.0
191630.0,1101,103822.0,23.0
187985.0,2701,72979.0,23.0
110592.0,2701,70677.0,23.0
192323.0,4504,65956.0,23.0
459851.0,1102,78404.0,23.0
159993.0,5203,69533.0,23.0
227881.0,4507,56151.0,23.0
110662.0,1405,116525.0,23.0
159993.0,4407,34763.0,23.0
140960.0,1502,64798.0,23.0
142285.0,0109,40935.0,23.0
188304.0,5123,56548.0,23.0
207500.0,5220,92971.0,23.0
459842.0,1102,78404.0,23.0
191968.0,4511,38727.0,23.0
159939.0,5007,26737.0,23.0
159939.0,2301,40424.0,23.0
140340.0,1102,78404.0,23.0
142285.0,4510,50593.0,23.0
204857.0,1609,54184.0,23.0
142461.0,2401,33265.0,23.0
155399.0,0301,72398.0,23.0
190637.0,1609,57143.0,23.0
433536.0,1102,78404.0,23.0
157401.0,0907,45127.0,23.0
212054.0,3020,72375.0,23.0
162584.0,2607,43434.0,23.0
212054.0,1500,97379.0,23.0
190600.0,3801,78041.0,23.0
184603.0,2701,74192.0,23.0
184694.0,2701,74192.0,23.0
193900.0,2701,91832.0,23.0
228459.0,4008,65217.0,23.0
162283.0,1312,55944.0,23.0
155399.0,2301,50448.0,23.0
235316.0,0301,60015.0,23.0
139940.0,0502,43975.0,23.0
190600.0,2604,77144.0,23.0
157401.0,0306,43844.0,23.0
184348.0,2301,58452.0,23.0
228778.0,4002,65987.0,23.0
204857.0,5210,71579.0,23.0
120254.0,0301,59542.0,23.0
225502.0,0901,52435.0,23.0
183257.0,1310,45663.0,23.0
163286.0,0502,59461.0,23.0
183257.0,4400,51220.0,23.0
212106.0,2701,64164.0,23.0
204857.0,3101,49369.0,23.0
107080.0,4506,77167.0,23.0
207041.0,1101,67666.0,23.0
107141.0,1907,39575.0,23.0
163259.0,5106,74215.0,23.0
120254.0,4510,72441.0,23.0
183910.0,5203,69147.0,23.0
193973.0,1312,48037.0,23.0
162928.0,2604,56543.0,23.0
107141.0,5006,36796.0,23.0
193900.0,5215,130716.0,23.0
193900.0,4407,59593.0,23.0
193900.0,1515,114572.0,23.0
184773.0,2601,67267.0,23.0
210571.0,2601,55892.0,23.0
235422.0,4201,57815.0,23.0
139959.0,1443,111951.0,23.0
141565.0,2601,54200.0,23.0
193292.0,5109,111267.0,23.0
211291.0,2601,85687.0,23.0
115773.0,1312,49080.0,23.0
231624.0,4405,69118.0,23.0
157289.0,5206,75845.0,23.0
207847.0,1907,39544.0,23.0
210739.0,5214,72203.0,23.0
155399.0,4506,71747.0,23.0
205443.0,1312,41068.0,23.0
228325.0,3902,43808.0,23.0
190576.0,4599,69996.0,23.0
115755.0,0303,50525.0,23.0
205443.0,5203,56034.0,23.0
186201.0,1104,82529.0,23.0
191241.0,1609,83961.0,23.0
210571.0,4504,58540.0,23.0
193353.0,1101,55814.0,23.0
193353.0,2301,58434.0,23.0
110538.0,2613,64274.0,23.0
161554.0,1506,77734.0,23.0
441900.0,0501,65406.0,23.0
235316.0,1399,65381.0,23.0
157951.0,4509,64710.0,23.0
204866.0,1609,54184.0,23.0
232609.0,4201,48610.0,23.0
139940.0,5217,101040.0,23.0
107512.0,5214,67705.0,23.0
204866.0,3101,49369.0,23.0
445188.0,2301,58623.0,23.0
226091.0,1435,91806.0,23.0
237312.0,2601,63958.0,23.0
190761.0,2301,45986.0,23.0
184782.0,4506,70614.0,23.0
150136.0,1909,52542.0,23.0
237215.0,4501,40355.0,23.0
226091.0,2601,50674.0,23.0
211440.0,4201,82433.0,23.0
226152.0,5009,52870.0,23.0
157447.0,1609,44561.0,23.0
139658.0,0502,58745.0,23.0
137078.0,1313,51755.0,23.0
102553.0,1101,82729.0,23.0
220075.0,5120,106593.0,23.0
240107.0,5107,68568.0,23.0
232681.0,3012,44823.0,23.0
145637.0,1101,146946.0,23.0
240392.0,5004,49153.0,23.0
150066.0,2401,41966.0,23.0
176017.0,5199,64205.0,23.0
176053.0,4407,51605.0,23.0
217156.0,1405,91674.0,23.0
176080.0,0110,39940.0,23.0
167729.0,1313,55808.0,23.0
217156.0,4405,94962.0,23.0
243179.0,1313,34538.0,23.0
102553.0,2601,53306.0,23.0
233277.0,5005,46725.0,23.0
197869.0,5213,83033.0,23.0
173160.0,3105,68202.0,23.0
176628.0,0901,48148.0,23.0
239318.0,5220,95147.0,23.0
169983.0,1435,86265.0,23.0
175616.0,4407,47196.0,23.0
175342.0,5109,59214.0,23.0
233921.0,5009,48028.0,23.0
136172.0,5206,64541.0,23.0
217059.0,5208,79444.0,23.0
240392.0,1102,78404.0,23.0
219806.0,1312,42340.0,23.0
201690.0,0904,36311.0,23.0
174914.0,5210,78381.0,23.0
198543.0,4302,73969.0,23.0
215655.0,1436,74446.0,23.0
163912.0,4405,69232.0,23.0
242680.0,4407,26201.0,23.0
175005.0,5203,75526.0,23.0
136950.0,0301,63363.0,23.0
242705.0,1107,48801.0,23.0
230171.0,2301,52975.0,23.0
175227.0,5220,85525.0,23.0
219976.0,2313,42863.0,23.0
145637.0,4006,68201.0,23.0
219976.0,5214,77996.0,23.0
167987.0,4513,41529.0,23.0
133951.0,1414,80650.0,23.0
175272.0,5110,73400.0,23.0
220862.0,0909,58237.0,23.0
201654.0,1107,109817.0,23.0
136172.0,1616,39944.0,23.0
220862.0,1313,50497.0,23.0
144962.0,2601,60161.0,23.0
229179.0,5009,56884.0,23.0
196413.0,5102,56485.0,23.0
153144.0,3105,52880.0,23.0
127741.0,4006,57989.0,23.0
240727.0,1901,47250.0,23.0
232681.0,2701,82677.0,23.0
150941.0,5006,46073.0,23.0
172699.0,3020,40663.0,23.0
196413.0,1313,65410.0,23.0
166629.0,0111,51912.0,23.0
166629.0,0110,77771.0,23.0
196413.0,1301,62372.0,23.0
166513.0,4511,55361.0,23.0
104151.0,5107,51291.0,23.0
221351.0,2301,49042.0,23.0
146719.0,5210,86190.0,23.0
229179.0,1905,53716.0,23.0
221351.0,4509,56744.0,23.0
137564.0,1313,52697.0,23.0
231712.0,1104,88842.0,23.0
166638.0,3801,54868.0,23.0
196866.0,1405,86182.0,23.0
137351.0,3801,49561.0,23.0
128106.0,5203,59567.0,23.0
173124.0,5004,54642.0,23.0
485999.0,3802,19783.0,23.0
201654.0,0907,47782.0,23.0
240417.0,1409,94440.0,23.0
145336.0,5138,88391.0,23.0
229814.0,0105,37996.0,23.0
218441.0,5203,62411.0,23.0
243197.0,5210,33109.0,23.0
145336.0,5102,58455.0,23.0
128106.0,5007,35436.0,23.0
153126.0,1312,48048.0,23.0
201548.0,5206,84669.0,23.0
153108.0,0901,51671.0,23.0
131399.0,4407,65986.0,23.0
197133.0,0901,58163.0,23.0
177968.0,5138,97217.0,23.0
196866.0,4510,75005.0,23.0
240462.0,5007,42271.0,23.0
243221.0,3018,39675.0,23.0
229179.0,5208,71282.0,23.0
169798.0,5110,75926.0,23.0
101365.0,1102,78404.0,23.0
221661.0,1312,50119.0,23.0
240480.0,5109,50264.0,23.0
130934.0,4510,53838.0,23.0
169248.0,1513,84064.0,23.0
199184.0,5009,34022.0,23.0
146427.0,1312,50828.0,23.0
134097.0,1612,50542.0,23.0
199193.0,0402,76695.0,23.0
101879.0,4510,43706.0,23.0
168546.0,2601,61092.0,23.0
216667.0,0901,68066.0,23.0
151333.0,5109,73678.0,23.0
174358.0,2301,45483.0,23.0
216278.0,5202,67304.0,23.0
230782.0,1101,116453.0,23.0
202514.0,1312,39194.0,23.0
232186.0,3033,61216.0,23.0
218724.0,5007,36007.0,23.0
169363.0,1107,75487.0,23.0
130493.0,1609,47944.0,23.0
151342.0,5007,38663.0,23.0
199193.0,4005,76978.0,23.0
102049.0,1312,52171.0,23.0
174154.0,1102,78404.0,23.0
233426.0,4511,59580.0,23.0
216339.0,5001,42731.0,23.0
230764.0,4507,54757.0,23.0
169080.0,1107,95410.0,23.0
230764.0,4008,77158.0,23.0
101709.0,5005,44624.0,23.0
101709.0,5203,57747.0,23.0
174020.0,4227,40230.0,23.0
216366.0,5110,83402.0,23.0
240329.0,5212,80552.0,23.0
199148.0,5207,47717.0,23.0
134097.0,5207,58824.0,23.0
174066.0,1310,58675.0,23.0
174075.0,5299,101828.0,23.0
216357.0,5203,69280.0,23.0
202134.0,4509,45045.0,23.0
146481.0,2601,48287.0,23.0
202134.0,5009,29842.0,23.0
134130.0,1511,78933.0,23.0
169080.0,2601,44763.0,23.0
216339.0,5127,76927.0,23.0
174075.0,3105,53190.0,23.0
130776.0,5212,72291.0,23.0
134945.0,5208,70456.0,23.0
490805.0,3017,37956.0,23.0
169798.0,5005,36621.0,23.0
199102.0,1404,73826.0,23.0
168263.0,1310,53678.0,23.0
199281.0,3099,62355.0,23.0
215947.0,4201,43426.0,23.0
217059.0,1313,47667.0,23.0
101480.0,5109,71420.0,23.0
174817.0,5138,104761.0,23.0
168227.0,5202,97183.0,23.0
198862.0,1101,41458.0,23.0
151801.0,2609,70907.0,23.0
168218.0,1108,98816.0,23.0
174844.0,0501,47677.0,23.0
215929.0,0904,47302.0,23.0
131159.0,0301,63711.0,23.0
174844.0,1107,122912.0,23.0
215798.0,4201,50904.0,23.0
199306.0,4301,50798.0,23.0
232089.0,0301,49527.0,23.0
151102.0,5004,44227.0,23.0
102094.0,5201,59513.0,23.0
219709.0,5207,46834.0,23.0
174899.0,2601,53730.0,23.0
168263.0,1609,58290.0,23.0
216931.0,1312,52234.0,23.0
487524.0,4201,45390.0,23.0
151379.0,1107,102250.0,23.0
202763.0,5203,70025.0,23.0
199209.0,5214,49827.0,23.0
151351.0,4005,61024.0,23.0
135081.0,1409,51222.0,23.0
130989.0,5203,70765.0,23.0
168342.0,5401,59535.0,23.0
216038.0,1104,71672.0,23.0
174783.0,1409,107133.0,23.0
131113.0,0909,51766.0,23.0
151379.0,1313,47064.0,23.0
131113.0,1102,45832.0,23.0
102094.0,1601,40641.0,23.0
173647.0,5203,95200.0,23.0
145813.0,4502,50177.0,23.0
135726.0,0904,71466.0,23.0
219471.0,3101,64104.0,23.0
219471.0,5107,74816.0,23.0
133979.0,4407,45821.0,23.0
168281.0,2301,59381.0,23.0
135726.0,2609,47683.0,23.0
221519.0,4510,72682.0,23.0
217402.0,2701,90503.0,23.0
221661.0,4407,51516.0,23.0
217624.0,5202,45474.0,23.0
181215.0,3105,52669.0,23.0
126182.0,2401,41809.0,23.0
217518.0,1408,90146.0,23.0
106397.0,5206,97743.0,23.0
154013.0,2601,49685.0,23.0
213987.0,4201,43694.0,23.0
217518.0,2203,56566.0,23.0
213826.0,5214,55906.0,23.0
366252.0,1432,88433.0,23.0
164632.0,1312,48431.0,23.0
213826.0,4201,45088.0,23.0
100663.0,4510,44493.0,23.0
482680.0,5004,42675.0,23.0
164562.0,4506,90662.0,23.0
123961.0,5004,89022.0,23.0
222983.0,5401,59833.0,23.0
223232.0,0301,59701.0,23.0
240453.0,1310,52142.0,23.0
133492.0,5201,63660.0,23.0
204802.0,1609,54184.0,23.0
366711.0,4502,49848.0,23.0
204796.0,4008,94543.0,23.0
153834.0,3105,51913.0,23.0
196112.0,1419,87788.0,23.0
238458.0,1107,79438.0,23.0
180948.0,4201,40919.0,23.0
234155.0,5209,56476.0,23.0
131520.0,5100,60047.0,23.0
180984.0,3904,55729.0,23.0
150604.0,5202,77821.0,23.0
214272.0,5203,69336.0,23.0
126614.0,5009,38701.0,23.0
181002.0,2609,74391.0,23.0
164988.0,5009,39426.0,23.0
214272.0,2601,72102.0,23.0
106397.0,3000,47766.0,23.0
100812.0,5007,40502.0,23.0
153825.0,0909,62087.0,23.0
196121.0,1301,54018.0,23.0
126614.0,2615,71942.0,23.0
238333.0,1301,56414.0,23.0
144050.0,5401,64330.0,23.0
214069.0,4201,72572.0,23.0
200280.0,5123,54558.0,23.0
153834.0,1312,50164.0,23.0
123961.0,0403,106094.0,23.0
213543.0,0904,81935.0,23.0
180814.0,3105,54444.0,23.0
123651.0,4201,47582.0,23.0
213358.0,1101,68717.0,23.0
204820.0,3101,49369.0,23.0
217721.0,1907,34129.0,23.0
213321.0,5210,58243.0,23.0
482149.0,4510,58583.0,23.0
154350.0,1107,91318.0,23.0
164076.0,2602,54367.0,23.0
200332.0,5009,45578.0,23.0
171128.0,1439,81862.0,23.0
217749.0,1313,43329.0,23.0
213303.0,4599,46452.0,23.0
148654.0,2701,72681.0,23.0
200785.0,1102,78404.0,23.0
182634.0,4201,56533.0,23.0
182670.0,0501,65226.0,23.0
122436.0,1107,149847.0,23.0
122436.0,0301,58517.0,23.0
200800.0,2301,41158.0,23.0
106485.0,1301,41606.0,23.0
163912.0,4502,41309.0,23.0
224545.0,2601,56504.0,23.0
182281.0,1310,60958.0,23.0
213367.0,1107,94659.0,23.0
122931.0,0301,72889.0,23.0
106458.0,2701,41340.0,23.0
150534.0,5202,53964.0,23.0
150066.0,5214,68644.0,23.0
204802.0,3101,49369.0,23.0
213507.0,2601,59559.0,23.0
171456.0,1101,90337.0,23.0
196033.0,1003,44661.0,23.0
217633.0,5005,36872.0,23.0
123572.0,4502,62674.0,23.0
132657.0,2601,38783.0,23.0
213376.0,5202,54906.0,23.0
204820.0,1609,54184.0,23.0
123554.0,4510,62651.0,23.0
234827.0,3105,47979.0,23.0
196006.0,1501,66462.0,23.0
196006.0,1110,64011.0,23.0
123457.0,5210,65797.0,23.0
217864.0,5401,64869.0,23.0
133021.0,5138,84824.0,23.0
150534.0,5005,45838.0,23.0
132657.0,5211,74456.0,23.0
221847.0,2301,40380.0,23.0
170806.0,2203,56416.0,23.0
179867.0,3020,66498.0,23.0
150066.0,5109,51172.0,23.0
201441.0,5110,73290.0,23.0
104179.0,1421,120031.0,23.0
179894.0,4201,48689.0,23.0
165671.0,5214,78338.0,23.0
238616.0,1107,75487.0,23.0
127185.0,4502,45833.0,23.0
153269.0,2301,57563.0,23.0
150145.0,1313,53186.0,23.0
131469.0,5110,82325.0,23.0
179326.0,1313,41618.0,23.0
170082.0,4507,61831.0,23.0
204024.0,2705,90388.0,23.0
126818.0,5004,65940.0,23.0
204635.0,4301,52606.0,23.0
153384.0,4227,57752.0,23.0
218070.0,1609,60280.0,23.0
133702.0,1312,48275.0,23.0
144740.0,4506,100185.0,23.0
165866.0,5212,59717.0,23.0
165866.0,5208,63582.0,23.0
127060.0,5203,96903.0,23.0
200004.0,2701,59885.0,23.0
131469.0,4502,65172.0,23.0
153269.0,5202,73523.0,23.0
232982.0,5206,71406.0,23.0
179159.0,1609,56943.0,23.0
196219.0,2314,49153.0,23.0
150677.0,5203,65541.0,23.0
104717.0,5005,37142.0,23.0
165820.0,1312,46696.0,23.0
105330.0,1601,54276.0,23.0
200004.0,5131,53622.0,23.0
232557.0,0904,51940.0,23.0
166124.0,4005,93122.0,23.0
217420.0,5009,51090.0,23.0
172051.0,1101,90681.0,23.0
165024.0,5109,53872.0,23.0
217484.0,5009,52346.0,23.0
149505.0,1310,55713.0,23.0
166391.0,5208,70304.0,23.0
126711.0,5138,92166.0,23.0
178624.0,0306,47356.0,23.0
196167.0,4502,42216.0,23.0
483124.0,5107,51291.0,23.0
180489.0,0305,60526.0,23.0
196185.0,4507,57154.0,23.0
104179.0,0502,50784.0,23.0
104179.0,0499,55226.0,23.0
165024.0,4005,80287.0,23.0
105330.0,5006,48800.0,23.0
238476.0,1312,48349.0,23.0
180258.0,5202,48103.0,23.0
153250.0,5138,66190.0,23.0
127565.0,1310,51786.0,23.0
100706.0,5208,89472.0,23.0
138354.0,5201,67651.0,23.0
217420.0,4005,66959.0,23.0
229063.0,3099,62728.0,23.0
200280.0,3099,70947.0,23.0
178402.0,5009,42708.0,23.0
233277.0,1104,68088.0,22.0
101693.0,3105,49451.0,22.0
156620.0,5107,55570.0,22.0
445267.0,1399,43653.0,22.0
200004.0,0302,49834.0,22.0
157289.0,2701,77756.0,22.0
200004.0,1609,40744.0,22.0
199999.0,1101,63562.0,22.0
236452.0,4407,59559.0,22.0
110486.0,4506,78029.0,22.0
110495.0,4005,73392.0,22.0
230959.0,1107,128471.0,22.0
147660.0,5005,46605.0,22.0
489779.0,5210,78683.0,22.0
100830.0,5007,31804.0,22.0
232706.0,2601,66460.0,22.0
146719.0,5299,77773.0,22.0
147660.0,1313,51247.0,22.0
236577.0,1301,70584.0,22.0
489937.0,3902,56995.0,22.0
206914.0,2401,47675.0,22.0
200004.0,0907,43954.0,22.0
200332.0,5004,57663.0,22.0
199999.0,1312,51520.0,22.0
490805.0,1107,88158.0,22.0
498571.0,5401,37579.0,22.0
206695.0,1508,86361.0,22.0
200332.0,1403,84529.0,22.0
442569.0,5203,57500.0,22.0
142276.0,4510,50233.0,22.0
200253.0,2401,48885.0,22.0
232423.0,5211,91141.0,22.0
231174.0,5110,72668.0,22.0
157085.0,3000,55937.0,22.0
199412.0,5100,54170.0,22.0
200253.0,5208,69738.0,22.0
191630.0,2301,55440.0,22.0
231165.0,3099,44722.0,22.0
191630.0,0499,68341.0,22.0
191533.0,4510,61608.0,22.0
147244.0,2601,64834.0,22.0
142276.0,2301,40602.0,22.0
201690.0,4301,46914.0,22.0
498571.0,4005,65224.0,22.0
236577.0,5219,62392.0,22.0
100858.0,5210,59202.0,22.0
157386.0,4008,62865.0,22.0
100706.0,1312,42922.0,22.0
231165.0,1101,64373.0,22.0
201195.0,0909,61966.0,22.0
206695.0,5109,76896.0,22.0
190691.0,0904,53901.0,22.0
447689.0,4201,39486.0,22.0
199209.0,1312,50733.0,22.0
200004.0,4304,54246.0,22.0
233277.0,4507,63552.0,22.0
191649.0,0901,62361.0,22.0
201195.0,4510,54410.0,22.0
201061.0,5007,31166.0,22.0
230807.0,5122,58974.0,22.0
201885.0,4511,50165.0,22.0
200059.0,5138,81904.0,22.0
231581.0,5007,54910.0,22.0
230807.0,0901,59676.0,22.0
191630.0,5401,60616.0,22.0
100663.0,4502,31991.0,22.0
100751.0,5003,51744.0,22.0
191533.0,2601,61662.0,22.0
201104.0,5208,79929.0,22.0
199281.0,1107,80579.0,22.0
236595.0,2301,78906.0,22.0
228529.0,1107,102423.0,22.0
146612.0,4008,76122.0,22.0
457484.0,3999,39844.0,22.0
198516.0,4509,68262.0,22.0
142276.0,5401,42814.0,22.0
204635.0,1506,89697.0,22.0
204185.0,2401,76675.0,22.0
196219.0,4502,40048.0,22.0
204194.0,5004,40641.0,22.0
204200.0,4504,58825.0,22.0
204501.0,1101,129395.0,22.0
204501.0,2601,44095.0,22.0
204501.0,5007,44299.0,22.0
204617.0,2601,90431.0,22.0
153603.0,1904,62341.0,22.0
196219.0,4599,36895.0,22.0
234085.0,2703,74740.0,22.0
204635.0,5120,72121.0,22.0
204635.0,5220,66757.0,22.0
235097.0,5212,67534.0,22.0
105899.0,1312,46205.0,22.0
196176.0,5005,39521.0,22.0
234155.0,0100,48778.0,22.0
155317.0,3027,70399.0,22.0
232423.0,3899,59604.0,22.0
235316.0,0904,62743.0,22.0
199148.0,5010,42920.0,22.0
204024.0,1515,99473.0,22.0
144962.0,2301,46021.0,22.0
196413.0,4502,53196.0,22.0
204024.0,0402,61466.0,22.0
204909.0,5202,66800.0,22.0
229179.0,2301,49909.0,22.0
107983.0,1313,48923.0,22.0
153250.0,0101,62171.0,22.0
193584.0,2299,60186.0,22.0
193584.0,5004,42615.0,22.0
196237.0,2401,51363.0,22.0
107512.0,5213,50553.0,22.0
104179.0,1313,46313.0,22.0
155399.0,5401,50016.0,22.0
153269.0,2313,50591.0,22.0
196246.0,5208,74550.0,22.0
196246.0,4511,56704.0,22.0
107512.0,1312,44525.0,22.0
144892.0,0904,54038.0,22.0
196167.0,4005,75893.0,22.0
144351.0,1313,55212.0,22.0
234155.0,4510,44002.0,22.0
154590.0,5138,76625.0,22.0
144005.0,1312,59296.0,22.0
195003.0,5209,51363.0,22.0
196024.0,1504,82138.0,22.0
195809.0,5401,51024.0,22.0
195164.0,4201,57215.0,22.0
195809.0,0301,48922.0,22.0
154095.0,4511,53198.0,22.0
154101.0,3105,51829.0,22.0
195544.0,4510,47296.0,22.0
196130.0,5005,39863.0,22.0
195544.0,2601,67242.0,22.0
195544.0,1907,43777.0,22.0
195243.0,0901,57112.0,22.0
106467.0,5401,41065.0,22.0
154493.0,0301,41765.0,22.0
228796.0,5201,48065.0,22.0
195243.0,5202,64075.0,22.0
143288.0,2601,54587.0,22.0
154022.0,5206,65737.0,22.0
195003.0,5202,68524.0,22.0
196033.0,1205,48346.0,22.0
234827.0,0907,50318.0,22.0
107141.0,3907,35601.0,22.0
155317.0,1404,84319.0,22.0
194091.0,1500,80376.0,22.0
107071.0,4407,42453.0,22.0
196130.0,1506,98018.0,22.0
153825.0,0901,44741.0,22.0
155061.0,5214,62261.0,22.0
194310.0,5211,69838.0,22.0
155061.0,1102,73380.0,22.0
106397.0,5201,71753.0,22.0
196088.0,5003,39576.0,22.0
196088.0,1609,59216.0,22.0
196088.0,1601,44841.0,22.0
154013.0,5203,59763.0,22.0
107044.0,1419,73601.0,22.0
194958.0,5202,49788.0,22.0
106412.0,4407,38652.0,22.0
229267.0,1101,98708.0,22.0
229267.0,1413,86823.0,22.0
197133.0,1609,54839.0,22.0
110413.0,4510,60243.0,22.0
101912.0,2401,55834.0,22.0
148487.0,5004,29529.0,22.0
110422.0,1418,100599.0,22.0
102049.0,1907,50809.0,22.0
110422.0,0108,80965.0,22.0
202806.0,5004,61736.0,22.0
487603.0,1312,58134.0,22.0
203085.0,5203,84967.0,22.0
192323.0,5212,88532.0,22.0
102094.0,4006,61632.0,22.0
228723.0,1500,88126.0,22.0
228723.0,2401,79488.0,22.0
236230.0,5007,43650.0,22.0
156295.0,1901,38352.0,22.0
203368.0,4506,91386.0,22.0
203368.0,4510,57377.0,22.0
156295.0,1500,55830.0,22.0
230728.0,1409,111527.0,22.0
202514.0,5201,46536.0,22.0
206604.0,1609,48582.0,22.0
202480.0,5401,57218.0,22.0
142285.0,0111,47392.0,22.0
206604.0,5109,56074.0,22.0
199139.0,5009,49761.0,22.0
459727.0,5202,80061.0,22.0
101709.0,5214,53492.0,22.0
146427.0,4510,54341.0,22.0
236328.0,5401,60458.0,22.0
191968.0,2601,55643.0,22.0
230737.0,5401,59491.0,22.0
101879.0,3000,34810.0,22.0
199111.0,2401,41796.0,22.0
202480.0,4511,47745.0,22.0
191968.0,5203,102626.0,22.0
151333.0,0901,46136.0,22.0
488679.0,5208,70007.0,22.0
232557.0,2607,41103.0,22.0
199102.0,4506,69296.0,22.0
199102.0,2301,40317.0,22.0
198862.0,3105,41765.0,22.0
198756.0,2601,42595.0,22.0
102614.0,4407,53559.0,22.0
193016.0,2301,57069.0,22.0
150145.0,2401,45366.0,22.0
193016.0,0909,50973.0,22.0
198136.0,1312,47989.0,22.0
197984.0,4301,60235.0,22.0
102553.0,5007,44569.0,22.0
152600.0,4004,60092.0,22.0
145600.0,4502,51907.0,22.0
197911.0,5202,55125.0,22.0
193016.0,4399,62942.0,22.0
198756.0,2401,38941.0,22.0
145600.0,2705,68585.0,22.0
145600.0,2701,67016.0,22.0
197221.0,1422,92972.0,22.0
152673.0,2301,53638.0,22.0
197142.0,1003,35482.0,22.0
145372.0,5202,59241.0,22.0
203775.0,1312,41544.0,22.0
203775.0,4407,46238.0,22.0
236133.0,1312,58134.0,22.0
230038.0,2602,63291.0,22.0
152530.0,4201,39400.0,22.0
198419.0,0301,73435.0,22.0
156286.0,1312,43808.0,22.0
198756.0,0901,40600.0,22.0
145691.0,5203,67982.0,22.0
151801.0,5208,70007.0,22.0
156125.0,5211,65366.0,22.0
230603.0,1905,47654.0,22.0
156125.0,5206,73166.0,22.0
233921.0,4005,73395.0,22.0
156125.0,5004,36723.0,22.0
152080.0,2701,92118.0,22.0
230171.0,5208,74843.0,22.0
156125.0,4502,47392.0,22.0
152080.0,3001,102801.0,22.0
486840.0,5206,71736.0,22.0
198516.0,1102,111448.0,22.0
156125.0,1107,97335.0,22.0
152336.0,5004,40619.0,22.0
171137.0,1313,49236.0,22.0
111948.0,5004,78121.0,22.0
157447.0,4005,65038.0,22.0
174358.0,2601,64455.0,22.0
182281.0,0402,72468.0,22.0
213367.0,3006,64444.0,22.0
224147.0,2301,37846.0,22.0
219356.0,1101,83815.0,22.0
164076.0,5009,36285.0,22.0
213349.0,5009,39549.0,22.0
139393.0,3000,44909.0,22.0
122597.0,2701,71323.0,22.0
224226.0,3902,58031.0,22.0
122597.0,1609,62623.0,22.0
130314.0,2601,49383.0,22.0
164076.0,1399,56949.0,22.0
134945.0,4511,53457.0,22.0
224323.0,4510,61484.0,22.0
237899.0,3105,46622.0,22.0
163912.0,5007,44442.0,22.0
130493.0,4501,47042.0,22.0
182795.0,5214,71685.0,22.0
237950.0,1101,79805.0,22.0
377564.0,3000,48753.0,22.0
213011.0,5210,88835.0,22.0
232557.0,1314,46899.0,22.0
122409.0,2605,81122.0,22.0
122409.0,1510,100564.0,22.0
183044.0,0502,59567.0,22.0
216339.0,0502,39449.0,22.0
121691.0,5203,79833.0,22.0
134343.0,5138,95757.0,22.0
130253.0,2301,55399.0,22.0
375230.0,3802,17806.0,22.0
219356.0,3103,48319.0,22.0
223232.0,5211,71071.0,22.0
168281.0,4510,53285.0,22.0
219471.0,5007,43945.0,22.0
213987.0,5003,41049.0,22.0
168281.0,5401,48095.0,22.0
149231.0,1310,43928.0,22.0
125763.0,2301,55536.0,22.0
164614.0,3902,37547.0,22.0
241951.0,5001,23558.0,22.0
164562.0,4511,67635.0,22.0
213668.0,2601,64552.0,22.0
219471.0,1310,45415.0,22.0
366711.0,1105,93047.0,22.0
123961.0,1515,96120.0,22.0
123961.0,1108,115839.0,22.0
164465.0,5401,103601.0,22.0
223232.0,1905,45554.0,22.0
168342.0,4201,72891.0,22.0
181464.0,3022,40615.0,22.0
135081.0,4303,67744.0,22.0
219356.0,5209,40969.0,22.0
174747.0,4510,64777.0,22.0
168421.0,1404,85112.0,22.0
168421.0,1435,101554.0,22.0
181783.0,1104,59871.0,22.0
238032.0,1101,79805.0,22.0
240277.0,1609,50347.0,22.0
213385.0,2301,53050.0,22.0
219198.0,5202,59205.0,22.0
224554.0,5401,50988.0,22.0
211440.0,2799,145741.0,22.0
162283.0,5111,64090.0,22.0
183910.0,0901,57307.0,22.0
120403.0,5007,38997.0,22.0
120254.0,4511,58598.0,22.0
139861.0,5005,33965.0,22.0
433387.0,1108,131198.0,22.0
174020.0,2301,39572.0,22.0
162760.0,4301,60022.0,22.0
237385.0,3105,44474.0,22.0
237385.0,2401,37281.0,22.0
184348.0,1609,69293.0,22.0
130934.0,1312,50794.0,22.0
119605.0,5109,121408.0,22.0
134097.0,5003,40892.0,22.0
237330.0,5219,34925.0,22.0
134130.0,5003,42624.0,22.0
162007.0,5004,33841.0,22.0
162007.0,3105,55788.0,22.0
173957.0,5110,74897.0,22.0
240365.0,0904,48935.0,22.0
216597.0,5202,114211.0,22.0
134097.0,1409,114802.0,22.0
216597.0,5401,56080.0,22.0
211608.0,4511,47889.0,22.0
134079.0,5005,51925.0,22.0
211583.0,0901,43323.0,22.0
226091.0,1101,85680.0,22.0
226091.0,1408,89250.0,22.0
139959.0,0305,68965.0,22.0
174020.0,4005,63580.0,22.0
163268.0,3020,50400.0,22.0
240727.0,2701,55794.0,22.0
183822.0,0904,53579.0,22.0
183044.0,2602,87075.0,22.0
237899.0,0901,37866.0,22.0
174233.0,4507,58569.0,22.0
212674.0,1107,114433.0,22.0
225399.0,5202,53464.0,22.0
163462.0,1101,87360.0,22.0
212656.0,4400,41383.0,22.0
168591.0,1312,44458.0,22.0
134130.0,4008,68682.0,22.0
240329.0,4404,60079.0,22.0
174066.0,4006,60715.0,22.0
409698.0,1609,39824.0,22.0
212197.0,2601,73542.0,22.0
121150.0,3020,62495.0,22.0
212133.0,4201,47539.0,22.0
148405.0,1312,46780.0,22.0
240727.0,5102,61267.0,22.0
174066.0,1414,74252.0,22.0
212115.0,3103,51012.0,22.0
183080.0,5203,72824.0,22.0
212115.0,1110,104383.0,22.0
163286.0,4008,90900.0,22.0
163286.0,3801,64846.0,22.0
139755.0,4227,83012.0,22.0
120537.0,4501,58263.0,22.0
120537.0,4201,47206.0,22.0
212106.0,5107,95128.0,22.0
181215.0,5109,77034.0,22.0
181215.0,5102,53348.0,22.0
215947.0,5202,74675.0,22.0
167899.0,2699,89140.0,22.0
239105.0,1409,97608.0,22.0
166513.0,4005,74568.0,22.0
178396.0,5123,75060.0,22.0
129215.0,2701,55574.0,22.0
127565.0,4506,80907.0,22.0
175421.0,4407,35263.0,22.0
239080.0,4407,51997.0,22.0
166452.0,5001,49175.0,22.0
178420.0,1601,40768.0,22.0
178420.0,4510,60016.0,22.0
166391.0,5203,68677.0,22.0
167835.0,5401,46960.0,22.0
221740.0,2401,34020.0,22.0
127556.0,1508,72815.0,22.0
135726.0,2613,42932.0,22.0
178721.0,1312,45525.0,22.0
178721.0,4507,65890.0,22.0
232186.0,5003,36901.0,22.0
167987.0,4005,79043.0,22.0
238980.0,3105,52998.0,22.0
242705.0,5207,29867.0,22.0
137847.0,5401,46596.0,22.0
179159.0,4901,83903.0,22.0
179159.0,5102,63475.0,22.0
243744.0,3025,131650.0,22.0
167987.0,5007,32222.0,22.0
179557.0,1110,106797.0,22.0
165866.0,5401,49656.0,22.0
166629.0,0109,59543.0,22.0
166629.0,0404,55571.0,22.0
178396.0,1409,112696.0,22.0
178396.0,1310,51901.0,22.0
176628.0,4201,50905.0,22.0
167394.0,5102,41831.0,22.0
220701.0,4201,38072.0,22.0
167358.0,0402,74540.0,22.0
167394.0,5107,62641.0,22.0
220631.0,1312,40508.0,22.0
128391.0,0901,47426.0,22.0
149514.0,2401,40674.0,22.0
137281.0,1312,50390.0,22.0
166939.0,2601,55869.0,22.0
176080.0,1909,46129.0,22.0
137032.0,3802,47791.0,22.0
243221.0,1905,40076.0,22.0
167729.0,4005,81266.0,22.0
178244.0,1301,35906.0,22.0
176035.0,5001,29090.0,22.0
167729.0,5107,55323.0,22.0
178244.0,3017,44069.0,22.0
166674.0,1313,54947.0,22.0
178244.0,4201,39251.0,22.0
176017.0,4407,43571.0,22.0
176017.0,4405,85338.0,22.0
176017.0,2301,42000.0,22.0
239105.0,4511,57131.0,22.0
127741.0,4502,51715.0,22.0
127653.0,4201,43238.0,22.0
176017.0,0904,56381.0,22.0
243744.0,4506,112700.0,22.0
179557.0,4510,66799.0,22.0
240189.0,3020,52885.0,22.0
242653.0,3105,26682.0,22.0
168148.0,3025,130801.0,22.0
180814.0,0901,61294.0,22.0
165015.0,4502,57423.0,22.0
135726.0,5100,66064.0,22.0
238458.0,2607,39677.0,22.0
165015.0,2301,62291.0,22.0
215798.0,5401,42494.0,22.0
219639.0,5107,51673.0,22.0
219602.0,5214,53734.0,22.0
181002.0,4510,51993.0,22.0
174844.0,0301,48137.0,22.0
164988.0,4502,53722.0,22.0
238333.0,5206,84668.0,22.0
238333.0,4511,53351.0,22.0
231651.0,4405,60776.0,22.0
240268.0,4008,87033.0,22.0
149231.0,4510,52564.0,22.0
238193.0,4201,45066.0,22.0
238193.0,1312,46708.0,22.0
174792.0,2313,67607.0,22.0
138716.0,5108,52264.0,22.0
245953.0,5213,75041.0,22.0
215947.0,4301,56609.0,22.0
135726.0,3105,56289.0,22.0
181215.0,2401,47600.0,22.0
238032.0,5206,68161.0,22.0
164739.0,2701,101971.0,22.0
180595.0,5202,59499.0,22.0
180489.0,5401,46408.0,22.0
219949.0,5202,60477.0,22.0
180489.0,4502,40550.0,22.0
165820.0,5004,42946.0,22.0
165820.0,3601,54813.0,22.0
175078.0,1313,47219.0,22.0
219806.0,5203,64634.0,22.0
175005.0,1313,48873.0,22.0
219806.0,4201,37992.0,22.0
179867.0,2601,68359.0,22.0
238616.0,5107,58979.0,22.0
174914.0,3802,35960.0,22.0
219806.0,0901,46614.0,22.0
238616.0,4201,55486.0,22.0
165671.0,5004,63616.0,22.0
215743.0,5111,68578.0,22.0
149781.0,5007,38363.0,22.0
126818.0,5009,39414.0,22.0
215743.0,5214,59631.0,22.0
126818.0,5005,34552.0,22.0
165574.0,3105,46897.0,22.0
138354.0,5007,42115.0,22.0
165334.0,5401,53926.0,22.0
165334.0,4511,64988.0,22.0
232186.0,5109,59024.0,22.0
238476.0,1101,106611.0,22.0
126775.0,1421,109695.0,22.0
165167.0,5202,56332.0,22.0
242653.0,4407,35517.0,22.0
221838.0,4511,47853.0,22.0
237109.0,5202,59398.0,22.0
176947.0,1399,43653.0,22.0
216694.0,4201,48163.0,22.0
218229.0,4510,50079.0,22.0
207388.0,3101,49468.0,22.0
110574.0,0301,59333.0,22.0
187648.0,0901,44300.0,22.0
190549.0,5401,44416.0,22.0
218229.0,5007,40202.0,22.0
228246.0,1419,90649.0,22.0
232186.0,0301,60874.0,22.0
110574.0,2602,77863.0,22.0
171456.0,5401,34318.0,22.0
209551.0,4005,81984.0,22.0
217420.0,2313,45378.0,22.0
110680.0,2301,56097.0,22.0
187648.0,4201,43334.0,22.0
171492.0,0909,68008.0,22.0
140553.0,4511,62517.0,22.0
228042.0,2601,50514.0,22.0
217518.0,5211,67621.0,22.0
187985.0,1410,90529.0,22.0
190415.0,1401,128207.0,22.0
190372.0,1410,139068.0,22.0
231624.0,4005,78270.0,22.0
232618.0,5138,91634.0,22.0
187444.0,5102,63108.0,22.0
187134.0,1419,91052.0,22.0
227216.0,2602,60655.0,22.0
171100.0,1110,73880.0,22.0
173045.0,4407,60546.0,22.0
186380.0,5199,61901.0,22.0
160755.0,3099,52535.0,22.0
209807.0,5100,59961.0,22.0
173045.0,1312,49698.0,22.0
240417.0,1909,59192.0,22.0
217305.0,4301,61128.0,22.0
132657.0,5202,72802.0,22.0
170082.0,1409,103253.0,22.0
217402.0,2301,63736.0,22.0
186584.0,0301,65075.0,22.0
186876.0,2602,69252.0,22.0
190594.0,5009,39600.0,22.0
170082.0,1436,95416.0,22.0
133021.0,5202,52491.0,22.0
207661.0,0907,41994.0,22.0
227216.0,4901,78166.0,22.0
140553.0,4201,54867.0,22.0
133492.0,0901,60969.0,22.0
236939.0,5102,63052.0,22.0
209807.0,2602,75765.0,22.0
190567.0,1609,34212.0,22.0
172644.0,4404,66396.0,22.0
240462.0,1301,52895.0,22.0
172644.0,4005,63079.0,22.0
207971.0,0901,44090.0,22.0
170806.0,2601,63032.0,22.0
133650.0,1510,98272.0,22.0
170301.0,4510,62936.0,22.0
207500.0,4502,55399.0,22.0
172334.0,1310,42461.0,22.0
227881.0,5003,48568.0,22.0
231624.0,2615,52161.0,22.0
439701.0,3999,36278.0,22.0
207971.0,1407,101626.0,22.0
133669.0,0404,53961.0,22.0
170532.0,4005,63824.0,22.0
172644.0,2701,64547.0,22.0
189097.0,4512,79807.0,22.0
236948.0,1418,95314.0,22.0
170532.0,4506,72170.0,22.0
110608.0,3802,51235.0,22.0
227881.0,0100,60598.0,22.0
110592.0,4506,54998.0,22.0
172264.0,2601,47155.0,22.0
159647.0,1407,98240.0,22.0
110608.0,2613,59940.0,22.0
190044.0,5203,93132.0,22.0
141167.0,5202,54403.0,22.0
172334.0,5203,66338.0,22.0
170806.0,5202,64515.0,22.0
172644.0,1310,58182.0,22.0
188030.0,0101,63139.0,22.0
131469.0,4511,78857.0,22.0
159993.0,5401,38974.0,22.0
147767.0,5210,108498.0,22.0
188030.0,2313,39479.0,22.0
159966.0,5401,50107.0,22.0
188182.0,3105,38080.0,22.0
159966.0,5212,65635.0,22.0
172644.0,1435,101990.0,22.0
141264.0,5401,47595.0,22.0
188429.0,2601,75921.0,22.0
218061.0,2301,40098.0,22.0
217484.0,0301,59964.0,22.0
110635.0,5005,55555.0,22.0
209409.0,3099,57601.0,22.0
159656.0,5214,53481.0,22.0
209056.0,4513,52622.0,22.0
227526.0,5214,58810.0,22.0
236948.0,3000,48753.0,22.0
141167.0,4301,61295.0,22.0
208822.0,3099,48531.0,22.0
160755.0,4502,56847.0,22.0
132602.0,5138,76641.0,22.0
217484.0,5005,33972.0,22.0
210146.0,5401,43195.0,22.0
169798.0,4511,41831.0,22.0
185590.0,0904,53579.0,22.0
140252.0,5201,50853.0,22.0
190637.0,3101,47163.0,22.0
210429.0,2601,45268.0,22.0
207351.0,3105,41172.0,22.0
217059.0,4510,52133.0,22.0
216807.0,4201,52339.0,22.0
131159.0,5203,119020.0,22.0
169798.0,5122,58252.0,22.0
169363.0,4201,55486.0,22.0
169798.0,5211,66259.0,22.0
210331.0,2301,36779.0,22.0
441937.0,1609,50202.0,22.0
161518.0,5109,95515.0,22.0
217749.0,4301,46332.0,22.0
217819.0,4502,53567.0,22.0
171128.0,3105,50388.0,22.0
110556.0,5109,58518.0,22.0
169442.0,5006,35797.0,22.0
139959.0,2613,49436.0,22.0
217749.0,5203,84369.0,22.0
157809.0,0901,58479.0,22.0
210669.0,5401,53454.0,22.0
131113.0,5208,68627.0,22.0
130943.0,5207,56895.0,22.0
113698.0,2601,75913.0,22.0
115755.0,4506,61175.0,22.0
210571.0,2401,52894.0,22.0
171137.0,4501,31967.0,22.0
157535.0,4301,41524.0,22.0
140252.0,4201,54291.0,22.0
141574.0,1101,74799.0,22.0
228431.0,1601,51494.0,22.0
217819.0,2613,42466.0,22.0
147767.0,5401,78966.0,22.0
217156.0,5401,85520.0,22.0
217688.0,5210,57482.0,22.0
140553.0,1101,112934.0,22.0
237011.0,1436,85314.0,22.0
190637.0,5003,23522.0,22.0
173160.0,2601,58005.0,22.0
207388.0,0112,57348.0,22.0
207263.0,5401,47608.0,22.0
185572.0,1409,111422.0,22.0
228431.0,0305,55786.0,22.0
228431.0,0301,54077.0,22.0
149781.0,1609,42635.0,22.0
226091.0,5102,54087.0,22.0
132657.0,5219,55029.0,22.0
133881.0,4201,61516.0,22.0
171146.0,1104,70164.0,22.0
170037.0,1313,45673.0,22.0
132903.0,4501,46388.0,22.0
216764.0,5138,98013.0,22.0
240480.0,3020,42984.0,22.0
217156.0,5007,60985.0,22.0
228431.0,0405,59047.0,22.0
226833.0,5106,74347.0,22.0
210146.0,3101,36135.0,22.0
169910.0,5106,63582.0,22.0
161217.0,4301,42812.0,22.0
234030.0,3801,64402.0,21.0
102553.0,4199,90046.0,21.0
174899.0,5208,66210.0,21.0
174914.0,4510,61922.0,21.0
136172.0,1310,59429.0,21.0
486840.0,5209,49957.0,21.0
152600.0,4005,62245.0,21.0
232681.0,5001,41509.0,21.0
102553.0,5115,49660.0,21.0
145600.0,5131,49393.0,21.0
499635.0,1109,33351.0,21.0
217518.0,1003,61887.0,21.0
133553.0,1412,94084.0,21.0
170675.0,1107,82464.0,21.0
215770.0,4504,55924.0,21.0
170675.0,1405,80937.0,21.0
232982.0,5009,52028.0,21.0
176770.0,5109,82049.0,21.0
231420.0,5203,64192.0,21.0
170675.0,1408,83291.0,21.0
132903.0,2701,69005.0,21.0
239628.0,2301,45050.0,21.0
171571.0,5007,44270.0,21.0
217493.0,4807,37055.0,21.0
149514.0,1312,48814.0,21.0
167598.0,3105,46686.0,21.0
198066.0,5202,57660.0,21.0
215770.0,4506,87943.0,21.0
174914.0,2601,71619.0,21.0
176372.0,2701,47150.0,21.0
240444.0,1310,50302.0,21.0
486901.0,4201,46990.0,21.0
240444.0,1313,48435.0,21.0
200332.0,2605,64014.0,21.0
198516.0,5211,91132.0,21.0
102368.0,5007,37264.0,21.0
176035.0,2401,39455.0,21.0
176035.0,2203,45081.0,21.0
220075.0,1310,44224.0,21.0
102377.0,1410,95915.0,21.0
167987.0,1409,98642.0,21.0
149772.0,5131,54394.0,21.0
132709.0,1310,59330.0,21.0
217721.0,2601,36966.0,21.0
231174.0,0111,34672.0,21.0
167899.0,1301,53222.0,21.0
176017.0,1313,47048.0,21.0
147660.0,5004,57192.0,21.0
198464.0,5003,42785.0,21.0
171146.0,0301,37015.0,21.0
198464.0,1601,43012.0,21.0
240107.0,4201,52596.0,21.0
132657.0,4301,68824.0,21.0
129020.0,5109,80191.0,21.0
175421.0,5003,32324.0,21.0
198419.0,5122,101771.0,21.0
129215.0,1312,52010.0,21.0
486840.0,1506,51417.0,21.0
230038.0,4509,71622.0,21.0
198464.0,5218,74557.0,21.0
171128.0,1515,93993.0,21.0
201195.0,0901,51698.0,21.0
102368.0,3015,80455.0,21.0
215442.0,5203,74639.0,21.0
219833.0,4228,64897.0,21.0
152600.0,1609,50588.0,21.0
198136.0,0909,51126.0,21.0
128902.0,5007,61321.0,21.0
150163.0,5208,81344.0,21.0
201104.0,5401,44543.0,21.0
243151.0,5204,24112.0,21.0
198215.0,0901,48181.0,21.0
175078.0,5208,59824.0,21.0
220613.0,1310,36999.0,21.0
242705.0,1435,56541.0,21.0
234030.0,1409,118273.0,21.0
171571.0,1435,102222.0,21.0
171146.0,1313,47731.0,21.0
242705.0,1512,53013.0,21.0
145619.0,1107,91698.0,21.0
234030.0,1405,86295.0,21.0
219976.0,3000,56036.0,21.0
217518.0,4510,63405.0,21.0
170976.0,1422,94569.0,21.0
171492.0,5107,55020.0,21.0
176053.0,4301,55832.0,21.0
100654.0,1901,44814.0,21.0
145813.0,1506,76121.0,21.0
102094.0,5209,41515.0,21.0
168740.0,5123,73194.0,21.0
174066.0,1909,59879.0,21.0
217156.0,3027,69802.0,21.0
101879.0,1205,38735.0,21.0
243197.0,4006,37839.0,21.0
173160.0,5203,85036.0,21.0
201690.0,4201,39628.0,21.0
168786.0,0901,48075.0,21.0
174066.0,5201,84516.0,21.0
148496.0,5219,47078.0,21.0
240727.0,4510,52096.0,21.0
174066.0,1313,54799.0,21.0
216366.0,4201,55371.0,21.0
146481.0,4510,61770.0,21.0
199412.0,5004,52870.0,21.0
151324.0,1503,77336.0,21.0
130776.0,2401,40555.0,21.0
240338.0,0999,58335.0,21.0
173124.0,0301,49001.0,21.0
216287.0,4510,58372.0,21.0
232557.0,1419,89129.0,21.0
174358.0,1104,74016.0,21.0
199102.0,5122,72419.0,21.0
174251.0,5202,57437.0,21.0
230737.0,5009,40597.0,21.0
131283.0,4407,65185.0,21.0
174233.0,0904,42478.0,21.0
173124.0,1500,90868.0,21.0
489779.0,0901,75906.0,21.0
202480.0,2609,109604.0,21.0
174233.0,3101,40452.0,21.0
149772.0,1601,53453.0,21.0
202480.0,1107,102468.0,21.0
149781.0,3904,42605.0,21.0
199148.0,2701,61555.0,21.0
146339.0,4201,46816.0,21.0
232566.0,4510,55259.0,21.0
216597.0,4001,80302.0,21.0
218742.0,1907,36368.0,21.0
151263.0,5109,56980.0,21.0
130943.0,0101,74606.0,21.0
151111.0,1616,47003.0,21.0
218733.0,1508,63129.0,21.0
199193.0,1433,94505.0,21.0
101709.0,2313,46767.0,21.0
130943.0,2602,74190.0,21.0
232043.0,2401,53229.0,21.0
130943.0,5009,49145.0,21.0
134079.0,4510,57128.0,21.0
101587.0,5202,53696.0,21.0
218724.0,5107,59575.0,21.0
240365.0,5218,66875.0,21.0
173665.0,2301,41531.0,21.0
169798.0,4005,67767.0,21.0
201885.0,2203,67713.0,21.0
218663.0,5003,55274.0,21.0
240374.0,5005,37110.0,21.0
240480.0,1440,99625.0,21.0
173300.0,5203,82771.0,21.0
199148.0,4507,55532.0,21.0
147703.0,1435,82584.0,21.0
216852.0,5209,56345.0,21.0
173665.0,1301,48878.0,21.0
149781.0,3801,40076.0,21.0
240727.0,2601,58479.0,21.0
216852.0,4407,59654.0,21.0
101587.0,3105,41440.0,21.0
240365.0,0301,49074.0,21.0
233301.0,2601,44118.0,21.0
217305.0,5007,47098.0,21.0
216278.0,5004,59551.0,21.0
217484.0,4511,53802.0,21.0
219471.0,5401,45096.0,21.0
131469.0,5201,107023.0,21.0
242617.0,5009,19792.0,21.0
198862.0,4407,46945.0,21.0
129941.0,5214,63564.0,21.0
131469.0,5007,34734.0,21.0
168263.0,1107,95932.0,21.0
217961.0,5202,55503.0,21.0
240426.0,4301,58167.0,21.0
169363.0,1310,49463.0,21.0
240268.0,4511,36421.0,21.0
215947.0,5203,66276.0,21.0
216010.0,1310,50069.0,21.0
217484.0,0106,48403.0,21.0
198969.0,5107,58849.0,21.0
168254.0,1419,93541.0,21.0
198835.0,1312,44131.0,21.0
151379.0,2601,56463.0,21.0
201432.0,5109,51385.0,21.0
232089.0,5203,60070.0,21.0
152080.0,0501,75832.0,21.0
168148.0,1609,70767.0,21.0
145691.0,2313,45716.0,21.0
198695.0,5214,69721.0,21.0
174844.0,4227,56282.0,21.0
172264.0,5106,68392.0,21.0
174817.0,5208,74642.0,21.0
217484.0,1435,90399.0,21.0
487524.0,1312,40445.0,21.0
131496.0,1601,65574.0,21.0
170532.0,1101,117826.0,21.0
168227.0,1401,96695.0,21.0
172334.0,3907,36814.0,21.0
241836.0,1109,33351.0,21.0
230728.0,3101,39091.0,21.0
172699.0,4006,58164.0,21.0
230852.0,4301,48349.0,21.0
241410.0,5212,30298.0,21.0
232186.0,4005,77681.0,21.0
130253.0,5007,61998.0,21.0
172699.0,1310,50665.0,21.0
202523.0,4513,49035.0,21.0
131469.0,0301,66178.0,21.0
151342.0,2601,56512.0,21.0
147828.0,0909,56435.0,21.0
172699.0,1909,56487.0,21.0
230737.0,1609,52657.0,21.0
174358.0,4511,46439.0,21.0
217402.0,4407,70356.0,21.0
233897.0,1301,41804.0,21.0
147828.0,0901,42321.0,21.0
216038.0,4507,62659.0,21.0
168430.0,4507,41054.0,21.0
219383.0,5203,70772.0,21.0
199069.0,1301,56226.0,21.0
174783.0,4509,48463.0,21.0
201441.0,5109,51385.0,21.0
203085.0,0901,50626.0,21.0
130226.0,5004,61419.0,21.0
172644.0,4502,48230.0,21.0
131469.0,1427,120976.0,21.0
217420.0,2615,48514.0,21.0
130253.0,2401,68092.0,21.0
148584.0,2601,58363.0,21.0
230728.0,5122,93161.0,21.0
200004.0,1503,79441.0,21.0
130226.0,5207,91828.0,21.0
131469.0,1104,105145.0,21.0
172644.0,5401,50251.0,21.0
199139.0,1907,48107.0,21.0
179894.0,1002,50359.0,21.0
176965.0,1310,39569.0,21.0
186283.0,5213,82193.0,21.0
226587.0,1313,47035.0,21.0
210401.0,4005,79592.0,21.0
112084.0,5202,59489.0,21.0
210429.0,1312,54761.0,21.0
186201.0,5005,44565.0,21.0
110097.0,0909,62319.0,21.0
205957.0,2601,62048.0,21.0
228769.0,2602,53830.0,21.0
436818.0,5109,80191.0,21.0
155812.0,5202,66570.0,21.0
139968.0,5107,40799.0,21.0
210571.0,5401,39097.0,21.0
161253.0,1409,104785.0,21.0
108092.0,4407,45275.0,21.0
155812.0,2401,39893.0,21.0
228769.0,4502,32834.0,21.0
235422.0,4301,55375.0,21.0
226152.0,5212,49221.0,21.0
205203.0,5138,88005.0,21.0
185590.0,5109,52435.0,21.0
205203.0,1312,34183.0,21.0
210401.0,1107,100650.0,21.0
140447.0,4510,59997.0,21.0
156295.0,1301,36412.0,21.0
111948.0,3105,75108.0,21.0
160658.0,5299,60104.0,21.0
156286.0,4510,52228.0,21.0
110370.0,3031,149149.0,21.0
110361.0,5401,54239.0,21.0
186432.0,0901,42264.0,21.0
228723.0,4008,92826.0,21.0
186399.0,5107,59921.0,21.0
236230.0,2701,78056.0,21.0
156213.0,1312,40890.0,21.0
186380.0,5123,47306.0,21.0
186380.0,5107,59921.0,21.0
192703.0,0909,75594.0,21.0
160755.0,5100,47791.0,21.0
160904.0,4005,48508.0,21.0
160904.0,5202,41198.0,21.0
110361.0,2609,76789.0,21.0
160977.0,2301,62082.0,21.0
140447.0,5208,66036.0,21.0
237011.0,2703,68359.0,21.0
192749.0,2313,46500.0,21.0
161226.0,2301,35998.0,21.0
211088.0,5005,39087.0,21.0
107983.0,4402,48773.0,21.0
142285.0,5206,78254.0,21.0
185590.0,0502,49429.0,21.0
155399.0,1500,72544.0,21.0
119605.0,1410,100721.0,21.0
162654.0,2301,46333.0,21.0
120184.0,4511,68503.0,21.0
212054.0,5122,72736.0,21.0
193900.0,5102,75970.0,21.0
183974.0,0901,45098.0,21.0
139861.0,5206,86894.0,21.0
194091.0,0901,32748.0,21.0
155317.0,1409,113339.0,21.0
163268.0,5005,34778.0,21.0
147767.0,1436,97819.0,21.0
212106.0,1405,88272.0,21.0
237525.0,4510,50832.0,21.0
120537.0,1301,45971.0,21.0
155089.0,2607,39329.0,21.0
204857.0,2399,37785.0,21.0
194392.0,0305,49291.0,21.0
183211.0,5122,72965.0,21.0
237686.0,5202,45951.0,21.0
194824.0,1423,87239.0,21.0
237367.0,1104,55280.0,21.0
212009.0,5401,57699.0,21.0
237330.0,2601,52670.0,21.0
184782.0,3017,35817.0,21.0
117140.0,2200,66373.0,21.0
204909.0,3105,55420.0,21.0
107983.0,2601,44873.0,21.0
185262.0,5109,59531.0,21.0
463056.0,5109,80191.0,21.0
211440.0,5007,53726.0,21.0
235316.0,4504,68190.0,21.0
204866.0,2399,37785.0,21.0
184782.0,3020,46165.0,21.0
155414.0,1312,40174.0,21.0
212009.0,1609,59045.0,21.0
118693.0,4201,52942.0,21.0
211981.0,0111,48031.0,21.0
193584.0,5214,70378.0,21.0
107512.0,5202,66175.0,21.0
184773.0,5401,46894.0,21.0
139940.0,5131,56263.0,21.0
142461.0,0901,48307.0,21.0
107512.0,2601,69747.0,21.0
184773.0,5203,67716.0,21.0
160658.0,5004,42867.0,21.0
228723.0,2602,59079.0,21.0
212133.0,4504,56695.0,21.0
228325.0,5214,66477.0,21.0
206941.0,1905,60207.0,21.0
190594.0,1603,53509.0,21.0
157289.0,1609,42369.0,21.0
231624.0,1609,60177.0,21.0
190512.0,2401,68471.0,21.0
190415.0,2705,111090.0,21.0
440828.0,5001,35819.0,21.0
159009.0,5203,50208.0,21.0
110583.0,4005,67818.0,21.0
142115.0,4506,71817.0,21.0
110510.0,5211,43776.0,21.0
207500.0,2605,61165.0,21.0
227881.0,5207,52901.0,21.0
227881.0,5206,67464.0,21.0
190150.0,3033,85545.0,21.0
440828.0,4008,103167.0,21.0
157085.0,5004,62966.0,21.0
207500.0,4006,85207.0,21.0
157085.0,4005,73549.0,21.0
440828.0,3101,46044.0,21.0
191621.0,4400,50111.0,21.0
207388.0,1403,83517.0,21.0
190983.0,2601,55132.0,21.0
156295.0,4201,40768.0,21.0
207388.0,0904,52292.0,21.0
207263.0,5131,54484.0,21.0
236939.0,0502,56880.0,21.0
228431.0,5219,42078.0,21.0
190664.0,5005,31239.0,21.0
157757.0,5203,65288.0,21.0
207209.0,4201,49061.0,21.0
147703.0,4507,47738.0,21.0
110547.0,2301,55081.0,21.0
110538.0,5401,49351.0,21.0
236939.0,2609,43876.0,21.0
207324.0,2401,39356.0,21.0
236595.0,5211,69201.0,21.0
141565.0,4301,38185.0,21.0
157386.0,5214,41206.0,21.0
110538.0,4507,69500.0,21.0
190716.0,5202,63979.0,21.0
207388.0,0402,70123.0,21.0
157386.0,2301,35895.0,21.0
445188.0,2703,82156.0,21.0
228343.0,4510,61935.0,21.0
228343.0,3105,48338.0,21.0
110510.0,4502,40417.0,21.0
142276.0,1107,88888.0,21.0
159391.0,4507,66168.0,21.0
190150.0,2313,47702.0,21.0
110644.0,2610,63567.0,21.0
140960.0,4510,53906.0,21.0
159939.0,4006,48987.0,21.0
188340.0,1419,103254.0,21.0
140960.0,1503,55584.0,21.0
209542.0,3101,46044.0,21.0
110422.0,4005,63882.0,21.0
209542.0,4008,103167.0,21.0
156541.0,5115,45061.0,21.0
187985.0,5110,71995.0,21.0
140872.0,5107,71691.0,21.0
209542.0,5001,35819.0,21.0
160038.0,5401,55115.0,21.0
110671.0,4008,74410.0,21.0
187648.0,4901,103617.0,21.0
206525.0,2301,40078.0,21.0
436827.0,5109,80191.0,21.0
110413.0,4301,63433.0,21.0
110413.0,3099,70409.0,21.0
192448.0,0909,67704.0,21.0
142285.0,1407,80558.0,21.0
159656.0,4504,58058.0,21.0
110635.0,1437,138883.0,21.0
436836.0,5109,80191.0,21.0
207847.0,5202,49672.0,21.0
207500.0,5009,45781.0,21.0
207500.0,5202,88953.0,21.0
157085.0,0406,64143.0,21.0
207582.0,1312,44177.0,21.0
110510.0,2602,56277.0,21.0
206695.0,1107,85028.0,21.0
228644.0,5109,75404.0,21.0
207661.0,5001,37996.0,21.0
159647.0,1435,88619.0,21.0
189097.0,4511,77821.0,21.0
227845.0,0301,44134.0,21.0
206622.0,4506,63252.0,21.0
449764.0,5009,33690.0,21.0
236948.0,1603,51826.0,21.0
110617.0,1313,82062.0,21.0
232557.0,2701,81095.0,21.0
208646.0,1312,48894.0,21.0
156620.0,5208,63685.0,21.0
208646.0,4599,49611.0,21.0
110486.0,5007,43534.0,21.0
167358.0,2602,90612.0,21.0
183071.0,4303,71129.0,21.0
212577.0,4511,63251.0,21.0
179867.0,1407,107843.0,21.0
104717.0,0909,44335.0,21.0
221759.0,3801,59329.0,21.0
204185.0,5208,80777.0,21.0
179566.0,2701,77471.0,21.0
196219.0,2799,72237.0,21.0
221759.0,2701,50605.0,21.0
153278.0,4511,51512.0,21.0
179566.0,1110,69088.0,21.0
196237.0,1104,78347.0,21.0
243744.0,2301,82036.0,21.0
243665.0,5203,51737.0,21.0
179159.0,2301,50769.0,21.0
179159.0,1101,90660.0,21.0
166027.0,2301,50428.0,21.0
166027.0,2703,170689.0,21.0
243665.0,4301,58403.0,21.0
137847.0,5005,28709.0,21.0
221740.0,3000,56558.0,21.0
178624.0,5208,65692.0,21.0
153250.0,5203,77629.0,21.0
178624.0,1310,46475.0,21.0
243780.0,0301,69768.0,21.0
153375.0,5004,41944.0,21.0
106713.0,3105,45441.0,21.0
204264.0,4301,51445.0,21.0
243780.0,4502,55624.0,21.0
234155.0,1904,46514.0,21.0
234155.0,1508,80902.0,21.0
221838.0,5138,92380.0,21.0
238458.0,5208,79884.0,21.0
180489.0,2301,41634.0,21.0
180461.0,4506,62511.0,21.0
180106.0,5123,49309.0,21.0
204635.0,5005,34445.0,21.0
165574.0,5010,33485.0,21.0
149231.0,5009,46196.0,21.0
148627.0,5299,50221.0,21.0
196200.0,5005,33581.0,21.0
127060.0,1609,61241.0,21.0
238616.0,1310,49463.0,21.0
190646.0,4404,53849.0,21.0
179867.0,4227,75261.0,21.0
179867.0,3025,67212.0,21.0
138293.0,1312,44747.0,21.0
165820.0,1101,75879.0,21.0
179867.0,1427,119297.0,21.0
127565.0,3101,57810.0,21.0
196291.0,1435,102563.0,21.0
229160.0,5203,71296.0,21.0
214777.0,0406,74363.0,21.0
177968.0,1399,37795.0,21.0
149505.0,4407,52382.0,21.0
166939.0,1107,120021.0,21.0
197133.0,4511,61106.0,21.0
243212.0,5214,31600.0,21.0
166939.0,4511,62313.0,21.0
148584.0,5203,76680.0,21.0
153001.0,1301,50997.0,21.0
128391.0,5007,39865.0,21.0
137096.0,1312,45196.0,21.0
203775.0,0999,49148.0,21.0
176965.0,5131,46803.0,21.0
203580.0,2601,57506.0,21.0
176965.0,5005,48179.0,21.0
137078.0,4404,47320.0,21.0
152798.0,5110,71677.0,21.0
234030.0,4502,49641.0,21.0
128498.0,5203,71436.0,21.0
152673.0,3802,69988.0,21.0
203535.0,5007,53620.0,21.0
167358.0,2301,67877.0,21.0
127918.0,5210,87109.0,21.0
229267.0,5214,84347.0,21.0
197045.0,5206,60150.0,21.0
104151.0,1433,116219.0,21.0
147828.0,2601,58864.0,21.0
204024.0,1405,89052.0,21.0
221351.0,4506,82950.0,21.0
178396.0,2602,56003.0,21.0
137546.0,1313,54537.0,21.0
153144.0,5203,81408.0,21.0
231712.0,1601,53564.0,21.0
137351.0,5003,33269.0,21.0
166638.0,1410,100902.0,21.0
166638.0,2602,85296.0,21.0
127918.0,5208,91631.0,21.0
153144.0,0909,60540.0,21.0
214777.0,3099,50866.0,21.0
144962.0,5009,32448.0,21.0
153108.0,4511,51996.0,21.0
178244.0,2401,47210.0,21.0
153108.0,2601,59597.0,21.0
178059.0,5214,83256.0,21.0
178059.0,5102,53667.0,21.0
166850.0,2601,79581.0,21.0
106245.0,5401,46392.0,21.0
126678.0,0301,37393.0,21.0
106397.0,0301,51967.0,21.0
123572.0,1410,112757.0,21.0
154493.0,5214,54858.0,21.0
154493.0,5004,41109.0,21.0
213020.0,5401,43164.0,21.0
154493.0,3105,49002.0,21.0
224226.0,5203,103694.0,21.0
106485.0,0101,57051.0,21.0
213303.0,5007,27094.0,21.0
195526.0,2609,67645.0,21.0
213303.0,5203,54695.0,21.0
122597.0,5009,38639.0,21.0
237969.0,5201,60815.0,21.0
204820.0,2399,37785.0,21.0
139366.0,5009,18218.0,21.0
224004.0,3105,47224.0,21.0
195720.0,4506,60920.0,21.0
154095.0,5005,39816.0,21.0
164216.0,4510,69018.0,21.0
213367.0,4510,56792.0,21.0
122931.0,1405,114426.0,21.0
213367.0,5202,80900.0,21.0
164270.0,2601,51307.0,21.0
224554.0,0109,41105.0,21.0
228796.0,4304,42459.0,21.0
183026.0,1301,42034.0,21.0
235097.0,0301,58106.0,21.0
204848.0,2399,37785.0,21.0
195003.0,1905,63750.0,21.0
121150.0,5005,50594.0,21.0
139719.0,1101,44881.0,21.0
183044.0,4303,71129.0,21.0
212601.0,5214,63492.0,21.0
237792.0,4201,41344.0,21.0
121345.0,1107,217051.0,21.0
154721.0,2601,54633.0,21.0
183044.0,3033,62388.0,21.0
143118.0,4510,58503.0,21.0
154712.0,5202,79184.0,21.0
121691.0,1609,67126.0,21.0
163462.0,5401,50563.0,21.0
154590.0,2601,53683.0,21.0
204839.0,2399,37785.0,21.0
212832.0,4201,50848.0,21.0
163851.0,4008,79158.0,21.0
139658.0,2401,90025.0,21.0
106485.0,4301,47929.0,21.0
165015.0,0502,73256.0,21.0
143358.0,4510,57832.0,21.0
164447.0,4511,61173.0,21.0
213996.0,5214,67900.0,21.0
181394.0,1110,114504.0,21.0
138868.0,1907,43682.0,21.0
153834.0,5203,75341.0,21.0
153834.0,5100,50580.0,21.0
234173.0,4201,43511.0,21.0
214041.0,4005,69998.0,21.0
164924.0,0301,82861.0,21.0
214041.0,4502,44440.0,21.0
106397.0,4005,55467.0,21.0
181215.0,1313,44687.0,21.0
221999.0,1312,55188.0,21.0
149231.0,4502,44974.0,21.0
204796.0,2703,120495.0,21.0
243832.0,1109,33351.0,21.0
482705.0,2301,67877.0,21.0
214166.0,5109,66959.0,21.0
221892.0,4201,49989.0,21.0
196121.0,2701,61686.0,21.0
106397.0,1445,75596.0,21.0
126614.0,5102,62119.0,21.0
126669.0,1101,91195.0,21.0
106458.0,1419,91665.0,21.0
106397.0,5004,65780.0,21.0
181394.0,2313,37986.0,21.0
366252.0,0409,58695.0,21.0
181738.0,5202,59681.0,21.0
213400.0,3907,38779.0,21.0
366711.0,5201,68984.0,21.0
144005.0,4511,51485.0,21.0
164447.0,5122,58245.0,21.0
213507.0,4201,42874.0,21.0
213507.0,4504,58447.0,21.0
181464.0,4304,58037.0,21.0
204802.0,2399,37785.0,21.0
482680.0,2701,73220.0,21.0
106412.0,1101,59597.0,21.0
222983.0,4506,67071.0,21.0
139199.0,4201,42586.0,21.0
213668.0,5007,34936.0,21.0
234669.0,5004,67797.0,21.0
213826.0,0405,50266.0,21.0
139144.0,0301,51465.0,21.0
204796.0,5110,74601.0,21.0
242626.0,5203,26685.0,21.0
147776.0,2701,66269.0,20.0
147776.0,5007,44312.0,20.0
148496.0,1107,86730.0,20.0
232557.0,1616,48109.0,20.0
130590.0,3099,68998.0,20.0
232706.0,5122,44896.0,20.0
126818.0,4302,98019.0,20.0
243780.0,2602,67639.0,20.0
126614.0,1410,100631.0,20.0
243832.0,5004,21626.0,20.0
245838.0,4201,51702.0,20.0
245847.0,4201,51702.0,20.0
245892.0,4201,51702.0,20.0
126562.0,1907,55181.0,20.0
262086.0,4511,63036.0,20.0
125763.0,4510,55853.0,20.0
366252.0,1101,85701.0,20.0
366252.0,4400,41244.0,20.0
366252.0,5004,53796.0,20.0
122931.0,1408,105594.0,20.0
122728.0,3105,53692.0,20.0
122612.0,5211,77060.0,20.0
122409.0,5215,50662.0,20.0
122409.0,5109,53621.0,20.0
121345.0,4506,96702.0,20.0
121309.0,2601,65365.0,20.0
386472.0,5203,54345.0,20.0
121150.0,0904,58801.0,20.0
120883.0,5210,75444.0,20.0
409698.0,5007,34006.0,20.0
126818.0,0106,66984.0,20.0
243780.0,0110,75060.0,20.0
232982.0,1409,94542.0,20.0
243744.0,0502,45519.0,20.0
240727.0,2609,58593.0,20.0
241225.0,4201,18428.0,20.0
130776.0,0907,43257.0,20.0
241395.0,1313,33066.0,20.0
130493.0,4005,72838.0,20.0
241410.0,1313,33066.0,20.0
130314.0,4201,49532.0,20.0
130253.0,4506,80970.0,20.0
241739.0,0907,26731.0,20.0
130226.0,5401,53500.0,20.0
130226.0,1107,77324.0,20.0
242626.0,5207,21272.0,20.0
129525.0,1504,77621.0,20.0
128902.0,2613,62925.0,20.0
128902.0,2301,54495.0,20.0
128744.0,5203,68559.0,20.0
128106.0,2301,44045.0,20.0
243443.0,3018,23655.0,20.0
243586.0,1313,33066.0,20.0
127565.0,2602,57065.0,20.0
127556.0,5007,32144.0,20.0
127185.0,4006,56304.0,20.0
127185.0,3106,39598.0,20.0
120883.0,1408,90510.0,20.0
433536.0,5203,54345.0,20.0
117946.0,1609,62024.0,20.0
117140.0,4511,61350.0,20.0
106397.0,0108,54454.0,20.0
106245.0,1510,86132.0,20.0
105330.0,4404,52834.0,20.0
105330.0,3026,37350.0,20.0
104179.0,4006,63387.0,20.0
104179.0,1601,52805.0,20.0
104179.0,1515,101557.0,20.0
104151.0,1413,101127.0,20.0
102614.0,4301,60306.0,20.0
102614.0,2601,41862.0,20.0
102614.0,1408,86819.0,20.0
102553.0,5401,36650.0,20.0
102049.0,5203,90572.0,20.0
101693.0,4201,46558.0,20.0
101365.0,5203,54345.0,20.0
100858.0,5007,31025.0,20.0
100858.0,2703,83741.0,20.0
100830.0,5214,51899.0,20.0
100751.0,4502,35701.0,20.0
100751.0,0301,52619.0,20.0
100663.0,4599,47004.0,20.0
498571.0,5110,64092.0,20.0
499635.0,5004,21626.0,20.0
106397.0,1405,75972.0,20.0
106458.0,5004,39897.0,20.0
482149.0,5007,25770.0,20.0
110538.0,4404,54714.0,20.0
117140.0,4510,63107.0,20.0
117140.0,0907,55332.0,20.0
112260.0,4510,73826.0,20.0
110714.0,5004,66333.0,20.0
440828.0,1414,87699.0,20.0
110592.0,3801,53127.0,20.0
110583.0,5109,51580.0,20.0
110583.0,2613,55588.0,20.0
110574.0,0502,57145.0,20.0
110556.0,4506,66749.0,20.0
110529.0,4008,87856.0,20.0
480198.0,5203,77653.0,20.0
110510.0,0301,57319.0,20.0
110495.0,1609,50145.0,20.0
459842.0,5203,54345.0,20.0
459851.0,5203,54345.0,20.0
110361.0,1101,93038.0,20.0
107600.0,5202,43163.0,20.0
475273.0,0901,50506.0,20.0
107141.0,5203,82703.0,20.0
107071.0,5203,62161.0,20.0
107044.0,5214,62558.0,20.0
240727.0,1609,61364.0,20.0
240727.0,1404,82143.0,20.0
131159.0,1312,66160.0,20.0
139861.0,5401,44795.0,20.0
236595.0,5006,62385.0,20.0
142115.0,4005,78901.0,20.0
141574.0,1310,62087.0,20.0
141565.0,0301,47534.0,20.0
141565.0,0100,44096.0,20.0
141334.0,4006,60355.0,20.0
141264.0,5211,63072.0,20.0
141264.0,1101,75310.0,20.0
141237.0,4201,33517.0,20.0
140988.0,1312,49864.0,20.0
140960.0,5001,33175.0,20.0
140951.0,1902,128600.0,20.0
140872.0,4301,67847.0,20.0
140696.0,4201,49396.0,20.0
140553.0,2601,34866.0,20.0
140340.0,5203,54345.0,20.0
237066.0,3105,48006.0,20.0
237066.0,3802,48483.0,20.0
237066.0,4008,99842.0,20.0
237215.0,5109,67441.0,20.0
237312.0,4510,43601.0,20.0
139940.0,5215,62120.0,20.0
237367.0,1507,74806.0,20.0
142115.0,4502,36830.0,20.0
142285.0,2301,38409.0,20.0
142285.0,5005,35407.0,20.0
145637.0,1411,89617.0,20.0
147341.0,1312,42058.0,20.0
232982.0,4006,56255.0,20.0
146719.0,5005,42195.0,20.0
233277.0,4501,49727.0,20.0
233277.0,5102,53171.0,20.0
233374.0,1101,112621.0,20.0
233374.0,2301,58014.0,20.0
233426.0,2313,43974.0,20.0
233426.0,4510,71604.0,20.0
145813.0,1609,45994.0,20.0
145619.0,1312,44659.0,20.0
142461.0,4407,44782.0,20.0
234030.0,4008,77737.0,20.0
144962.0,1107,101273.0,20.0
144740.0,1110,113645.0,20.0
144740.0,0502,59016.0,20.0
143288.0,5202,46283.0,20.0
143288.0,4301,46004.0,20.0
235097.0,4511,56992.0,20.0
142522.0,0101,59134.0,20.0
235097.0,5123,58786.0,20.0
142461.0,5203,70899.0,20.0
237367.0,4509,71751.0,20.0
139861.0,4008,85089.0,20.0
240471.0,4511,45741.0,20.0
237899.0,4201,42434.0,20.0
134097.0,5109,57647.0,20.0
240338.0,3105,47737.0,20.0
240338.0,4201,49220.0,20.0
134097.0,4004,66943.0,20.0
134097.0,0501,67110.0,20.0
240365.0,5007,50189.0,20.0
134079.0,2613,43549.0,20.0
240374.0,5212,70370.0,20.0
240392.0,5203,54345.0,20.0
240417.0,0301,50042.0,20.0
133711.0,5005,36506.0,20.0
240426.0,5203,60644.0,20.0
133669.0,5005,20673.0,20.0
133492.0,5202,61685.0,20.0
240444.0,4006,58771.0,20.0
240444.0,4008,77380.0,20.0
132657.0,3105,41209.0,20.0
240453.0,1418,82131.0,20.0
131520.0,5211,100344.0,20.0
131520.0,2301,73929.0,20.0
131496.0,5401,75501.0,20.0
131496.0,2401,112722.0,20.0
240462.0,1099,46448.0,20.0
240329.0,5211,71022.0,20.0
134130.0,1445,89799.0,20.0
240329.0,2605,68454.0,20.0
239105.0,1410,106686.0,20.0
139393.0,4506,62761.0,20.0
237969.0,4301,57335.0,20.0
139393.0,1312,43077.0,20.0
139311.0,2301,31053.0,20.0
138716.0,4407,49331.0,20.0
238333.0,2313,39702.0,20.0
138354.0,2203,45338.0,20.0
137847.0,4511,57474.0,20.0
239017.0,4510,50021.0,20.0
239080.0,5202,64625.0,20.0
137546.0,0301,51955.0,20.0
134608.0,1313,52554.0,20.0
239105.0,5211,102306.0,20.0
239716.0,2701,73029.0,20.0
239716.0,4511,48357.0,20.0
136950.0,5210,72876.0,20.0
239716.0,5214,81731.0,20.0
240189.0,1609,56575.0,20.0
136215.0,5100,82727.0,20.0
240189.0,5211,89687.0,20.0
136172.0,2701,62631.0,20.0
240277.0,5007,41997.0,20.0
148496.0,1312,53810.0,20.0
200800.0,1503,77488.0,20.0
148496.0,1609,60311.0,20.0
186584.0,0901,44374.0,20.0
209551.0,4006,52007.0,20.0
187444.0,5211,49470.0,20.0
227845.0,4407,56637.0,20.0
187134.0,1304,64465.0,20.0
227757.0,1410,136656.0,20.0
209612.0,0301,47202.0,20.0
159656.0,5203,69590.0,20.0
159717.0,0901,47166.0,20.0
227526.0,1408,84082.0,20.0
153144.0,2615,58716.0,20.0
159939.0,5401,46315.0,20.0
159966.0,5131,47677.0,20.0
159993.0,2610,48837.0,20.0
209922.0,4201,36430.0,20.0
209922.0,4506,92453.0,20.0
227368.0,3801,33457.0,20.0
227368.0,2401,58060.0,20.0
210304.0,5203,77653.0,20.0
159647.0,2401,43183.0,20.0
187985.0,0402,48424.0,20.0
159647.0,1503,87053.0,20.0
187985.0,1409,126356.0,20.0
157386.0,5212,59145.0,20.0
228459.0,4005,58396.0,20.0
157401.0,1412,86713.0,20.0
207564.0,1504,102357.0,20.0
190099.0,0301,70760.0,20.0
157401.0,2701,51771.0,20.0
157401.0,5214,56780.0,20.0
189705.0,4400,51522.0,20.0
157447.0,5009,47343.0,20.0
189705.0,0301,45233.0,20.0
157951.0,1310,40705.0,20.0
209065.0,3105,58347.0,20.0
188429.0,5102,64190.0,20.0
188429.0,4301,54469.0,20.0
209506.0,5107,80944.0,20.0
228246.0,5005,35844.0,20.0
209542.0,1414,87699.0,20.0
160038.0,5209,44227.0,20.0
186201.0,4506,75195.0,20.0
160755.0,1405,112914.0,20.0
183239.0,2301,57585.0,20.0
161873.0,4201,48862.0,20.0
183211.0,1312,48523.0,20.0
212115.0,5401,48779.0,20.0
183062.0,5007,46850.0,20.0
183062.0,4506,68634.0,20.0
183044.0,5007,44496.0,20.0
162760.0,4201,65110.0,20.0
183044.0,4006,58045.0,20.0
163046.0,1609,69353.0,20.0
183026.0,1313,51445.0,20.0
213011.0,5219,57245.0,20.0
213020.0,4008,64837.0,20.0
182795.0,3105,57556.0,20.0
213020.0,4502,42604.0,20.0
213321.0,2615,83705.0,20.0
182281.0,5207,58787.0,20.0
213367.0,1101,91837.0,20.0
212106.0,5213,69977.0,20.0
183910.0,2601,50056.0,20.0
227216.0,2613,51368.0,20.0
183974.0,4407,62373.0,20.0
161217.0,2501,32301.0,20.0
226833.0,2301,38748.0,20.0
185262.0,4506,66368.0,20.0
211440.0,2401,62027.0,20.0
211440.0,4010,119715.0,20.0
226383.0,5111,51028.0,20.0
184782.0,1603,52195.0,20.0
226231.0,4201,46679.0,20.0
211981.0,0110,70222.0,20.0
184694.0,4510,54888.0,20.0
184612.0,4201,54288.0,20.0
184603.0,4510,54888.0,20.0
161253.0,4509,62555.0,20.0
161253.0,4511,58217.0,20.0
161554.0,1110,79352.0,20.0
183974.0,4511,46031.0,20.0
212054.0,5115,54395.0,20.0
190114.0,5201,36644.0,20.0
190415.0,2611,124242.0,20.0
190512.0,2601,59419.0,20.0
194958.0,1310,47243.0,20.0
204857.0,4502,44327.0,20.0
153834.0,1605,49769.0,20.0
153834.0,4407,47660.0,20.0
153834.0,4510,53510.0,20.0
193900.0,4512,81123.0,20.0
193900.0,0501,62651.0,20.0
193654.0,4201,38181.0,20.0
228875.0,4511,62392.0,20.0
204866.0,4502,44327.0,20.0
193292.0,5102,74070.0,20.0
154350.0,1101,93749.0,20.0
154518.0,0901,49473.0,20.0
205203.0,5202,55183.0,20.0
228796.0,4407,53995.0,20.0
228796.0,1420,89131.0,20.0
193016.0,4511,47552.0,20.0
205957.0,5208,72426.0,20.0
194310.0,3105,67866.0,20.0
153658.0,2602,65072.0,20.0
154855.0,5107,46060.0,20.0
194958.0,1399,48623.0,20.0
196006.0,1003,35521.0,20.0
153162.0,2602,64510.0,20.0
195720.0,2301,54602.0,20.0
204820.0,4502,44327.0,20.0
195544.0,2701,67968.0,20.0
195526.0,4407,61428.0,20.0
195474.0,4511,64070.0,20.0
195243.0,3105,45373.0,20.0
195216.0,5007,53720.0,20.0
195173.0,5203,82993.0,20.0
204839.0,4502,44327.0,20.0
195173.0,2401,64725.0,20.0
153384.0,5401,54703.0,20.0
229115.0,0405,64751.0,20.0
229063.0,1408,71595.0,20.0
204848.0,4502,44327.0,20.0
153658.0,0501,43083.0,20.0
192864.0,5202,51287.0,20.0
192749.0,5005,48629.0,20.0
190567.0,2602,62440.0,20.0
191515.0,4510,88019.0,20.0
206941.0,1310,47864.0,20.0
190691.0,4506,56571.0,20.0
156541.0,0901,40699.0,20.0
156541.0,2601,59702.0,20.0
207041.0,4201,42253.0,20.0
156541.0,3904,39211.0,20.0
207263.0,0904,46506.0,20.0
207263.0,2604,50981.0,20.0
190664.0,1314,79175.0,20.0
190664.0,0301,65863.0,20.0
190655.0,5109,96192.0,20.0
190646.0,5202,52798.0,20.0
228705.0,5203,57677.0,20.0
156620.0,5110,63533.0,20.0
207306.0,4301,59355.0,20.0
228705.0,0111,47878.0,20.0
207388.0,0409,73075.0,20.0
191515.0,4509,64585.0,20.0
156286.0,2301,45612.0,20.0
206084.0,5001,46198.0,20.0
206695.0,0907,41630.0,20.0
228787.0,4404,55467.0,20.0
192703.0,3105,78264.0,20.0
206084.0,5401,37964.0,20.0
192448.0,3099,41138.0,20.0
155089.0,1104,70999.0,20.0
155317.0,2605,65861.0,20.0
206525.0,4510,46577.0,20.0
155399.0,5004,61150.0,20.0
206589.0,4506,79310.0,20.0
206604.0,2701,59848.0,20.0
155520.0,3105,55535.0,20.0
191676.0,0901,45134.0,20.0
191649.0,5007,49233.0,20.0
156082.0,2301,32760.0,20.0
156082.0,4304,44534.0,20.0
206622.0,2601,55577.0,20.0
206622.0,4407,52014.0,20.0
225247.0,4301,49389.0,20.0
163851.0,1609,59193.0,20.0
213376.0,4301,48174.0,20.0
219356.0,1609,57986.0,20.0
216010.0,5007,39127.0,20.0
174783.0,2613,44386.0,20.0
174783.0,0301,59549.0,20.0
174491.0,5214,63653.0,20.0
174491.0,5203,77128.0,20.0
174491.0,4301,64339.0,20.0
174437.0,5214,50707.0,20.0
216278.0,1312,51105.0,20.0
174358.0,5107,55942.0,20.0
174358.0,2203,50671.0,20.0
218964.0,5109,52363.0,20.0
169080.0,4506,48169.0,20.0
169248.0,1510,86839.0,20.0
174154.0,5203,54345.0,20.0
169248.0,2701,54265.0,20.0
174066.0,5003,48069.0,20.0
216339.0,5215,65650.0,20.0
219356.0,1410,103018.0,20.0
215947.0,2601,70848.0,20.0
174020.0,4501,48486.0,20.0
168421.0,1414,78719.0,20.0
176053.0,3802,40506.0,20.0
176035.0,1312,40196.0,20.0
175980.0,5203,72642.0,20.0
175856.0,1312,56747.0,20.0
219949.0,4201,42713.0,20.0
175430.0,5202,49805.0,20.0
175430.0,4201,33003.0,20.0
175272.0,4510,55027.0,20.0
175272.0,4005,64760.0,20.0
175272.0,2301,47876.0,20.0
215442.0,0904,45859.0,20.0
215442.0,0909,55545.0,20.0
175005.0,4506,87821.0,20.0
168254.0,1410,96841.0,20.0
174914.0,1312,47712.0,20.0
174862.0,4201,48095.0,20.0
168342.0,0501,43501.0,20.0
169327.0,5107,58986.0,20.0
216366.0,5202,74992.0,20.0
167899.0,0901,50506.0,20.0
217402.0,1609,76956.0,20.0
217882.0,5007,35526.0,20.0
217882.0,4504,50133.0,20.0
217882.0,2602,60988.0,20.0
217420.0,5005,50335.0,20.0
172264.0,4201,43672.0,20.0
217882.0,0111,52844.0,20.0
170976.0,4005,65591.0,20.0
217873.0,5214,45502.0,20.0
172051.0,5401,42803.0,20.0
172051.0,5110,65826.0,20.0
171100.0,1605,53183.0,20.0
171599.0,2601,42353.0,20.0
217518.0,2299,66230.0,20.0
171571.0,1609,41443.0,20.0
217624.0,2401,35787.0,20.0
217624.0,2601,29249.0,20.0
217688.0,5203,58600.0,20.0
172699.0,1506,82740.0,20.0
217305.0,1501,69544.0,20.0
216524.0,2301,56454.0,20.0
172699.0,5401,46909.0,20.0
169479.0,4407,50627.0,20.0
169798.0,0502,42073.0,20.0
173920.0,1408,74989.0,20.0
216694.0,2601,55691.0,20.0
216694.0,5202,61457.0,20.0
216807.0,1399,46735.0,20.0
173665.0,0901,59557.0,20.0
173647.0,1313,48822.0,20.0
173300.0,5009,35351.0,20.0
218414.0,1313,46620.0,20.0
217059.0,5212,77328.0,20.0
170082.0,2604,63043.0,20.0
217165.0,1101,100692.0,20.0
173124.0,2613,45822.0,20.0
173045.0,3105,55499.0,20.0
170301.0,3099,39470.0,20.0
173045.0,2701,86446.0,20.0
176053.0,5004,39178.0,20.0
176080.0,1409,85275.0,20.0
224554.0,1435,91614.0,20.0
222831.0,4509,87991.0,20.0
180489.0,5102,43929.0,20.0
180489.0,5007,29606.0,20.0
180489.0,3103,51426.0,20.0
180489.0,1101,91943.0,20.0
221953.0,4301,48680.0,20.0
214643.0,1438,77094.0,20.0
221892.0,0901,36070.0,20.0
180461.0,0301,48646.0,20.0
221847.0,5206,65900.0,20.0
180416.0,1419,82443.0,20.0
180179.0,2401,67304.0,20.0
180106.0,5202,60597.0,20.0
179964.0,2601,56378.0,20.0
165024.0,1310,55692.0,20.0
179867.0,4510,90778.0,20.0
179566.0,5401,38485.0,20.0
179557.0,5107,57260.0,20.0
181002.0,3105,69590.0,20.0
181127.0,3105,48238.0,20.0
179557.0,3101,40266.0,20.0
164562.0,1312,61136.0,20.0
213543.0,2601,75611.0,20.0
213543.0,4509,79569.0,20.0
213598.0,4510,47374.0,20.0
181446.0,5203,75139.0,20.0
181446.0,4201,50320.0,20.0
181394.0,5401,44068.0,20.0
164076.0,4304,71484.0,20.0
164173.0,1104,113367.0,20.0
213987.0,4304,55665.0,20.0
224004.0,1312,52748.0,20.0
213987.0,4510,76154.0,20.0
213987.0,5203,86596.0,20.0
164447.0,5100,72747.0,20.0
164465.0,0501,68618.0,20.0
164465.0,1107,142680.0,20.0
223232.0,4005,65293.0,20.0
181215.0,5007,49521.0,20.0
165024.0,4507,57550.0,20.0
179557.0,2301,36356.0,20.0
167783.0,4510,55069.0,20.0
178244.0,1310,36929.0,20.0
177968.0,3099,52598.0,20.0
220978.0,4506,42701.0,20.0
177746.0,5006,34253.0,20.0
166629.0,4008,72596.0,20.0
166939.0,1609,34450.0,20.0
167260.0,4201,52824.0,20.0
167260.0,5202,63297.0,20.0
176965.0,4511,45862.0,20.0
167288.0,2601,52808.0,20.0
167394.0,4201,46976.0,20.0
214971.0,5007,31131.0,20.0
220613.0,5100,41162.0,20.0
176372.0,4006,66142.0,20.0
220613.0,0901,44095.0,20.0
215114.0,4201,36295.0,20.0
167783.0,3019,68021.0,20.0
176080.0,5401,36614.0,20.0
166513.0,3801,68629.0,20.0
166452.0,5007,41320.0,20.0
165334.0,2301,46113.0,20.0
214777.0,4002,66759.0,20.0
165334.0,4507,49230.0,20.0
179557.0,1500,62781.0,20.0
179159.0,5212,86238.0,20.0
179159.0,5131,58604.0,20.0
179043.0,1609,69747.0,20.0
178697.0,5203,60422.0,20.0
178697.0,5138,60192.0,20.0
178624.0,5203,72893.0,20.0
221759.0,4005,79736.0,20.0
178615.0,4301,56596.0,20.0
221759.0,0305,57436.0,20.0
165936.0,5208,83184.0,20.0
214777.0,1438,77094.0,20.0
221740.0,1601,42031.0,20.0
178341.0,5122,63965.0,20.0
178341.0,1301,39273.0,20.0
221661.0,5202,48307.0,20.0
229179.0,4510,48429.0,20.0
227368.0,4502,34505.0,20.0
217633.0,5201,61833.0,20.0
230728.0,0103,61639.0,20.0
199643.0,3105,44010.0,20.0
196185.0,4008,80041.0,20.0
199607.0,4201,49464.0,20.0
201885.0,0403,60699.0,20.0
201885.0,1404,92687.0,20.0
199193.0,4199,89826.0,20.0
204501.0,0501,55151.0,20.0
204264.0,2601,48917.0,20.0
150400.0,4510,79117.0,20.0
149772.0,1313,51255.0,20.0
199193.0,2603,60715.0,20.0
201964.0,4301,53480.0,20.0
199193.0,0102,60122.0,20.0
151777.0,5214,63919.0,20.0
150534.0,5109,75673.0,20.0
196219.0,2601,55718.0,20.0
202134.0,5007,36603.0,20.0
199139.0,1603,44878.0,20.0
152381.0,4201,49971.0,20.0
230038.0,5110,60265.0,20.0
231581.0,5401,48113.0,20.0
196185.0,3033,55148.0,20.0
232186.0,1907,61565.0,20.0
196103.0,0406,59480.0,20.0
204796.0,4405,65894.0,20.0
232089.0,5100,42229.0,20.0
196112.0,1410,81574.0,20.0
152567.0,1409,79824.0,20.0
204796.0,1604,68688.0,20.0
196149.0,5109,52067.0,20.0
199999.0,1107,94298.0,20.0
150136.0,0406,65382.0,20.0
196176.0,1313,60371.0,20.0
196176.0,1419,89504.0,20.0
196176.0,2601,57203.0,20.0
230038.0,4008,73747.0,20.0
152390.0,4510,74623.0,20.0
150136.0,4005,63764.0,20.0
201645.0,1408,79980.0,20.0
199139.0,0909,61700.0,20.0
199120.0,5107,110204.0,20.0
204024.0,5009,50680.0,20.0
197708.0,4201,47301.0,20.0
197984.0,1301,44460.0,20.0
230737.0,5210,70818.0,20.0
151324.0,1507,82303.0,20.0
198516.0,5207,80850.0,20.0
198215.0,0301,42505.0,20.0
198516.0,2601,53369.0,20.0
151111.0,5111,62442.0,20.0
151263.0,5401,55878.0,20.0
198507.0,3105,48398.0,20.0
198507.0,2601,53625.0,20.0
198507.0,1312,50146.0,20.0
198507.0,1107,68723.0,20.0
151306.0,5005,36348.0,20.0
198419.0,1601,88098.0,20.0
198419.0,2705,152782.0,20.0
230764.0,4005,71276.0,20.0
198464.0,5004,57255.0,20.0
230737.0,5005,40289.0,20.0
198695.0,5203,99053.0,20.0
199111.0,5009,37484.0,20.0
230737.0,3801,49403.0,20.0
204024.0,5007,55891.0,20.0
204024.0,4502,33527.0,20.0
202480.0,4506,61502.0,20.0
202480.0,5131,60873.0,20.0
230995.0,0402,58534.0,20.0
230959.0,2615,90917.0,20.0
151360.0,0901,51863.0,20.0
196264.0,4501,61925.0,20.0
151351.0,2602,78721.0,20.0
199102.0,1405,91235.0,20.0
196413.0,0405,67227.0,20.0
199032.0,0901,41209.0,20.0
198969.0,5203,65090.0,20.0
198950.0,2601,60099.0,20.0
196413.0,4005,68017.0,20.0
197133.0,2601,45359.0,20.0
151102.0,1110,73576.0,20.0
196097.0,4502,58329.0,20.0
151306.0,2601,71019.0,20.0
149222.0,3099,66130.0,20.0
204802.0,4502,44327.0,20.0
196015.0,4228,51077.0,20.0
232186.0,4006,53441.0,20.0
229179.0,5401,52836.0,20.0
229814.0,0100,50396.0,20.0
200332.0,0302,52570.0,20.0
201195.0,2301,49016.0,20.0
149231.0,5005,39698.0,20.0
204796.0,5211,81473.0,20.0
196060.0,2313,57286.0,20.0
200785.0,5203,54345.0,20.0
149222.0,0112,74026.0,20.0
229887.0,4511,42714.0,20.0
229814.0,4404,74261.0,20.0
196088.0,5005,45677.0,20.0
196033.0,0106,61963.0,20.0
200332.0,4303,62649.0,19.0
214157.0,4506,74527.0,19.0
181020.0,4201,46347.0,19.0
181020.0,1310,54733.0,19.0
126614.0,4008,75764.0,19.0
201104.0,3105,49744.0,19.0
164216.0,4509,67983.0,19.0
222178.0,3999,47663.0,19.0
139366.0,4006,50864.0,19.0
164739.0,2200,148087.0,19.0
214175.0,4506,93760.0,19.0
133650.0,5203,85522.0,19.0
214272.0,5109,49337.0,19.0
243780.0,5006,52105.0,19.0
138716.0,5212,59046.0,19.0
180814.0,1301,93688.0,19.0
202523.0,1301,65429.0,19.0
202514.0,4301,54633.0,19.0
240453.0,5111,62343.0,19.0
131469.0,2705,100578.0,19.0
230959.0,2399,53914.0,19.0
131469.0,5213,120730.0,19.0
213996.0,5109,56005.0,19.0
139311.0,4510,55643.0,19.0
139311.0,3105,53042.0,19.0
199069.0,2601,53986.0,19.0
233277.0,2701,65785.0,19.0
238032.0,1421,109619.0,19.0
199069.0,3101,38052.0,19.0
202806.0,1110,102099.0,19.0
223232.0,3802,50002.0,19.0
164447.0,4201,53219.0,19.0
131469.0,4507,78390.0,19.0
223232.0,2615,53927.0,19.0
170675.0,5004,99444.0,19.0
223232.0,1401,84689.0,19.0
139199.0,5210,53693.0,19.0
213987.0,5202,72411.0,19.0
222983.0,3099,58913.0,19.0
202523.0,1609,49358.0,19.0
221999.0,1407,121641.0,19.0
149772.0,1310,45395.0,19.0
221971.0,5214,57184.0,19.0
179043.0,2601,70354.0,19.0
217934.0,3017,39738.0,19.0
232557.0,4501,41811.0,19.0
179557.0,0109,41706.0,19.0
179557.0,0101,63078.0,19.0
221768.0,5009,44910.0,19.0
214704.0,4101,75919.0,19.0
100706.0,1402,87339.0,19.0
127185.0,1312,41032.0,19.0
179043.0,5102,54236.0,19.0
165662.0,3099,49381.0,19.0
165671.0,3020,51255.0,19.0
238476.0,0909,68708.0,19.0
178721.0,5208,82973.0,19.0
165671.0,4510,58364.0,19.0
165699.0,1312,58749.0,19.0
178721.0,4499,60550.0,19.0
238616.0,2609,55340.0,19.0
238616.0,3099,49446.0,19.0
243601.0,5122,36436.0,19.0
238616.0,4407,55600.0,19.0
165802.0,0901,50535.0,19.0
127556.0,2301,43733.0,19.0
170639.0,1419,90216.0,19.0
138354.0,5208,66463.0,19.0
164988.0,1399,54883.0,19.0
150677.0,1312,48406.0,19.0
221971.0,2401,41226.0,19.0
213987.0,3099,47652.0,19.0
164988.0,3099,110622.0,19.0
180461.0,2604,66498.0,19.0
221892.0,4407,51512.0,19.0
180461.0,1409,99411.0,19.0
170675.0,1410,97532.0,19.0
150677.0,3907,44733.0,19.0
172644.0,5108,99777.0,19.0
170639.0,5202,53396.0,19.0
164988.0,5007,49538.0,19.0
101879.0,3099,52044.0,19.0
150677.0,1310,50212.0,19.0
202480.0,2613,53448.0,19.0
165015.0,2701,85681.0,19.0
149222.0,4506,60612.0,19.0
231059.0,5401,47689.0,19.0
101879.0,4099,78082.0,19.0
127060.0,5009,48461.0,19.0
172644.0,5110,67284.0,19.0
147244.0,5099,43858.0,19.0
202134.0,5211,68241.0,19.0
199102.0,4510,55572.0,19.0
139463.0,2301,45747.0,19.0
366252.0,1110,77250.0,19.0
225511.0,3801,55875.0,19.0
225627.0,2401,62084.0,19.0
183080.0,2601,63159.0,19.0
225548.0,1313,56101.0,19.0
212115.0,5005,34674.0,19.0
120883.0,4510,50827.0,19.0
183071.0,1508,81765.0,19.0
131520.0,5007,54696.0,19.0
149222.0,0106,45177.0,19.0
233295.0,2301,47804.0,19.0
139931.0,4509,47844.0,19.0
121150.0,5211,100595.0,19.0
198543.0,1107,36164.0,19.0
162654.0,4506,51727.0,19.0
162760.0,1310,50200.0,19.0
212601.0,5203,67065.0,19.0
162760.0,2601,53886.0,19.0
212656.0,0901,42458.0,19.0
233295.0,0301,54186.0,19.0
151111.0,2203,57262.0,19.0
212656.0,4201,44857.0,19.0
237525.0,0399,48972.0,19.0
237525.0,1101,69565.0,19.0
217819.0,2701,54942.0,19.0
161572.0,2613,44652.0,19.0
171128.0,5203,74373.0,19.0
212106.0,5205,65898.0,19.0
171146.0,2313,33533.0,19.0
184694.0,2313,35169.0,19.0
102377.0,4604,87107.0,19.0
171456.0,1508,82326.0,19.0
233374.0,2313,81253.0,19.0
184603.0,2313,35169.0,19.0
119605.0,1436,97525.0,19.0
132657.0,0907,39215.0,19.0
119605.0,2301,59192.0,19.0
132657.0,0901,53858.0,19.0
132602.0,5202,50413.0,19.0
226091.0,5214,57355.0,19.0
198464.0,5207,58246.0,19.0
184348.0,4511,60261.0,19.0
226091.0,5100,57524.0,19.0
148584.0,1312,48353.0,19.0
132471.0,4504,51180.0,19.0
183910.0,5122,61691.0,19.0
132471.0,4407,61820.0,19.0
183822.0,4005,74401.0,19.0
428259.0,0901,59445.0,19.0
163046.0,1107,124858.0,19.0
183044.0,1508,81765.0,19.0
198862.0,2601,40017.0,19.0
213507.0,5203,84235.0,19.0
213367.0,5201,61594.0,19.0
163462.0,5007,39651.0,19.0
237899.0,2301,40303.0,19.0
163532.0,3802,73567.0,19.0
230782.0,5214,77828.0,19.0
163851.0,3099,54187.0,19.0
230807.0,0301,53132.0,19.0
213385.0,2601,82109.0,19.0
224554.0,2601,55100.0,19.0
224554.0,2203,49075.0,19.0
198695.0,5211,74953.0,19.0
237525.0,3006,48250.0,19.0
181464.0,4502,47485.0,19.0
233277.0,4511,54122.0,19.0
123961.0,4405,74511.0,19.0
139463.0,5212,63224.0,19.0
230807.0,5203,85664.0,19.0
172264.0,1199,71622.0,19.0
487524.0,1101,50096.0,19.0
238616.0,5201,44751.0,19.0
213826.0,1312,49229.0,19.0
213826.0,4301,54861.0,19.0
200332.0,4511,56040.0,19.0
225247.0,5138,90276.0,19.0
237792.0,4511,63412.0,19.0
163462.0,2601,76062.0,19.0
217484.0,4006,40858.0,19.0
198561.0,2601,48505.0,19.0
213020.0,4006,56380.0,19.0
225502.0,5210,72678.0,19.0
139764.0,4511,43457.0,19.0
131496.0,5107,143686.0,19.0
225502.0,1101,79123.0,19.0
151102.0,5109,70428.0,19.0
139764.0,1101,57043.0,19.0
139755.0,4008,82431.0,19.0
131496.0,3005,73534.0,19.0
182670.0,2601,87026.0,19.0
213251.0,0901,54716.0,19.0
122612.0,5209,77757.0,19.0
153144.0,1312,49498.0,19.0
240444.0,2603,50963.0,19.0
139719.0,4407,37564.0,19.0
182281.0,2701,70999.0,19.0
198695.0,4510,72564.0,19.0
182005.0,5106,92762.0,19.0
225399.0,5214,68490.0,19.0
101709.0,2301,35858.0,19.0
178615.0,4511,52584.0,19.0
178624.0,5100,52179.0,19.0
216852.0,1107,96427.0,19.0
174792.0,4201,56446.0,19.0
174792.0,2601,71560.0,19.0
150136.0,1901,48378.0,19.0
199962.0,5208,67315.0,19.0
168430.0,4512,48387.0,19.0
242617.0,2605,33355.0,19.0
199962.0,5214,72630.0,19.0
216852.0,1410,95901.0,19.0
219356.0,1403,79322.0,19.0
174792.0,1107,101188.0,19.0
219356.0,0402,63978.0,19.0
100830.0,5210,60446.0,19.0
216852.0,1101,58159.0,19.0
201548.0,3099,44403.0,19.0
216010.0,5207,67926.0,19.0
134945.0,3105,52065.0,19.0
170037.0,0907,54344.0,19.0
201548.0,1310,45924.0,19.0
134130.0,5131,62145.0,19.0
170000.0,3904,52314.0,19.0
100830.0,3000,35798.0,19.0
216038.0,4303,60458.0,19.0
219356.0,4510,70727.0,19.0
219356.0,5401,46502.0,19.0
242705.0,5202,22835.0,19.0
100724.0,3099,37576.0,19.0
219718.0,3105,48730.0,19.0
173300.0,3020,45904.0,19.0
129525.0,1410,97268.0,19.0
199847.0,1609,60875.0,19.0
170082.0,0502,51872.0,19.0
215293.0,5210,69674.0,19.0
231624.0,2701,87170.0,19.0
100858.0,4006,63298.0,19.0
219709.0,1313,53999.0,19.0
129525.0,2401,80775.0,19.0
201645.0,4506,114601.0,19.0
174817.0,5213,78856.0,19.0
175005.0,2301,47549.0,19.0
133881.0,1408,86536.0,19.0
168281.0,0502,64701.0,19.0
219471.0,4506,71463.0,19.0
173328.0,2601,69651.0,19.0
174844.0,4513,60225.0,19.0
174844.0,4407,50611.0,19.0
199962.0,2401,61525.0,19.0
498562.0,5131,50836.0,19.0
129941.0,2200,60438.0,19.0
150066.0,5003,41772.0,19.0
219046.0,5203,69079.0,19.0
174491.0,1313,48082.0,19.0
169363.0,3099,49446.0,19.0
218742.0,2301,36785.0,19.0
200004.0,0301,40831.0,19.0
200004.0,1310,47031.0,19.0
174066.0,5009,42232.0,19.0
147767.0,4511,75267.0,19.0
169798.0,5207,51368.0,19.0
147776.0,5115,39894.0,19.0
218724.0,5206,61910.0,19.0
240727.0,4511,48508.0,19.0
216357.0,4301,43186.0,19.0
100751.0,5009,31666.0,19.0
231712.0,4407,48212.0,19.0
169363.0,4407,55600.0,19.0
200217.0,0901,45394.0,19.0
169363.0,5201,44751.0,19.0
169479.0,2203,54895.0,19.0
134079.0,1107,82328.0,19.0
218663.0,4006,70284.0,19.0
149772.0,4005,68249.0,19.0
169798.0,0904,45245.0,19.0
218663.0,4201,47234.0,19.0
173920.0,0301,65513.0,19.0
130776.0,1313,56882.0,19.0
240365.0,1409,107771.0,19.0
218742.0,2601,48139.0,19.0
240480.0,5138,81789.0,19.0
232566.0,5123,45252.0,19.0
240329.0,5007,34880.0,19.0
241410.0,1310,34645.0,19.0
134130.0,0110,64078.0,19.0
241395.0,1310,34645.0,19.0
174251.0,5007,43305.0,19.0
174251.0,4400,45453.0,19.0
169910.0,1501,54031.0,19.0
169910.0,1438,84958.0,19.0
240329.0,5217,69283.0,19.0
174251.0,3105,44254.0,19.0
168847.0,1003,67583.0,19.0
174233.0,5401,43766.0,19.0
218964.0,4005,60324.0,19.0
168847.0,5208,71345.0,19.0
169080.0,0901,43138.0,19.0
174233.0,4006,63893.0,19.0
218919.0,5202,49157.0,19.0
216339.0,2701,91330.0,19.0
174233.0,2604,65275.0,19.0
498562.0,4008,73703.0,19.0
201654.0,0901,34958.0,19.0
215293.0,4599,44520.0,19.0
221759.0,2705,83697.0,19.0
201371.0,4407,55073.0,19.0
200280.0,1105,72006.0,19.0
218229.0,2601,51767.0,19.0
217156.0,4512,73905.0,19.0
166629.0,0406,64477.0,19.0
137546.0,2601,50447.0,19.0
178059.0,4504,66612.0,19.0
166629.0,1435,97791.0,19.0
177940.0,1312,36835.0,19.0
218229.0,4511,44287.0,19.0
232706.0,4510,64917.0,19.0
199209.0,3802,38717.0,19.0
178059.0,5201,86209.0,19.0
166683.0,1405,111738.0,19.0
128106.0,5220,91816.0,19.0
177214.0,5203,80200.0,19.0
177144.0,5203,64270.0,19.0
214801.0,4101,75919.0,19.0
198464.0,5009,39029.0,19.0
166939.0,0502,59843.0,19.0
166939.0,1399,57051.0,19.0
201885.0,1414,86926.0,19.0
201371.0,5203,62315.0,19.0
221351.0,2601,50036.0,19.0
214777.0,4101,75919.0,19.0
175272.0,4511,49166.0,19.0
178396.0,4005,61884.0,19.0
127565.0,0502,52747.0,19.0
240727.0,0111,52652.0,19.0
199157.0,5203,78048.0,19.0
178420.0,4502,40397.0,19.0
243586.0,1310,34645.0,19.0
178411.0,2703,66750.0,19.0
199157.0,5209,42085.0,19.0
217235.0,1109,85387.0,19.0
243443.0,5005,23261.0,19.0
166027.0,3018,95507.0,19.0
173124.0,0901,48877.0,19.0
137564.0,0907,55318.0,19.0
217235.0,0105,47871.0,19.0
127741.0,3020,55967.0,19.0
178387.0,1510,65896.0,19.0
178369.0,3105,49877.0,19.0
218070.0,5199,61904.0,19.0
201964.0,3105,44701.0,19.0
221740.0,1401,81757.0,19.0
221731.0,5203,70782.0,19.0
178244.0,2601,57292.0,19.0
166513.0,1508,120219.0,19.0
491190.0,4201,53952.0,19.0
167260.0,5211,68608.0,19.0
231174.0,3020,51219.0,19.0
129154.0,1907,45132.0,19.0
176080.0,0405,61421.0,19.0
136950.0,1312,53908.0,19.0
133809.0,5111,44035.0,19.0
176053.0,1313,44329.0,19.0
167987.0,5006,50008.0,19.0
201654.0,5202,64395.0,19.0
176017.0,5106,54022.0,19.0
129020.0,4008,73879.0,19.0
136330.0,0901,47847.0,19.0
175856.0,5208,37959.0,19.0
231581.0,4510,66305.0,19.0
176479.0,4301,51430.0,19.0
200253.0,5203,66707.0,19.0
199643.0,4301,43299.0,19.0
136215.0,2613,45287.0,19.0
219833.0,5138,92007.0,19.0
175421.0,5005,39109.0,19.0
129242.0,2701,84078.0,19.0
175272.0,5122,47291.0,19.0
129242.0,5211,101411.0,19.0
175272.0,5007,48258.0,19.0
240189.0,5299,60386.0,19.0
215266.0,4599,44520.0,19.0
176080.0,2301,35877.0,19.0
240107.0,5131,63328.0,19.0
167792.0,2401,38298.0,19.0
220862.0,0502,51232.0,19.0
239390.0,0901,56763.0,19.0
220613.0,5009,35702.0,19.0
220613.0,5007,39988.0,19.0
220613.0,4511,44193.0,19.0
128771.0,0904,56990.0,19.0
239628.0,2601,48508.0,19.0
215062.0,1405,126419.0,19.0
220613.0,3906,40791.0,19.0
239628.0,5401,38623.0,19.0
199458.0,3902,26873.0,19.0
150163.0,5203,93584.0,19.0
215062.0,4512,73190.0,19.0
176372.0,4005,63856.0,19.0
220516.0,5127,67134.0,19.0
217059.0,5207,47046.0,19.0
232681.0,4507,53081.0,19.0
176318.0,1312,35634.0,19.0
232681.0,4506,67903.0,19.0
220181.0,2601,50768.0,19.0
167783.0,5122,64514.0,19.0
177065.0,2601,48950.0,19.0
182281.0,4501,55542.0,19.0
454582.0,0901,59445.0,19.0
228246.0,4201,72136.0,19.0
228246.0,5214,88627.0,19.0
230728.0,5211,83992.0,19.0
141486.0,5401,38412.0,19.0
228246.0,5202,106799.0,19.0
228875.0,5005,42483.0,19.0
155317.0,1313,52106.0,19.0
151801.0,5109,50790.0,19.0
230728.0,5005,40338.0,19.0
196264.0,5401,45252.0,19.0
193900.0,2613,65406.0,19.0
228246.0,1609,93769.0,19.0
192448.0,1002,44659.0,19.0
188030.0,1313,51972.0,19.0
237057.0,4506,88393.0,19.0
209065.0,5214,66731.0,19.0
436836.0,4008,73879.0,19.0
145637.0,1310,60685.0,19.0
188641.0,1406,83641.0,19.0
190655.0,1906,82824.0,19.0
145691.0,5208,74757.0,19.0
230603.0,5214,54485.0,19.0
193584.0,5208,79225.0,19.0
152530.0,1107,108812.0,19.0
110635.0,3020,66522.0,19.0
143978.0,4201,53952.0,19.0
157951.0,2701,38434.0,19.0
193584.0,5401,55271.0,19.0
228431.0,2701,59075.0,19.0
209056.0,4506,81567.0,19.0
107512.0,5102,62886.0,19.0
209065.0,2601,49714.0,19.0
141565.0,2613,39528.0,19.0
188030.0,0306,44272.0,19.0
228149.0,2301,51014.0,19.0
190664.0,5208,94526.0,19.0
159647.0,4511,44192.0,19.0
155317.0,4006,61838.0,19.0
196079.0,5005,47945.0,19.0
206507.0,5109,56044.0,19.0
236328.0,3001,55690.0,19.0
236948.0,1442,105016.0,19.0
206048.0,3105,58862.0,19.0
234164.0,4407,38872.0,19.0
144050.0,2705,130189.0,19.0
234164.0,4201,50826.0,19.0
194091.0,0907,37095.0,19.0
194091.0,3099,62365.0,19.0
227845.0,4304,51977.0,19.0
159647.0,5004,41534.0,19.0
229027.0,4507,53449.0,19.0
236328.0,3105,52234.0,19.0
196413.0,4507,71543.0,19.0
227863.0,0901,50859.0,19.0
196413.0,1609,84654.0,19.0
159647.0,1499,105080.0,19.0
209551.0,0501,54279.0,19.0
187985.0,1310,53429.0,19.0
159416.0,5214,52371.0,19.0
196088.0,4507,68176.0,19.0
209542.0,5009,41073.0,19.0
227881.0,5004,57019.0,19.0
152600.0,4504,63772.0,19.0
193973.0,4227,55947.0,19.0
234173.0,4301,52247.0,19.0
110662.0,5003,36277.0,19.0
207209.0,0100,51091.0,19.0
159391.0,0406,68140.0,19.0
157863.0,3105,41475.0,19.0
188854.0,5003,34107.0,19.0
230603.0,3099,48998.0,19.0
196130.0,4005,61262.0,19.0
190150.0,2701,117252.0,19.0
157216.0,4201,39969.0,19.0
190150.0,2615,70244.0,19.0
236595.0,4407,57349.0,19.0
190150.0,2601,53698.0,19.0
205443.0,5004,39821.0,19.0
236595.0,5004,53117.0,19.0
441900.0,5111,94433.0,19.0
207324.0,1312,48101.0,19.0
230728.0,1609,57992.0,19.0
108092.0,4005,66817.0,19.0
110556.0,5100,76268.0,19.0
228796.0,4511,35325.0,19.0
152567.0,1410,92945.0,19.0
207500.0,1609,52802.0,19.0
110565.0,1601,29715.0,19.0
192448.0,4510,53556.0,19.0
196219.0,2313,42372.0,19.0
205957.0,5203,75362.0,19.0
142276.0,4502,38342.0,19.0
192819.0,5110,101370.0,19.0
193016.0,1101,95089.0,19.0
236577.0,5203,80110.0,19.0
204796.0,1414,80775.0,19.0
190567.0,2701,73882.0,19.0
236595.0,2313,60291.0,19.0
142276.0,1609,42232.0,19.0
207403.0,4228,46512.0,19.0
145725.0,5202,57960.0,19.0
440828.0,5009,41073.0,19.0
228529.0,2301,45834.0,19.0
151777.0,0301,47391.0,19.0
230728.0,1909,74686.0,19.0
463056.0,4008,73879.0,19.0
190099.0,2601,57996.0,19.0
157535.0,1312,36199.0,19.0
207847.0,2601,45800.0,19.0
193584.0,1313,53350.0,19.0
155025.0,5210,68568.0,19.0
107558.0,5202,50789.0,19.0
207847.0,4706,81849.0,19.0
107558.0,5122,49174.0,19.0
464226.0,0901,59445.0,19.0
190099.0,2301,60702.0,19.0
235097.0,4509,50238.0,19.0
208646.0,0901,56013.0,19.0
189097.0,2601,75696.0,19.0
189088.0,2401,38298.0,19.0
234827.0,1909,65815.0,19.0
157809.0,5203,75682.0,19.0
142522.0,1506,103769.0,19.0
193584.0,0901,53695.0,19.0
234827.0,4005,75905.0,19.0
236452.0,5203,61432.0,19.0
106245.0,3099,56650.0,19.0
204936.0,0901,51006.0,19.0
204200.0,5203,69706.0,19.0
207661.0,2401,38017.0,19.0
106397.0,2701,63861.0,19.0
110556.0,5005,34320.0,19.0
110608.0,1510,89804.0,19.0
236939.0,0103,69708.0,19.0
193292.0,1312,62479.0,19.0
234827.0,4507,53081.0,19.0
234827.0,4510,64361.0,19.0
236896.0,4407,60449.0,19.0
204936.0,5005,38023.0,19.0
227845.0,1313,57818.0,19.0
196149.0,1310,74079.0,19.0
153603.0,0501,61860.0,19.0
206622.0,0907,61035.0,19.0
206604.0,5401,44397.0,19.0
228723.0,5001,57002.0,19.0
191968.0,5109,55591.0,19.0
210669.0,2301,51381.0,19.0
191630.0,0501,60381.0,19.0
106458.0,1410,98691.0,19.0
195216.0,3020,65419.0,19.0
145637.0,3801,34482.0,19.0
191630.0,0301,61905.0,19.0
152381.0,5202,55611.0,19.0
233921.0,4405,66177.0,19.0
482680.0,2203,58720.0,19.0
153384.0,1609,54983.0,19.0
160065.0,5109,56488.0,19.0
117627.0,5214,48040.0,19.0
155414.0,3105,48500.0,19.0
160038.0,5115,42065.0,19.0
156286.0,5109,79698.0,19.0
192110.0,5003,50287.0,19.0
230764.0,0402,67987.0,19.0
106704.0,4005,53755.0,19.0
156286.0,5208,84262.0,19.0
206862.0,1313,50918.0,19.0
140872.0,3105,46450.0,19.0
228723.0,3029,57878.0,19.0
151324.0,4005,73623.0,19.0
229814.0,0907,40183.0,19.0
156125.0,5100,48537.0,19.0
155900.0,1110,80322.0,19.0
210739.0,3105,64161.0,19.0
195544.0,2301,51715.0,19.0
110495.0,4506,69967.0,19.0
196194.0,4006,64634.0,19.0
161226.0,1310,39251.0,19.0
229160.0,5208,66248.0,19.0
155636.0,0901,59445.0,19.0
226587.0,4511,41749.0,19.0
195809.0,2401,52601.0,19.0
196194.0,4511,51537.0,19.0
145637.0,4507,62504.0,19.0
142285.0,5401,50628.0,19.0
229160.0,3105,34209.0,19.0
185262.0,5005,32107.0,19.0
185590.0,4005,74401.0,19.0
195474.0,5201,72369.0,19.0
196194.0,5007,36511.0,19.0
155627.0,0901,59445.0,19.0
191630.0,4509,77977.0,19.0
117168.0,5007,27815.0,19.0
235343.0,5207,53220.0,19.0
195526.0,1101,104708.0,19.0
161004.0,1107,137611.0,19.0
210775.0,3105,58231.0,19.0
185828.0,5004,66488.0,19.0
435000.0,5110,66238.0,19.0
114813.0,5138,112178.0,19.0
436818.0,4008,73879.0,19.0
185572.0,4005,66895.0,19.0
455664.0,4201,53952.0,19.0
226383.0,4407,49193.0,19.0
229063.0,0901,40687.0,19.0
195003.0,4008,75281.0,19.0
206941.0,4510,52852.0,19.0
155399.0,3020,53389.0,19.0
229814.0,2301,44920.0,19.0
234030.0,5215,60718.0,19.0
187134.0,0904,67038.0,19.0
194958.0,4201,43566.0,19.0
110538.0,3023,67921.0,19.0
186867.0,5009,61943.0,19.0
156408.0,1107,93000.0,19.0
144351.0,4504,50897.0,19.0
196006.0,3000,56643.0,19.0
203775.0,5203,55458.0,19.0
156417.0,3902,48375.0,19.0
187046.0,4399,78651.0,19.0
436827.0,4008,73879.0,19.0
153603.0,5206,93379.0,19.0
159656.0,4510,59909.0,19.0
233921.0,4006,59969.0,19.0
153658.0,0502,46063.0,19.0
155812.0,4201,44902.0,19.0
203580.0,1312,41284.0,19.0
195030.0,4509,67531.0,19.0
106458.0,5007,43758.0,19.0
184782.0,5207,53829.0,19.0
186432.0,1101,61013.0,19.0
211608.0,5202,44072.0,19.0
195809.0,5004,63659.0,19.0
186380.0,1402,94598.0,19.0
140960.0,1104,60183.0,19.0
187134.0,4005,90396.0,19.0
197869.0,1517,76914.0,19.0
226471.0,2604,53746.0,19.0
226471.0,2601,59307.0,19.0
482158.0,2401,45671.0,19.0
442569.0,5212,73566.0,19.0
234085.0,1601,73971.0,19.0
153144.0,4008,61162.0,19.0
117946.0,5003,35288.0,19.0
153603.0,1601,40726.0,19.0
106704.0,5004,51050.0,19.0
230597.0,5009,33705.0,19.0
237011.0,5009,38858.0,19.0
102553.0,5220,103316.0,19.0
186380.0,4405,74865.0,19.0
159939.0,3105,39243.0,19.0
209825.0,0301,54975.0,19.0
153603.0,2705,72581.0,19.0
139959.0,4502,42667.0,19.0
191676.0,4201,37822.0,18.0
174783.0,4004,57108.0,18.0
206084.0,1101,80501.0,18.0
175421.0,5203,60247.0,18.0
100858.0,5005,39566.0,18.0
174747.0,2301,51753.0,18.0
110361.0,0904,58821.0,18.0
106245.0,5102,40107.0,18.0
192749.0,5208,76914.0,18.0
192749.0,5007,55180.0,18.0
196158.0,4510,57321.0,18.0
192703.0,4510,54486.0,18.0
206525.0,4511,44809.0,18.0
110486.0,0302,82315.0,18.0
129215.0,4510,54479.0,18.0
129525.0,2301,38589.0,18.0
129941.0,4005,72013.0,18.0
175005.0,2601,64834.0,18.0
215798.0,5208,84478.0,18.0
174844.0,3105,66314.0,18.0
242635.0,5203,34159.0,18.0
196185.0,4006,64410.0,18.0
110422.0,1506,89195.0,18.0
242635.0,5207,28461.0,18.0
206589.0,2701,86578.0,18.0
206507.0,4201,42018.0,18.0
175005.0,1616,45973.0,18.0
174914.0,4504,70419.0,18.0
174914.0,2615,66868.0,18.0
192323.0,5005,34283.0,18.0
242662.0,0909,27248.0,18.0
206525.0,5208,95069.0,18.0
174862.0,5202,56895.0,18.0
215929.0,1107,98369.0,18.0
201645.0,5202,67576.0,18.0
174783.0,5004,45990.0,18.0
206589.0,4511,56115.0,18.0
174783.0,5102,58587.0,18.0
129242.0,4509,94347.0,18.0
206084.0,5005,30451.0,18.0
215293.0,4501,54069.0,18.0
191931.0,4407,66417.0,18.0
192448.0,5123,39038.0,18.0
191931.0,4510,59151.0,18.0
206604.0,5009,43884.0,18.0
192448.0,5102,75502.0,18.0
206604.0,5006,34673.0,18.0
206604.0,4511,44227.0,18.0
110413.0,4511,67998.0,18.0
174817.0,1312,40804.0,18.0
192192.0,1310,55992.0,18.0
110413.0,1107,77030.0,18.0
206437.0,5214,68678.0,18.0
192323.0,4005,77564.0,18.0
174844.0,5401,42538.0,18.0
102377.0,5203,74078.0,18.0
174491.0,5009,46177.0,18.0
200280.0,2701,71665.0,18.0
172644.0,4512,58915.0,18.0
217420.0,2701,72410.0,18.0
195216.0,2701,88586.0,18.0
106704.0,1310,43536.0,18.0
200280.0,5131,56130.0,18.0
204802.0,1906,52861.0,18.0
131469.0,1408,100990.0,18.0
196042.0,5106,70853.0,18.0
172699.0,1440,102825.0,18.0
217420.0,0301,54516.0,18.0
172699.0,2301,43628.0,18.0
172699.0,4502,41490.0,18.0
200280.0,4304,62726.0,18.0
200280.0,1609,60352.0,18.0
217059.0,1907,50652.0,18.0
200280.0,1506,75202.0,18.0
173045.0,4510,55676.0,18.0
195128.0,1313,51080.0,18.0
204839.0,5211,73640.0,18.0
195003.0,4005,68926.0,18.0
204848.0,1906,52861.0,18.0
196051.0,4228,46764.0,18.0
173160.0,4501,52907.0,18.0
173258.0,4506,87193.0,18.0
173258.0,4510,53975.0,18.0
196060.0,4512,57150.0,18.0
173300.0,3105,50597.0,18.0
196079.0,4005,55167.0,18.0
204839.0,1906,52861.0,18.0
131469.0,3801,64898.0,18.0
131469.0,4400,65190.0,18.0
172644.0,1510,84695.0,18.0
200800.0,1102,86965.0,18.0
196006.0,5210,42923.0,18.0
195809.0,4008,67536.0,18.0
195809.0,4005,51414.0,18.0
240453.0,1409,95849.0,18.0
217536.0,1310,57837.0,18.0
171492.0,1101,63804.0,18.0
200800.0,4005,62661.0,18.0
100654.0,2401,43770.0,18.0
240453.0,3801,59370.0,18.0
217493.0,1909,59372.0,18.0
200484.0,3902,48009.0,18.0
204820.0,1906,52861.0,18.0
172051.0,1410,90482.0,18.0
200332.0,5110,65292.0,18.0
172051.0,2301,55302.0,18.0
172051.0,5007,42270.0,18.0
482149.0,5107,51773.0,18.0
195720.0,2200,54899.0,18.0
482158.0,5108,96123.0,18.0
106467.0,5203,60759.0,18.0
195526.0,5005,40351.0,18.0
106467.0,5209,43436.0,18.0
100663.0,1418,83985.0,18.0
204820.0,5211,73640.0,18.0
195243.0,5203,79896.0,18.0
196033.0,0111,51399.0,18.0
131159.0,1002,75461.0,18.0
173300.0,4510,48014.0,18.0
174491.0,2301,38522.0,18.0
199999.0,5214,45930.0,18.0
201441.0,5122,56114.0,18.0
174066.0,1605,42989.0,18.0
174075.0,0101,52651.0,18.0
174075.0,5214,63579.0,18.0
107600.0,5299,44330.0,18.0
107877.0,5202,46062.0,18.0
193292.0,5214,62286.0,18.0
204866.0,5211,73640.0,18.0
241225.0,1312,32112.0,18.0
100812.0,4301,47683.0,18.0
174233.0,5009,45834.0,18.0
107983.0,5004,33649.0,18.0
107983.0,5007,28938.0,18.0
205443.0,4501,43723.0,18.0
204848.0,5211,73640.0,18.0
130590.0,2615,67115.0,18.0
201441.0,5212,84838.0,18.0
130590.0,0501,73229.0,18.0
193016.0,5110,110519.0,18.0
216278.0,4506,82999.0,18.0
193016.0,5004,54725.0,18.0
216278.0,2615,63729.0,18.0
199999.0,5203,70941.0,18.0
130314.0,5122,52827.0,18.0
216278.0,1609,58349.0,18.0
109651.0,0409,77401.0,18.0
130253.0,4510,65879.0,18.0
205957.0,2701,72194.0,18.0
193584.0,2301,53423.0,18.0
193584.0,5122,47851.0,18.0
174066.0,0181,103666.0,18.0
204866.0,1906,52861.0,18.0
194310.0,5007,50623.0,18.0
204857.0,1906,52861.0,18.0
173647.0,0301,49758.0,18.0
194091.0,5001,34055.0,18.0
216852.0,4510,52765.0,18.0
130989.0,4201,51665.0,18.0
216852.0,0909,53906.0,18.0
216852.0,0904,53724.0,18.0
216807.0,4511,47502.0,18.0
216807.0,2601,64772.0,18.0
100724.0,5005,29142.0,18.0
107141.0,2401,47076.0,18.0
216694.0,5109,59160.0,18.0
193973.0,1310,50897.0,18.0
204857.0,5211,73640.0,18.0
130943.0,2613,52110.0,18.0
193900.0,4005,86197.0,18.0
196097.0,1609,40503.0,18.0
130943.0,0109,49999.0,18.0
173920.0,1609,55905.0,18.0
193654.0,3020,53917.0,18.0
107512.0,4201,49954.0,18.0
216542.0,3907,40407.0,18.0
474863.0,5100,43221.0,18.0
474863.0,4228,71935.0,18.0
206622.0,0901,53800.0,18.0
240727.0,4005,69992.0,18.0
100751.0,4507,49269.0,18.0
177339.0,0907,47415.0,18.0
175980.0,5202,76477.0,18.0
102632.0,4501,54226.0,18.0
213400.0,4400,42735.0,18.0
209612.0,1312,53674.0,18.0
181534.0,1101,64278.0,18.0
213507.0,1312,50658.0,18.0
213507.0,1609,55548.0,18.0
123572.0,5009,65533.0,18.0
213543.0,1410,108503.0,18.0
104151.0,1414,57301.0,18.0
123961.0,0502,55208.0,18.0
213543.0,4006,72978.0,18.0
187134.0,4506,92325.0,18.0
123961.0,1609,59088.0,18.0
213598.0,1101,49412.0,18.0
213598.0,2601,55431.0,18.0
123572.0,2701,64913.0,18.0
213376.0,5115,40697.0,18.0
186876.0,4506,63582.0,18.0
186876.0,4008,86849.0,18.0
181783.0,1907,29395.0,18.0
209807.0,1603,39563.0,18.0
209807.0,4005,70948.0,18.0
186584.0,4008,77851.0,18.0
122931.0,5212,153926.0,18.0
484905.0,5203,61083.0,18.0
181783.0,5004,39701.0,18.0
197142.0,5004,48379.0,18.0
110705.0,5003,44858.0,18.0
110705.0,5009,33825.0,18.0
213367.0,4511,64953.0,18.0
197708.0,2601,90456.0,18.0
198598.0,4301,56598.0,18.0
213598.0,4511,50141.0,18.0
196592.0,1107,84481.0,18.0
196264.0,3099,57379.0,18.0
214069.0,2601,78107.0,18.0
209542.0,1609,49910.0,18.0
181215.0,2313,61941.0,18.0
188030.0,4510,51641.0,18.0
199102.0,1407,109537.0,18.0
214041.0,4507,57825.0,18.0
214041.0,5109,69520.0,18.0
214157.0,1312,56484.0,18.0
198808.0,4201,44161.0,18.0
181020.0,4511,48705.0,18.0
214166.0,5203,55261.0,18.0
209506.0,1499,81872.0,18.0
126669.0,3906,58775.0,18.0
180692.0,1313,46457.0,18.0
243780.0,4008,67505.0,18.0
126182.0,2601,56467.0,18.0
262086.0,4501,64307.0,18.0
110662.0,2613,51559.0,18.0
209542.0,4501,51005.0,18.0
110662.0,4006,79143.0,18.0
214041.0,0501,45749.0,18.0
110671.0,0501,39039.0,18.0
487524.0,5209,51833.0,18.0
213996.0,0907,45522.0,18.0
213987.0,5208,63128.0,18.0
487524.0,4228,55648.0,18.0
187967.0,1410,117813.0,18.0
181394.0,5009,42768.0,18.0
125763.0,1907,44877.0,18.0
198899.0,1312,47176.0,18.0
187745.0,5007,31541.0,18.0
366252.0,1512,85115.0,18.0
213321.0,5208,67467.0,18.0
122597.0,5210,75207.0,18.0
122597.0,5003,44627.0,18.0
211291.0,1101,122651.0,18.0
198303.0,3099,39224.0,18.0
211291.0,1609,76364.0,18.0
198507.0,4407,45224.0,18.0
211291.0,1408,95693.0,18.0
120883.0,1515,92718.0,18.0
212115.0,4005,73146.0,18.0
211088.0,5401,56331.0,18.0
198561.0,3105,58061.0,18.0
409698.0,5009,40077.0,18.0
211088.0,3020,53307.0,18.0
183071.0,1199,78216.0,18.0
198516.0,2301,68927.0,18.0
212133.0,0901,58371.0,18.0
183062.0,4510,47015.0,18.0
102368.0,4511,41433.0,18.0
211431.0,5202,65696.0,18.0
183239.0,4005,58830.0,18.0
183257.0,4301,81768.0,18.0
183910.0,1312,60433.0,18.0
117627.0,2401,51085.0,18.0
183974.0,2401,42424.0,18.0
203517.0,1314,35900.0,18.0
433660.0,5401,56543.0,18.0
212054.0,4510,66756.0,18.0
212054.0,4504,58751.0,18.0
119605.0,3105,62748.0,18.0
185262.0,4299,47179.0,18.0
184603.0,1410,83798.0,18.0
211556.0,3105,73633.0,18.0
211583.0,4304,60744.0,18.0
102377.0,4510,66391.0,18.0
212197.0,4201,47359.0,18.0
115755.0,4005,50579.0,18.0
115755.0,3101,40566.0,18.0
121691.0,5004,75374.0,18.0
122597.0,1601,48959.0,18.0
182670.0,2301,58090.0,18.0
122436.0,2602,83380.0,18.0
122436.0,2401,54474.0,18.0
122436.0,1410,110314.0,18.0
171146.0,5210,64437.0,18.0
182670.0,5007,68523.0,18.0
210146.0,5009,36201.0,18.0
486901.0,0901,44175.0,18.0
377564.0,1609,58705.0,18.0
102234.0,4511,56160.0,18.0
210331.0,3906,43303.0,18.0
102234.0,5100,52874.0,18.0
183044.0,1199,78216.0,18.0
186283.0,4510,56713.0,18.0
212577.0,5122,75867.0,18.0
112084.0,0901,56685.0,18.0
121691.0,3099,53260.0,18.0
186283.0,2701,65648.0,18.0
212832.0,4301,54898.0,18.0
210571.0,1104,108846.0,18.0
212674.0,2601,68383.0,18.0
197984.0,2401,60199.0,18.0
186131.0,4227,63216.0,18.0
183044.0,4301,81768.0,18.0
212656.0,1101,70610.0,18.0
198066.0,3105,41193.0,18.0
198066.0,4301,51834.0,18.0
212601.0,5208,73971.0,18.0
185590.0,4502,47225.0,18.0
110635.0,2605,103546.0,18.0
101879.0,5007,39550.0,18.0
215284.0,4501,54069.0,18.0
128391.0,5203,63922.0,18.0
177551.0,5214,53868.0,18.0
177339.0,5138,61176.0,18.0
177339.0,3105,45034.0,18.0
207157.0,2401,41315.0,18.0
177214.0,2301,35543.0,18.0
190691.0,1312,67862.0,18.0
204501.0,2301,49906.0,18.0
176965.0,1101,81657.0,18.0
190691.0,2610,69306.0,18.0
176965.0,5209,48931.0,18.0
204617.0,5208,71644.0,18.0
196200.0,5001,33743.0,18.0
101480.0,4304,50281.0,18.0
176965.0,4510,63965.0,18.0
207263.0,0901,49854.0,18.0
190664.0,4512,74979.0,18.0
207263.0,2701,53978.0,18.0
177968.0,1105,98053.0,18.0
199193.0,4008,51590.0,18.0
177968.0,4407,53359.0,18.0
177968.0,5007,46244.0,18.0
204264.0,5199,64805.0,18.0
243221.0,1907,29950.0,18.0
190646.0,2301,59650.0,18.0
204264.0,2301,37439.0,18.0
110556.0,3000,47817.0,18.0
199193.0,3801,58285.0,18.0
207306.0,1313,50705.0,18.0
127918.0,4504,63255.0,18.0
243221.0,4501,32433.0,18.0
243221.0,4506,38827.0,18.0
101480.0,2701,52365.0,18.0
128744.0,4501,47108.0,18.0
188641.0,1499,71845.0,18.0
201654.0,5208,86487.0,18.0
191630.0,2313,68522.0,18.0
191630.0,4511,67556.0,18.0
199607.0,1301,47488.0,18.0
191649.0,1601,50571.0,18.0
176053.0,5214,46780.0,18.0
492962.0,1199,69222.0,18.0
215275.0,4501,54069.0,18.0
199412.0,5208,94719.0,18.0
176035.0,5203,52829.0,18.0
206622.0,1104,85164.0,18.0
243142.0,5208,22039.0,18.0
110495.0,4502,46321.0,18.0
176017.0,1407,107548.0,18.0
199643.0,0901,28545.0,18.0
128902.0,4511,63777.0,18.0
243179.0,4008,67625.0,18.0
199458.0,3903,32383.0,18.0
206695.0,2301,42408.0,18.0
196200.0,4006,62004.0,18.0
176372.0,2203,48196.0,18.0
204635.0,5213,59597.0,18.0
215062.0,4511,72217.0,18.0
176372.0,4511,36907.0,18.0
215062.0,4201,73012.0,18.0
176372.0,5109,53436.0,18.0
206914.0,1107,83565.0,18.0
206914.0,1313,45932.0,18.0
191126.0,5010,53710.0,18.0
110538.0,1409,97345.0,18.0
110538.0,2602,60367.0,18.0
492801.0,2301,35543.0,18.0
201885.0,5217,81489.0,18.0
199193.0,2608,55319.0,18.0
104717.0,1107,88308.0,18.0
196246.0,0502,50030.0,18.0
189705.0,4511,58469.0,18.0
243780.0,0406,67113.0,18.0
243780.0,0305,56754.0,18.0
190044.0,4201,73359.0,18.0
179566.0,5217,84899.0,18.0
196246.0,0904,40034.0,18.0
104179.0,5003,34010.0,18.0
178341.0,5007,40402.0,18.0
199120.0,5110,72892.0,18.0
243744.0,4509,91075.0,18.0
204185.0,1419,80963.0,18.0
190099.0,1301,57530.0,18.0
440828.0,1609,49910.0,18.0
190099.0,4509,77199.0,18.0
179946.0,3105,60077.0,18.0
207661.0,5212,71873.0,18.0
207847.0,1313,49466.0,18.0
179964.0,3105,51841.0,18.0
196246.0,2613,44153.0,18.0
180106.0,5203,79048.0,18.0
110608.0,4404,85789.0,18.0
199111.0,4005,60021.0,18.0
180416.0,5201,61446.0,18.0
440794.0,5202,61165.0,18.0
207971.0,5212,100887.0,18.0
180461.0,0404,57668.0,18.0
243780.0,1515,87914.0,18.0
208822.0,1101,106106.0,18.0
180461.0,2701,65731.0,18.0
180461.0,3033,41979.0,18.0
208822.0,3907,44603.0,18.0
101879.0,1101,80423.0,18.0
199139.0,4008,89944.0,18.0
110592.0,4005,51747.0,18.0
178402.0,5003,28834.0,18.0
441900.0,1313,62684.0,18.0
178387.0,0306,46342.0,18.0
207388.0,0301,57056.0,18.0
199193.0,0110,72782.0,18.0
178387.0,5004,41728.0,18.0
214777.0,1421,91411.0,18.0
178396.0,0100,49480.0,18.0
178396.0,1612,46920.0,18.0
190567.0,1302,68614.0,18.0
110574.0,1435,93793.0,18.0
243443.0,3105,35626.0,18.0
243443.0,4201,26597.0,18.0
207388.0,5138,82326.0,18.0
178402.0,2799,61748.0,18.0
127565.0,4502,53125.0,18.0
190150.0,1409,194365.0,18.0
178411.0,1414,71901.0,18.0
190512.0,5401,64570.0,18.0
207403.0,0901,42740.0,18.0
190415.0,5007,41784.0,18.0
178624.0,4507,55656.0,18.0
190415.0,3019,60728.0,18.0
199157.0,1101,88053.0,18.0
190415.0,1909,94967.0,18.0
190415.0,1609,89275.0,18.0
202134.0,1609,48439.0,18.0
440828.0,4501,51005.0,18.0
199148.0,4506,50863.0,18.0
178891.0,1501,71688.0,18.0
202134.0,4502,38972.0,18.0
204802.0,5211,73640.0,18.0
130794.0,2301,62440.0,18.0
171146.0,4511,53484.0,18.0
167996.0,3000,72121.0,18.0
144892.0,4510,61519.0,18.0
229160.0,1313,58868.0,18.0
167729.0,4510,58499.0,18.0
227757.0,1405,121099.0,18.0
153269.0,4506,88638.0,18.0
230995.0,2601,63374.0,18.0
220516.0,0901,58770.0,18.0
220215.0,3902,50335.0,18.0
227757.0,3025,66913.0,18.0
230995.0,5401,66185.0,18.0
240107.0,4407,57159.0,18.0
153269.0,4509,49764.0,18.0
227757.0,4510,87804.0,18.0
236948.0,1609,58705.0,18.0
167835.0,0301,48183.0,18.0
159647.0,4005,58492.0,18.0
150604.0,5201,84491.0,18.0
220075.0,4511,36966.0,18.0
220075.0,2313,48263.0,18.0
167987.0,4506,62981.0,18.0
147244.0,5212,70837.0,18.0
231165.0,3106,35579.0,18.0
219976.0,4407,53938.0,18.0
147341.0,0901,46462.0,18.0
153269.0,5212,87551.0,18.0
227881.0,4006,55954.0,18.0
219976.0,0901,52267.0,18.0
167598.0,5201,82096.0,18.0
220613.0,3105,45221.0,18.0
229160.0,5010,42479.0,18.0
227368.0,1907,43699.0,18.0
160755.0,1107,118931.0,18.0
137546.0,5401,44796.0,18.0
227216.0,5003,49063.0,18.0
146719.0,5004,59928.0,18.0
220978.0,5004,50184.0,18.0
153108.0,1107,89838.0,18.0
137476.0,5203,69432.0,18.0
239105.0,2701,76620.0,18.0
227331.0,2601,48915.0,18.0
229267.0,5208,81363.0,18.0
144971.0,4201,51353.0,18.0
144971.0,1312,44805.0,18.0
220978.0,1313,57543.0,18.0
159717.0,1107,64834.0,18.0
140951.0,3031,113397.0,18.0
239105.0,5206,81897.0,18.0
227368.0,4511,57807.0,18.0
144962.0,1609,56282.0,18.0
153144.0,5401,58240.0,18.0
239105.0,5215,99583.0,18.0
166939.0,5007,36483.0,18.0
150756.0,4506,73827.0,18.0
167288.0,5010,42983.0,18.0
137078.0,1310,53393.0,18.0
227526.0,1101,75631.0,18.0
159717.0,5214,44589.0,18.0
147341.0,1609,51377.0,18.0
231165.0,5111,63293.0,18.0
153825.0,5208,78989.0,18.0
159009.0,1500,68760.0,18.0
153603.0,4004,52786.0,18.0
153603.0,4006,65204.0,18.0
157535.0,2601,71225.0,18.0
153603.0,5001,39403.0,18.0
157535.0,0901,39943.0,18.0
147660.0,5207,68750.0,18.0
240268.0,5211,70219.0,18.0
141574.0,5207,46966.0,18.0
157447.0,4509,41730.0,18.0
141574.0,5401,47083.0,18.0
219383.0,0901,42847.0,18.0
142090.0,3907,55360.0,18.0
228459.0,3801,50768.0,18.0
168430.0,2701,57434.0,18.0
219356.0,2301,50335.0,18.0
135081.0,1101,61777.0,18.0
232706.0,2401,47218.0,18.0
147679.0,2401,62972.0,18.0
168528.0,0301,52176.0,18.0
236595.0,5206,102249.0,18.0
219356.0,0901,55345.0,18.0
150400.0,2601,63099.0,18.0
157377.0,1312,42174.0,18.0
153658.0,4507,59578.0,18.0
134945.0,4201,62622.0,18.0
219347.0,4006,48069.0,18.0
168546.0,1313,53210.0,18.0
147660.0,1609,51018.0,18.0
168281.0,2601,43012.0,18.0
157535.0,4407,41979.0,18.0
240268.0,1313,48458.0,18.0
167996.0,4506,88479.0,18.0
219833.0,3018,36429.0,18.0
153278.0,5111,63655.0,18.0
147536.0,4499,52649.0,18.0
150534.0,5203,74569.0,18.0
136172.0,4005,55478.0,18.0
144740.0,4502,50780.0,18.0
236939.0,5109,58688.0,18.0
219790.0,0901,32530.0,18.0
229115.0,1414,90143.0,18.0
168005.0,4506,70886.0,18.0
228343.0,1301,52035.0,18.0
153384.0,2601,56275.0,18.0
157809.0,2601,51150.0,18.0
228343.0,2601,62928.0,18.0
135726.0,5207,73489.0,18.0
231174.0,1601,41124.0,18.0
168148.0,4511,61719.0,18.0
144740.0,1108,96616.0,18.0
168148.0,5006,59960.0,18.0
168227.0,1512,95526.0,18.0
168254.0,5202,70525.0,18.0
157951.0,1410,85772.0,18.0
228431.0,5003,57593.0,18.0
236939.0,2605,76384.0,18.0
157818.0,1609,42439.0,18.0
227216.0,1601,37441.0,18.0
239080.0,4301,70934.0,18.0
229814.0,0901,47009.0,18.0
146719.0,3801,60571.0,18.0
164465.0,1609,60212.0,18.0
223232.0,2701,89618.0,18.0
151333.0,3001,63018.0,18.0
222983.0,2601,49875.0,18.0
163046.0,5401,56845.0,18.0
163046.0,1312,54695.0,18.0
222983.0,1609,55168.0,18.0
151388.0,3000,66597.0,18.0
238032.0,4506,68380.0,18.0
230728.0,0909,61674.0,18.0
222831.0,1101,57583.0,18.0
164632.0,4227,47544.0,18.0
151801.0,3105,49750.0,18.0
151324.0,1506,91915.0,18.0
138947.0,1303,44498.0,18.0
162584.0,5111,62767.0,18.0
222178.0,1107,91894.0,18.0
233426.0,3000,50074.0,18.0
162584.0,1110,85521.0,18.0
151324.0,0405,52693.0,18.0
162584.0,1104,69680.0,18.0
237367.0,1003,41784.0,18.0
151306.0,4511,54144.0,18.0
164988.0,1313,59858.0,18.0
237358.0,5138,105127.0,18.0
164988.0,2401,54044.0,18.0
145646.0,2601,62541.0,18.0
139861.0,2701,67340.0,18.0
145813.0,2604,65669.0,18.0
145813.0,4005,62220.0,18.0
139621.0,5138,82849.0,18.0
151351.0,1601,42321.0,18.0
151351.0,0502,48572.0,18.0
233921.0,0100,53568.0,18.0
224554.0,5214,61719.0,18.0
237932.0,5102,47212.0,18.0
163462.0,4510,56507.0,18.0
225414.0,0301,75258.0,18.0
163453.0,1905,64007.0,18.0
163453.0,1312,55837.0,18.0
224323.0,5401,45559.0,18.0
224323.0,3906,49564.0,18.0
151333.0,5209,43009.0,18.0
224226.0,4510,62372.0,18.0
163286.0,1418,97714.0,18.0
164076.0,1601,46447.0,18.0
139755.0,2701,122099.0,18.0
230737.0,2612,67603.0,18.0
224147.0,5212,57021.0,18.0
139393.0,4201,42517.0,18.0
237969.0,4008,89430.0,18.0
163286.0,2602,80470.0,18.0
139366.0,5212,63514.0,18.0
164173.0,2602,73584.0,18.0
145813.0,4008,81949.0,18.0
225432.0,5217,98510.0,18.0
164216.0,5401,51167.0,18.0
225548.0,5202,54795.0,18.0
225627.0,5005,41720.0,18.0
161563.0,5203,65028.0,18.0
238661.0,5202,96101.0,18.0
152530.0,5214,78191.0,18.0
165802.0,4201,41644.0,18.0
138275.0,2401,54179.0,18.0
165866.0,4507,53840.0,18.0
137953.0,3907,46933.0,18.0
140447.0,0904,53182.0,18.0
140447.0,1101,80937.0,18.0
221759.0,1403,85141.0,18.0
230782.0,4502,37287.0,18.0
226587.0,1312,42638.0,18.0
238661.0,1399,48936.0,18.0
165936.0,4407,55315.0,18.0
151111.0,0301,53688.0,18.0
237057.0,4201,38158.0,18.0
140447.0,5009,46502.0,18.0
221759.0,0101,59769.0,18.0
226833.0,3101,51917.0,18.0
152600.0,5100,115095.0,18.0
152600.0,5107,55485.0,18.0
230782.0,5208,83105.0,18.0
166124.0,4008,99165.0,18.0
230782.0,5210,72862.0,18.0
230807.0,4227,44695.0,18.0
239017.0,5007,44313.0,18.0
166391.0,5202,55572.0,18.0
230852.0,0907,45620.0,18.0
230038.0,2401,48410.0,18.0
237066.0,0901,56304.0,18.0
221847.0,5401,47111.0,18.0
161554.0,1419,88515.0,18.0
221847.0,4006,53479.0,18.0
226091.0,1905,58631.0,18.0
226091.0,2701,43598.0,18.0
230764.0,4006,62867.0,18.0
221847.0,1409,98978.0,18.0
145637.0,1301,65864.0,18.0
152530.0,1313,45105.0,18.0
151290.0,1199,69222.0,18.0
161554.0,3105,60086.0,18.0
233301.0,3105,47416.0,18.0
151263.0,4510,53579.0,18.0
221838.0,5009,53483.0,18.0
230038.0,2607,57020.0,18.0
165671.0,4506,68905.0,18.0
237066.0,5109,65600.0,18.0
161518.0,1312,42792.0,18.0
165334.0,1107,115804.0,18.0
165334.0,1609,60649.0,18.0
226231.0,1408,81065.0,18.0
165334.0,5007,38844.0,18.0
221768.0,4510,52029.0,18.0
165529.0,1301,49250.0,18.0
237066.0,1609,56795.0,18.0
221768.0,1107,79403.0,18.0
145619.0,4510,71749.0,18.0
165662.0,5102,61496.0,18.0
219259.0,4201,45921.0,18.0
139658.0,2705,93446.0,18.0
217864.0,5203,83337.0,18.0
155812.0,1312,46079.0,18.0
156295.0,2601,32729.0,18.0
133881.0,1407,99312.0,18.0
142276.0,5131,46238.0,18.0
143084.0,1412,85993.0,18.0
154095.0,0301,46780.0,18.0
155399.0,2701,55435.0,18.0
156745.0,0901,51395.0,18.0
218539.0,5401,45470.0,18.0
170037.0,3907,38298.0,18.0
133650.0,0402,69874.0,18.0
147767.0,0502,59372.0,18.0
132903.0,5110,77675.0,18.0
156620.0,4901,66943.0,18.0
149505.0,0901,47527.0,18.0
240365.0,5214,69383.0,18.0
234933.0,5202,67014.0,18.0
218539.0,4510,57154.0,18.0
232089.0,4301,60235.0,18.0
171128.0,0306,38775.0,18.0
147703.0,4502,54890.0,18.0
150136.0,5111,56078.0,18.0
236230.0,4510,69366.0,18.0
132903.0,2705,76372.0,18.0
154350.0,0909,61219.0,18.0
236577.0,3105,50235.0,18.0
156295.0,2301,40722.0,18.0
228778.0,1304,61546.0,18.0
217882.0,5099,45735.0,18.0
169248.0,4507,62999.0,18.0
142461.0,3105,49132.0,18.0
154590.0,4511,49077.0,18.0
218539.0,4201,48208.0,18.0
228778.0,3033,54430.0,18.0
240365.0,4509,54506.0,18.0
156620.0,4510,43786.0,18.0
228875.0,2301,64885.0,18.0
235097.0,1508,76693.0,18.0
142285.0,0904,45288.0,18.0
169798.0,4506,86909.0,18.0
142294.0,2601,47149.0,18.0
236328.0,0501,57407.0,18.0
228778.0,1515,145638.0,18.0
142328.0,2601,51290.0,18.0
217882.0,0406,65469.0,18.0
142285.0,0907,49929.0,18.0
218663.0,2602,67202.0,18.0
240374.0,5401,42349.0,18.0
149222.0,5004,61493.0,18.0
143084.0,4507,49763.0,18.0
217882.0,0909,71968.0,18.0
218654.0,0901,49545.0,18.0
142328.0,4201,38717.0,18.0
147767.0,4299,62905.0,18.0
232025.0,3105,45877.0,18.0
156365.0,3105,50692.0,18.0
231624.0,4511,87655.0,18.0
169798.0,2203,60196.0,18.0
235316.0,1310,58772.0,18.0
154095.0,1003,44066.0,18.0
142285.0,5009,29227.0,18.0
217882.0,1609,70584.0,18.0
150136.0,1603,44208.0,18.0
236328.0,5009,41207.0,18.0
143084.0,2313,33950.0,18.0
156620.0,1310,38991.0,18.0
156620.0,0306,40149.0,18.0
142328.0,5205,54042.0,18.0
232609.0,0301,55883.0,18.0
156620.0,0103,53450.0,18.0
169798.0,1107,74818.0,18.0
232089.0,4201,37841.0,18.0
154095.0,1609,54965.0,18.0
133872.0,2601,58386.0,18.0
156082.0,1515,80436.0,18.0
218441.0,1313,45918.0,18.0
229027.0,1601,41778.0,18.0
218061.0,5007,29602.0,18.0
217749.0,4228,31332.0,18.0
168591.0,5214,53871.0,18.0
133702.0,2601,46452.0,18.0
217934.0,1312,46686.0,18.0
133702.0,1003,29783.0,18.0
156125.0,5401,46090.0,18.0
240417.0,5007,49967.0,18.0
168740.0,5102,58526.0,18.0
147703.0,4004,49198.0,18.0
157085.0,1609,56234.0,18.0
143358.0,0907,42006.0,18.0
231420.0,5138,84065.0,18.0
231554.0,3105,41595.0,18.0
228529.0,5009,56671.0,18.0
156125.0,4510,54874.0,18.0
168591.0,5138,80386.0,18.0
229027.0,4005,57652.0,18.0
218229.0,2301,36568.0,18.0
232557.0,5109,49103.0,18.0
148496.0,5004,47930.0,18.0
157216.0,2601,52009.0,18.0
232557.0,1435,94928.0,18.0
170082.0,5201,61553.0,18.0
217749.0,1101,82391.0,18.0
157085.0,5009,39746.0,18.0
150163.0,0909,75382.0,18.0
229027.0,4008,42790.0,18.0
168591.0,2301,48445.0,18.0
142115.0,5211,62964.0,18.0
168591.0,4201,52280.0,18.0
157085.0,5001,40538.0,18.0
156125.0,1101,81265.0,18.0
168786.0,3033,60285.0,18.0
228787.0,4005,63472.0,18.0
228796.0,1609,47152.0,18.0
170639.0,4006,56905.0,18.0
170639.0,2601,46435.0,18.0
169080.0,2313,32843.0,18.0
228875.0,5136,70026.0,18.0
157076.0,3105,42948.0,18.0
232557.0,3020,40897.0,18.0
147776.0,0301,46565.0,18.0
228884.0,5201,48433.0,18.0
232423.0,2612,65893.0,18.0
168786.0,5203,76274.0,18.0
234669.0,5138,93424.0,18.0
240338.0,1312,53548.0,18.0
171137.0,1609,44520.0,18.0
218742.0,4510,47796.0,18.0
134097.0,4006,66157.0,18.0
148487.0,4510,68226.0,18.0
155061.0,5208,64524.0,18.0
234207.0,5401,100087.0,18.0
152080.0,5111,58126.0,17.0
237312.0,1003,47037.0,17.0
196121.0,5109,53717.0,17.0
226091.0,2301,52897.0,17.0
226383.0,5208,62348.0,17.0
191931.0,1312,57669.0,17.0
105899.0,4228,46659.0,17.0
196176.0,0502,45563.0,17.0
108092.0,5106,65470.0,17.0
143084.0,5211,75672.0,17.0
226152.0,1609,24533.0,17.0
161563.0,1107,76089.0,17.0
120865.0,4407,61514.0,17.0
161509.0,5006,41600.0,17.0
211556.0,0901,42204.0,17.0
156082.0,2601,57551.0,17.0
156082.0,5007,29659.0,17.0
228769.0,3020,55933.0,17.0
152567.0,1101,78520.0,17.0
184782.0,4303,62846.0,17.0
109651.0,5007,33073.0,17.0
155681.0,2301,49023.0,17.0
161554.0,1601,55435.0,17.0
139959.0,2705,83092.0,17.0
155681.0,1599,111920.0,17.0
206622.0,5210,71259.0,17.0
226091.0,5004,46341.0,17.0
226091.0,5009,53904.0,17.0
196176.0,1101,103020.0,17.0
447689.0,2601,60542.0,17.0
196149.0,4006,60027.0,17.0
205443.0,2401,41424.0,17.0
212009.0,2601,57103.0,17.0
184773.0,3105,54277.0,17.0
143084.0,5401,45048.0,17.0
212106.0,0901,50794.0,17.0
154518.0,1312,49228.0,17.0
196158.0,5401,48388.0,17.0
233921.0,5206,95271.0,17.0
204796.0,1412,90938.0,17.0
142285.0,2613,47372.0,17.0
212054.0,1312,54571.0,17.0
152530.0,2313,40573.0,17.0
235316.0,4509,53458.0,17.0
157216.0,3103,37436.0,17.0
228787.0,5210,66719.0,17.0
163286.0,5009,47654.0,17.0
213321.0,1312,47486.0,17.0
213321.0,0301,53573.0,17.0
155025.0,2301,45292.0,17.0
163286.0,5006,50713.0,17.0
192749.0,0907,56117.0,17.0
182634.0,0301,47114.0,17.0
143084.0,1312,47613.0,17.0
163286.0,4005,79869.0,17.0
196246.0,4304,69321.0,17.0
237525.0,5206,70073.0,17.0
182670.0,4201,86896.0,17.0
182670.0,4227,99344.0,17.0
110413.0,2301,52428.0,17.0
230728.0,2613,49758.0,17.0
155089.0,4301,59387.0,17.0
237525.0,5131,55840.0,17.0
155317.0,2602,81568.0,17.0
192448.0,0907,34304.0,17.0
237525.0,5001,35126.0,17.0
213321.0,2601,63617.0,17.0
163338.0,1502,72630.0,17.0
162007.0,5401,68077.0,17.0
110361.0,5005,40432.0,17.0
228787.0,4006,58840.0,17.0
196264.0,5210,58129.0,17.0
461795.0,1312,58363.0,17.0
192703.0,2601,67229.0,17.0
122931.0,5210,75430.0,17.0
225247.0,5208,72425.0,17.0
110361.0,4901,72629.0,17.0
163453.0,5138,78700.0,17.0
213367.0,1312,55322.0,17.0
192703.0,2301,60508.0,17.0
213358.0,1107,68248.0,17.0
163338.0,4901,62080.0,17.0
182281.0,5003,36925.0,17.0
206084.0,5211,85247.0,17.0
213349.0,4008,74813.0,17.0
163338.0,1599,77899.0,17.0
142522.0,2602,53561.0,17.0
139755.0,2602,72940.0,17.0
230728.0,4008,93461.0,17.0
225502.0,5214,61341.0,17.0
142461.0,5004,41719.0,17.0
155335.0,2601,63923.0,17.0
196237.0,5218,48624.0,17.0
140234.0,3105,53131.0,17.0
154721.0,5299,47895.0,17.0
110097.0,4510,65558.0,17.0
237367.0,5107,56376.0,17.0
192323.0,1101,86252.0,17.0
212197.0,4510,63073.0,17.0
105330.0,1105,97511.0,17.0
204264.0,5401,42785.0,17.0
196200.0,5010,52583.0,17.0
212133.0,5214,63825.0,17.0
162584.0,5005,29679.0,17.0
235316.0,1410,106155.0,17.0
183062.0,5009,39603.0,17.0
120883.0,5106,86150.0,17.0
235097.0,1310,55244.0,17.0
120883.0,5009,43093.0,17.0
230603.0,2301,38210.0,17.0
152080.0,1414,75950.0,17.0
206604.0,4005,55165.0,17.0
121309.0,0901,47092.0,17.0
225511.0,2313,39645.0,17.0
121309.0,5004,57740.0,17.0
155399.0,1901,49593.0,17.0
196237.0,5007,37203.0,17.0
213011.0,1304,66963.0,17.0
212984.0,5203,76379.0,17.0
212984.0,5109,92559.0,17.0
206525.0,5203,65481.0,17.0
163268.0,5009,42289.0,17.0
196219.0,5001,39791.0,17.0
121691.0,5009,59275.0,17.0
163204.0,2699,93246.0,17.0
162928.0,1002,62858.0,17.0
212911.0,4201,63040.0,17.0
155399.0,2602,65122.0,17.0
206525.0,5401,43712.0,17.0
204185.0,1609,54378.0,17.0
162928.0,5202,147384.0,17.0
183044.0,2699,47611.0,17.0
237525.0,0301,43995.0,17.0
192819.0,2703,109170.0,17.0
196121.0,0502,45729.0,17.0
152673.0,2601,62653.0,17.0
236188.0,5138,110085.0,17.0
153278.0,1108,46296.0,17.0
188030.0,1907,38142.0,17.0
228875.0,4227,61190.0,17.0
159009.0,1104,54803.0,17.0
229115.0,3020,56496.0,17.0
228246.0,2601,78466.0,17.0
188030.0,5005,30355.0,17.0
157058.0,0904,42363.0,17.0
207324.0,1907,45738.0,17.0
228705.0,0901,37038.0,17.0
188030.0,5115,39293.0,17.0
441900.0,5102,57932.0,17.0
188429.0,1104,59273.0,17.0
110644.0,3802,59448.0,17.0
209506.0,1508,88036.0,17.0
107512.0,5005,31155.0,17.0
236939.0,5009,41181.0,17.0
188429.0,4501,41924.0,17.0
228325.0,4301,43110.0,17.0
441900.0,2301,56591.0,17.0
110653.0,5003,40466.0,17.0
188030.0,1402,96510.0,17.0
441900.0,1310,64201.0,17.0
213385.0,1407,115726.0,17.0
187648.0,2601,51496.0,17.0
156620.0,1905,59838.0,17.0
110671.0,5003,45804.0,17.0
141264.0,1313,51863.0,17.0
187967.0,2601,48211.0,17.0
153269.0,5009,42233.0,17.0
195526.0,0301,51512.0,17.0
228705.0,5131,41679.0,17.0
227881.0,1506,79544.0,17.0
190646.0,1104,45267.0,17.0
227881.0,5109,54816.0,17.0
187985.0,4005,56319.0,17.0
187985.0,4507,67336.0,17.0
156745.0,2601,68191.0,17.0
227881.0,5123,31854.0,17.0
159391.0,1409,106897.0,17.0
110556.0,4507,66863.0,17.0
159009.0,5214,41150.0,17.0
228705.0,1907,45199.0,17.0
236577.0,3906,50557.0,17.0
236939.0,4405,63631.0,17.0
229115.0,4507,60831.0,17.0
107044.0,1609,58843.0,17.0
194958.0,2401,40527.0,17.0
207582.0,3907,36493.0,17.0
141644.0,5138,112964.0,17.0
234164.0,5218,64924.0,17.0
207582.0,1313,42753.0,17.0
236896.0,5004,54035.0,17.0
190099.0,1609,81802.0,17.0
207403.0,5202,73651.0,17.0
207458.0,3105,45199.0,17.0
144281.0,0502,44703.0,17.0
142115.0,4008,64459.0,17.0
190099.0,5401,75784.0,17.0
157100.0,5202,44584.0,17.0
190150.0,1408,108246.0,17.0
190150.0,2401,99679.0,17.0
107141.0,1312,48188.0,17.0
157289.0,3801,44329.0,17.0
190415.0,0111,58960.0,17.0
107080.0,2301,48969.0,17.0
157447.0,0301,48949.0,17.0
110574.0,4509,58885.0,17.0
153384.0,2602,53105.0,17.0
207722.0,1312,44218.0,17.0
141574.0,0109,42671.0,17.0
141574.0,0501,43806.0,17.0
228431.0,4510,49980.0,17.0
157076.0,4301,52867.0,17.0
153603.0,2313,69673.0,17.0
144740.0,0501,49872.0,17.0
110565.0,4008,86504.0,17.0
195030.0,5401,56838.0,17.0
110617.0,4008,64133.0,17.0
228529.0,5401,50385.0,17.0
190549.0,4502,33127.0,17.0
190549.0,3801,67948.0,17.0
207971.0,3105,63485.0,17.0
153603.0,5109,44892.0,17.0
207847.0,5214,46290.0,17.0
141574.0,3019,55569.0,17.0
236939.0,1313,62126.0,17.0
157085.0,2313,38822.0,17.0
107141.0,3020,45322.0,17.0
227845.0,4504,56224.0,17.0
228723.0,0305,63468.0,17.0
161253.0,0904,54717.0,17.0
236230.0,4006,58472.0,17.0
106412.0,0101,42184.0,17.0
152600.0,5213,86317.0,17.0
206695.0,5210,69341.0,17.0
206835.0,5299,86511.0,17.0
237011.0,2615,51508.0,17.0
236595.0,2701,80592.0,17.0
161086.0,0501,64207.0,17.0
152798.0,5109,68742.0,17.0
185590.0,4507,53285.0,17.0
140553.0,0901,40273.0,17.0
152992.0,3105,50286.0,17.0
210739.0,5006,46847.0,17.0
482680.0,4005,60064.0,17.0
186131.0,2613,62344.0,17.0
204909.0,4201,47941.0,17.0
106412.0,5203,60272.0,17.0
210669.0,5122,64595.0,17.0
114813.0,3902,51475.0,17.0
206914.0,2601,34533.0,17.0
226833.0,5212,61966.0,17.0
196079.0,4006,53761.0,17.0
114813.0,1313,61005.0,17.0
211291.0,0301,66963.0,17.0
226471.0,4301,50900.0,17.0
156125.0,2401,43452.0,17.0
446048.0,5202,63839.0,17.0
237011.0,4503,38243.0,17.0
196112.0,1512,68548.0,17.0
140447.0,1609,58127.0,17.0
446048.0,2401,67139.0,17.0
140447.0,4005,60696.0,17.0
110510.0,4008,62004.0,17.0
211431.0,5203,76099.0,17.0
106397.0,4006,49730.0,17.0
152600.0,2301,52439.0,17.0
110510.0,4228,63062.0,17.0
211291.0,4509,90393.0,17.0
228723.0,4304,53792.0,17.0
154350.0,4510,63790.0,17.0
211291.0,1407,99536.0,17.0
115773.0,4301,60478.0,17.0
152600.0,4510,56054.0,17.0
106458.0,1408,83270.0,17.0
186201.0,0501,68806.0,17.0
228723.0,1104,100166.0,17.0
190691.0,5109,155557.0,17.0
106458.0,5110,57419.0,17.0
443049.0,5202,49234.0,17.0
186380.0,4507,56979.0,17.0
443049.0,3802,64235.0,17.0
229179.0,1101,76555.0,17.0
140988.0,4201,46272.0,17.0
195720.0,5401,49491.0,17.0
229160.0,5109,52999.0,17.0
236328.0,2313,38871.0,17.0
153250.0,1419,78118.0,17.0
186876.0,3033,59472.0,17.0
234076.0,1907,71638.0,17.0
141060.0,4511,62587.0,17.0
107558.0,2601,46151.0,17.0
190691.0,2301,69380.0,17.0
153269.0,2602,67547.0,17.0
154095.0,4006,46986.0,17.0
141167.0,4201,43219.0,17.0
442569.0,1104,78143.0,17.0
156408.0,5401,51094.0,17.0
190725.0,4201,55412.0,17.0
191241.0,1412,90465.0,17.0
110538.0,3019,59146.0,17.0
193353.0,2601,75798.0,17.0
190983.0,5203,71915.0,17.0
210429.0,5007,30437.0,17.0
112260.0,4509,96520.0,17.0
160630.0,2601,44350.0,17.0
227331.0,1101,67919.0,17.0
234827.0,4006,53987.0,17.0
210401.0,3105,59337.0,17.0
106458.0,4510,49078.0,17.0
154095.0,4502,34102.0,17.0
153108.0,5203,86868.0,17.0
160038.0,5009,39223.0,17.0
153126.0,3105,42853.0,17.0
153126.0,5109,73295.0,17.0
227368.0,4506,56369.0,17.0
143358.0,1902,56489.0,17.0
110538.0,3018,55102.0,17.0
209825.0,4407,57253.0,17.0
209825.0,2701,78568.0,17.0
141334.0,4005,53575.0,17.0
197045.0,5203,51882.0,17.0
196307.0,5110,88981.0,17.0
240268.0,5122,63016.0,17.0
215770.0,1107,110178.0,17.0
168263.0,5009,39692.0,17.0
174914.0,0301,69525.0,17.0
174914.0,0999,66876.0,17.0
215743.0,3017,47316.0,17.0
168263.0,2701,54980.0,17.0
174914.0,5009,47724.0,17.0
129525.0,4511,50178.0,17.0
175005.0,1312,48822.0,17.0
168254.0,5212,89255.0,17.0
490805.0,1108,29630.0,17.0
201964.0,4303,53626.0,17.0
168148.0,1408,88924.0,17.0
175272.0,2202,48808.0,17.0
136172.0,1313,52496.0,17.0
101709.0,0907,50497.0,17.0
240268.0,0904,48173.0,17.0
136172.0,1609,49750.0,17.0
175272.0,5109,51910.0,17.0
129525.0,1101,79202.0,17.0
243106.0,5201,25817.0,17.0
489779.0,5208,52507.0,17.0
168005.0,3099,67779.0,17.0
168005.0,2399,38139.0,17.0
147369.0,4706,67178.0,17.0
174862.0,0901,54958.0,17.0
490805.0,1515,82075.0,17.0
150941.0,3105,48400.0,17.0
174844.0,5005,45023.0,17.0
174491.0,3906,47802.0,17.0
219082.0,5202,69841.0,17.0
174491.0,5004,44628.0,17.0
130226.0,5211,77823.0,17.0
219198.0,1312,49652.0,17.0
219259.0,5208,48324.0,17.0
219347.0,1421,88904.0,17.0
101480.0,1310,50404.0,17.0
174783.0,5006,35421.0,17.0
174792.0,0301,59718.0,17.0
242626.0,1109,31241.0,17.0
174817.0,4201,43805.0,17.0
215929.0,5122,52699.0,17.0
490805.0,5208,65912.0,17.0
199281.0,5401,49535.0,17.0
150400.0,3105,71696.0,17.0
174844.0,0502,54100.0,17.0
219383.0,4407,46451.0,17.0
242635.0,1107,38420.0,17.0
199272.0,2601,60289.0,17.0
199272.0,2401,50090.0,17.0
168342.0,2601,65357.0,17.0
199218.0,3899,42597.0,17.0
147660.0,5009,46744.0,17.0
101587.0,5203,58218.0,17.0
202134.0,1503,88732.0,17.0
219806.0,4299,49609.0,17.0
136215.0,4301,71972.0,17.0
175616.0,5010,36216.0,17.0
167598.0,4201,55170.0,17.0
147013.0,3010,58057.0,17.0
230959.0,4511,58241.0,17.0
239318.0,5202,86550.0,17.0
176910.0,3907,42051.0,17.0
167394.0,4301,56168.0,17.0
176965.0,1003,41870.0,17.0
150756.0,4201,59512.0,17.0
176965.0,4303,54595.0,17.0
167288.0,1101,87671.0,17.0
137351.0,1310,51759.0,17.0
243197.0,5208,52197.0,17.0
202763.0,2601,51419.0,17.0
177214.0,2313,50287.0,17.0
128106.0,5401,50874.0,17.0
166850.0,1107,114115.0,17.0
166638.0,4402,60440.0,17.0
239105.0,5109,82520.0,17.0
177339.0,5214,56063.0,17.0
166629.0,4502,31186.0,17.0
166629.0,4005,78373.0,17.0
128106.0,1601,47362.0,17.0
177940.0,4201,45868.0,17.0
230852.0,4228,55701.0,17.0
202806.0,5212,99898.0,17.0
199102.0,1905,67054.0,17.0
239628.0,4510,68800.0,17.0
128771.0,5007,39387.0,17.0
176035.0,0901,41632.0,17.0
199148.0,2602,61940.0,17.0
175856.0,2401,42260.0,17.0
163851.0,5110,74731.0,17.0
231165.0,5106,61991.0,17.0
219949.0,4301,51032.0,17.0
219949.0,5203,51366.0,17.0
176017.0,1101,87958.0,17.0
231165.0,4004,56630.0,17.0
219976.0,1419,93990.0,17.0
176017.0,2601,58393.0,17.0
167996.0,1312,49884.0,17.0
167996.0,0301,54497.0,17.0
167729.0,2701,61259.0,17.0
231165.0,1002,51409.0,17.0
136950.0,4510,76600.0,17.0
231059.0,1609,59914.0,17.0
176080.0,2701,69787.0,17.0
243179.0,2613,31382.0,17.0
240107.0,5005,31051.0,17.0
202480.0,5004,66679.0,17.0
167783.0,2601,68251.0,17.0
128780.0,1110,96202.0,17.0
137032.0,2301,41070.0,17.0
167729.0,4006,59424.0,17.0
492801.0,2313,50287.0,17.0
130253.0,4511,54183.0,17.0
216278.0,1101,73494.0,17.0
217059.0,5004,52222.0,17.0
170967.0,3105,45314.0,17.0
170806.0,1907,45795.0,17.0
201195.0,5401,39968.0,17.0
131469.0,2609,81548.0,17.0
133650.0,3105,56187.0,17.0
201371.0,1310,41602.0,17.0
149505.0,4301,78165.0,17.0
133669.0,1601,46915.0,17.0
232186.0,4507,74692.0,17.0
217420.0,0502,44144.0,17.0
240462.0,3033,73238.0,17.0
149505.0,5214,62334.0,17.0
240444.0,0110,85445.0,17.0
200253.0,4201,60575.0,17.0
217925.0,1312,43210.0,17.0
172699.0,5109,48065.0,17.0
200217.0,5203,63969.0,17.0
170301.0,1101,92116.0,17.0
200217.0,5102,55357.0,17.0
217165.0,4510,78579.0,17.0
133711.0,3105,39203.0,17.0
170082.0,4005,70611.0,17.0
232566.0,1107,91313.0,17.0
173160.0,5109,60919.0,17.0
200156.0,1313,48203.0,17.0
201195.0,5210,70779.0,17.0
172608.0,5202,70099.0,17.0
172334.0,5007,43021.0,17.0
498571.0,5009,41546.0,17.0
217721.0,3101,41372.0,17.0
148584.0,4201,42474.0,17.0
200572.0,0306,69799.0,17.0
171456.0,3017,57325.0,17.0
232423.0,4005,74631.0,17.0
217776.0,2601,47882.0,17.0
200332.0,5007,46117.0,17.0
171456.0,5207,50236.0,17.0
200332.0,0404,55647.0,17.0
171137.0,0501,60891.0,17.0
232308.0,5007,27014.0,17.0
171571.0,2200,48323.0,17.0
172334.0,1907,48809.0,17.0
171571.0,2701,57531.0,17.0
171571.0,4502,46628.0,17.0
171571.0,4506,71874.0,17.0
132903.0,4005,57313.0,17.0
132903.0,4304,61633.0,17.0
172051.0,1105,72888.0,17.0
171100.0,1611,75147.0,17.0
171100.0,1603,52496.0,17.0
201104.0,4201,47671.0,17.0
200280.0,5210,64688.0,17.0
171100.0,0403,71158.0,17.0
218414.0,1312,42108.0,17.0
201441.0,4005,60065.0,17.0
219046.0,1313,52883.0,17.0
200059.0,5208,76040.0,17.0
218724.0,2703,59208.0,17.0
199962.0,0901,41013.0,17.0
130794.0,2604,92646.0,17.0
231624.0,4008,77863.0,17.0
240365.0,5201,73138.0,17.0
201645.0,4510,76451.0,17.0
231624.0,3801,75423.0,17.0
232672.0,4504,47117.0,17.0
240790.0,5202,43988.0,17.0
231581.0,4511,49139.0,17.0
218742.0,4511,43745.0,17.0
147703.0,1909,68636.0,17.0
241225.0,5203,39918.0,17.0
150136.0,5122,52202.0,17.0
174251.0,0301,43584.0,17.0
168847.0,0907,54961.0,17.0
201690.0,4407,47853.0,17.0
218973.0,0301,55044.0,17.0
100858.0,5211,80076.0,17.0
216339.0,0111,35728.0,17.0
218973.0,1107,86520.0,17.0
101189.0,3105,48561.0,17.0
168740.0,0409,62157.0,17.0
219000.0,4201,58256.0,17.0
130493.0,0904,50760.0,17.0
216366.0,5203,72558.0,17.0
130934.0,1107,98411.0,17.0
216597.0,0301,67060.0,17.0
240480.0,5010,49413.0,17.0
149772.0,4399,48039.0,17.0
217059.0,3101,40692.0,17.0
131159.0,0502,63553.0,17.0
131113.0,5212,76427.0,17.0
170037.0,4407,52568.0,17.0
173647.0,1609,62016.0,17.0
218645.0,2301,38980.0,17.0
100812.0,4201,34242.0,17.0
240480.0,4506,66453.0,17.0
218645.0,5007,31931.0,17.0
133881.0,4227,66923.0,17.0
130943.0,5199,86644.0,17.0
498562.0,1301,48795.0,17.0
169910.0,5208,75797.0,17.0
133951.0,0501,23742.0,17.0
199999.0,5208,52895.0,17.0
201441.0,5299,69239.0,17.0
169798.0,4507,53455.0,17.0
240727.0,0108,41533.0,17.0
199999.0,4511,38245.0,17.0
240374.0,5107,56790.0,17.0
240374.0,5007,31577.0,17.0
173920.0,1410,85655.0,17.0
201548.0,2313,46135.0,17.0
166513.0,4008,91438.0,17.0
206084.0,5006,48250.0,17.0
151306.0,4506,55605.0,17.0
125763.0,4501,64736.0,17.0
164447.0,2401,57510.0,17.0
238476.0,4506,67703.0,17.0
238032.0,1312,51537.0,17.0
238476.0,2701,72160.0,17.0
238476.0,2615,65733.0,17.0
198516.0,1002,53185.0,17.0
179566.0,1313,44417.0,17.0
233611.0,2301,33115.0,17.0
179566.0,5009,32984.0,17.0
213996.0,1107,74941.0,17.0
221838.0,4510,54008.0,17.0
221838.0,5007,36332.0,17.0
213996.0,5007,41649.0,17.0
127060.0,5004,69251.0,17.0
139311.0,5006,36510.0,17.0
221847.0,0301,44906.0,17.0
139250.0,5107,38244.0,17.0
203580.0,4301,49426.0,17.0
181002.0,4407,61829.0,17.0
165866.0,2701,66170.0,17.0
102368.0,2701,48145.0,17.0
213598.0,2301,49159.0,17.0
102298.0,2401,39266.0,17.0
198561.0,0901,35982.0,17.0
224226.0,5207,65140.0,17.0
155025.0,3101,46887.0,17.0
178697.0,0109,42296.0,17.0
197133.0,4509,63591.0,17.0
233611.0,4201,36808.0,17.0
178697.0,1313,32583.0,17.0
178697.0,4201,44659.0,17.0
164076.0,4501,68242.0,17.0
165699.0,5203,107497.0,17.0
146339.0,1312,45830.0,17.0
213826.0,5203,59776.0,17.0
102368.0,2301,46923.0,17.0
178721.0,5004,48105.0,17.0
165671.0,4504,67814.0,17.0
197133.0,5401,59814.0,17.0
179894.0,5203,65389.0,17.0
146612.0,0907,52722.0,17.0
165024.0,1609,56609.0,17.0
164632.0,2200,48575.0,17.0
164988.0,2613,57967.0,17.0
238078.0,4201,45395.0,17.0
214157.0,5009,41962.0,17.0
243780.0,2603,57530.0,17.0
214175.0,2601,83215.0,17.0
164988.0,1310,57294.0,17.0
198419.0,2701,297029.0,17.0
233426.0,0301,54957.0,17.0
126678.0,2601,62970.0,17.0
221999.0,4405,91265.0,17.0
146481.0,1107,77554.0,17.0
146427.0,4513,45120.0,17.0
221999.0,4511,83649.0,17.0
180984.0,3017,48215.0,17.0
138868.0,1312,55626.0,17.0
203517.0,4507,53656.0,17.0
233426.0,4301,58040.0,17.0
126580.0,2701,69992.0,17.0
230764.0,1609,64568.0,17.0
165015.0,1601,78746.0,17.0
165015.0,5005,58676.0,17.0
126942.0,5106,81896.0,17.0
180106.0,2601,32530.0,17.0
214041.0,4599,54086.0,17.0
197197.0,4511,67061.0,17.0
198464.0,5109,47321.0,17.0
181127.0,5214,64708.0,17.0
151306.0,0907,44197.0,17.0
230764.0,1904,69027.0,17.0
238458.0,1313,48979.0,17.0
181127.0,2601,40723.0,17.0
197869.0,5109,52440.0,17.0
126818.0,0405,61894.0,17.0
221892.0,1312,42332.0,17.0
230737.0,5207,62739.0,17.0
102553.0,5110,92768.0,17.0
165802.0,5203,85199.0,17.0
213987.0,5100,83812.0,17.0
203517.0,4509,51747.0,17.0
214777.0,1301,44984.0,17.0
221519.0,2601,47695.0,17.0
137564.0,3907,30430.0,17.0
214777.0,0199,80105.0,17.0
139658.0,0901,78866.0,17.0
181464.0,4008,71752.0,17.0
166027.0,2705,230876.0,17.0
196866.0,2615,68666.0,17.0
196680.0,1517,116151.0,17.0
127565.0,4507,66429.0,17.0
178402.0,1101,76216.0,17.0
224554.0,1433,80585.0,17.0
213543.0,1418,97904.0,17.0
181464.0,2605,62095.0,17.0
203368.0,2301,49493.0,17.0
151342.0,5109,71862.0,17.0
166124.0,3020,71280.0,17.0
214777.0,1413,100176.0,17.0
198613.0,5111,46011.0,17.0
213543.0,4510,90302.0,17.0
230816.0,5005,23575.0,17.0
224527.0,5202,46855.0,17.0
151102.0,1101,69013.0,17.0
243221.0,5401,31943.0,17.0
239071.0,3000,44455.0,17.0
127741.0,4507,62369.0,17.0
127741.0,4008,73186.0,17.0
196592.0,1110,98376.0,17.0
146719.0,2602,67681.0,17.0
238661.0,5004,44540.0,17.0
233277.0,5110,71805.0,17.0
165936.0,1601,53475.0,17.0
178411.0,4006,59252.0,17.0
127565.0,1313,47666.0,17.0
127918.0,4201,53502.0,17.0
178615.0,4510,60586.0,17.0
196866.0,5206,114064.0,17.0
165936.0,3101,51479.0,17.0
178615.0,2313,40026.0,17.0
178624.0,1108,48729.0,17.0
204024.0,1314,44270.0,17.0
221519.0,1609,59821.0,17.0
201104.0,0907,42929.0,16.0
150136.0,0403,55663.0,16.0
154095.0,4404,58307.0,16.0
143358.0,5212,74883.0,16.0
204024.0,2605,77163.0,16.0
143358.0,4301,58636.0,16.0
149781.0,4502,37501.0,16.0
151324.0,5213,92741.0,16.0
204024.0,1907,48266.0,16.0
151333.0,5401,46444.0,16.0
204194.0,1313,38069.0,16.0
200800.0,1909,48441.0,16.0
107512.0,5203,74714.0,16.0
232025.0,5202,71531.0,16.0
154855.0,4201,43002.0,16.0
233921.0,2605,67253.0,16.0
107983.0,1101,60952.0,16.0
151324.0,5217,67033.0,16.0
193399.0,5203,77183.0,16.0
100858.0,0302,40076.0,16.0
233897.0,4301,51193.0,16.0
145813.0,1109,90953.0,16.0
231651.0,1312,35318.0,16.0
204264.0,1312,42152.0,16.0
150066.0,5203,74525.0,16.0
148654.0,5110,69334.0,16.0
150066.0,5010,43159.0,16.0
196413.0,2612,87596.0,16.0
463056.0,0501,48093.0,16.0
234827.0,2301,43101.0,16.0
196200.0,5401,45234.0,16.0
151333.0,2301,41719.0,16.0
204866.0,2701,67562.0,16.0
193584.0,5005,36117.0,16.0
104717.0,1419,86834.0,16.0
230603.0,5401,36457.0,16.0
151351.0,2605,69128.0,16.0
102553.0,4502,47547.0,16.0
148654.0,0301,54579.0,16.0
230728.0,0404,50685.0,16.0
204200.0,2601,59945.0,16.0
143358.0,4407,53715.0,16.0
231712.0,5009,63852.0,16.0
100830.0,5202,55567.0,16.0
232609.0,4506,75903.0,16.0
498571.0,5100,83194.0,16.0
151360.0,2301,29768.0,16.0
149772.0,5109,49431.0,16.0
200280.0,1313,51253.0,16.0
228802.0,5009,45651.0,16.0
206048.0,4299,50430.0,16.0
196246.0,2313,40814.0,16.0
232265.0,5102,54286.0,16.0
205443.0,1310,44143.0,16.0
100663.0,5210,61781.0,16.0
145813.0,4006,53272.0,16.0
201195.0,2701,45744.0,16.0
108092.0,0901,35760.0,16.0
197133.0,5007,63418.0,16.0
228796.0,4006,52098.0,16.0
201195.0,4005,71252.0,16.0
203757.0,3099,45057.0,16.0
203775.0,2601,41515.0,16.0
197133.0,4512,59930.0,16.0
148131.0,5208,58139.0,16.0
154101.0,5203,59192.0,16.0
154721.0,4504,50697.0,16.0
228796.0,0901,58451.0,16.0
201371.0,4201,42742.0,16.0
201371.0,1312,44290.0,16.0
197045.0,0901,44969.0,16.0
102632.0,3099,55957.0,16.0
196246.0,4506,63155.0,16.0
197045.0,0909,55344.0,16.0
154712.0,5214,63361.0,16.0
232557.0,4400,36290.0,16.0
154712.0,5208,72769.0,16.0
148131.0,5203,55610.0,16.0
149231.0,1435,82744.0,16.0
148405.0,1313,46642.0,16.0
232186.0,4008,96138.0,16.0
201104.0,4407,47094.0,16.0
149772.0,1003,50751.0,16.0
154235.0,5208,72886.0,16.0
151379.0,4511,45610.0,16.0
151333.0,3000,43436.0,16.0
200059.0,0100,52529.0,16.0
192819.0,0302,58610.0,16.0
203535.0,3020,72305.0,16.0
109785.0,5100,64797.0,16.0
196680.0,1104,87458.0,16.0
154350.0,2701,65097.0,16.0
192819.0,1609,73868.0,16.0
463056.0,4507,76851.0,16.0
143358.0,1313,48325.0,16.0
200332.0,0105,42973.0,16.0
204024.0,2701,58387.0,16.0
193292.0,1310,71781.0,16.0
205203.0,3105,49590.0,16.0
484905.0,4511,53689.0,16.0
201441.0,3099,46341.0,16.0
201441.0,3020,49925.0,16.0
145813.0,2203,59943.0,16.0
200332.0,0100,62285.0,16.0
204024.0,3099,61145.0,16.0
232308.0,4201,45633.0,16.0
104151.0,1436,85911.0,16.0
104179.0,1405,95625.0,16.0
154493.0,2601,64110.0,16.0
463056.0,4006,69610.0,16.0
146339.0,4400,38639.0,16.0
204802.0,2701,67562.0,16.0
100858.0,0405,69657.0,16.0
231165.0,4511,39174.0,16.0
153269.0,5401,42256.0,16.0
147341.0,5203,66326.0,16.0
196112.0,4599,46521.0,16.0
144883.0,5202,48943.0,16.0
152567.0,2601,52806.0,16.0
196112.0,2601,54176.0,16.0
106485.0,1312,45616.0,16.0
198561.0,1107,68175.0,16.0
196130.0,0907,46224.0,16.0
146612.0,5004,45704.0,16.0
195526.0,1609,56595.0,16.0
147244.0,5214,71399.0,16.0
230038.0,1310,39325.0,16.0
150604.0,4511,58827.0,16.0
150668.0,4407,39176.0,16.0
230782.0,5007,33697.0,16.0
150534.0,5214,68363.0,16.0
153278.0,1313,53514.0,16.0
152600.0,2401,60612.0,16.0
106704.0,1601,38631.0,16.0
106245.0,5212,63142.0,16.0
195173.0,5199,59885.0,16.0
230782.0,1109,97957.0,16.0
150534.0,2313,38198.0,16.0
198516.0,4402,64011.0,16.0
198516.0,4506,112303.0,16.0
199157.0,5401,48047.0,16.0
195216.0,2613,41638.0,16.0
202134.0,1313,48254.0,16.0
147660.0,0907,45838.0,16.0
153375.0,4407,41210.0,16.0
204839.0,2701,67562.0,16.0
146612.0,2701,56168.0,16.0
106397.0,1310,53054.0,16.0
152567.0,1407,88192.0,16.0
230782.0,4005,68672.0,16.0
153269.0,5005,54950.0,16.0
153269.0,5004,58834.0,16.0
199847.0,5213,146608.0,16.0
199069.0,4201,39248.0,16.0
196042.0,5211,54007.0,16.0
487524.0,4304,51772.0,16.0
144962.0,5010,41122.0,16.0
146719.0,4304,64194.0,16.0
202806.0,3105,42597.0,16.0
145336.0,2301,50426.0,16.0
203128.0,4511,39277.0,16.0
233277.0,1905,55422.0,16.0
102049.0,3105,47117.0,16.0
106458.0,4303,58242.0,16.0
196042.0,2703,50388.0,16.0
229267.0,5213,68095.0,16.0
144971.0,5203,64726.0,16.0
153001.0,2401,63832.0,16.0
196033.0,1403,66694.0,16.0
199069.0,0101,70219.0,16.0
196006.0,5208,54833.0,16.0
150774.0,4201,51745.0,16.0
152600.0,2701,61564.0,16.0
198613.0,1101,65823.0,16.0
151102.0,5009,38682.0,16.0
230038.0,0901,68843.0,16.0
230038.0,0106,71066.0,16.0
204820.0,2701,67562.0,16.0
150677.0,5004,51338.0,16.0
230995.0,0901,65497.0,16.0
198598.0,5206,59215.0,16.0
198613.0,2301,49064.0,16.0
202763.0,5111,47760.0,16.0
195809.0,3801,52006.0,16.0
144962.0,0901,53618.0,16.0
153162.0,5007,38299.0,16.0
230816.0,5009,26241.0,16.0
153162.0,1107,84938.0,16.0
101912.0,5210,62069.0,16.0
150774.0,0901,52231.0,16.0
150534.0,1408,80532.0,16.0
195164.0,4511,53783.0,16.0
151111.0,4502,40018.0,16.0
486840.0,2602,59054.0,16.0
199607.0,4301,45560.0,16.0
198464.0,2313,43647.0,16.0
150145.0,3907,37149.0,16.0
203128.0,2601,53290.0,16.0
145646.0,2301,51107.0,16.0
152080.0,4008,110029.0,16.0
150145.0,4400,38515.0,16.0
101435.0,5203,65820.0,16.0
198419.0,4502,81120.0,16.0
231174.0,5006,32100.0,16.0
492801.0,2401,47160.0,16.0
152336.0,4407,43989.0,16.0
231174.0,4507,40871.0,16.0
196194.0,4004,59427.0,16.0
196194.0,3025,76118.0,16.0
145637.0,4004,71425.0,16.0
193973.0,5214,73611.0,16.0
153834.0,5401,45737.0,16.0
195128.0,5203,55125.0,16.0
201654.0,1313,44668.0,16.0
144005.0,2601,46898.0,16.0
150136.0,5003,34518.0,16.0
228875.0,5004,68313.0,16.0
198136.0,4407,43675.0,16.0
232672.0,5107,58714.0,16.0
497037.0,1907,50525.0,16.0
497037.0,0901,49202.0,16.0
100858.0,5009,49555.0,16.0
153977.0,5107,50009.0,16.0
234669.0,5203,70258.0,16.0
204501.0,0301,46580.0,16.0
228884.0,2601,37296.0,16.0
230603.0,5208,100149.0,16.0
152080.0,0502,64152.0,16.0
193900.0,3801,52633.0,16.0
229027.0,0405,61356.0,16.0
486840.0,2701,79833.0,16.0
230764.0,2313,75686.0,16.0
204857.0,2701,67562.0,16.0
483036.0,2301,37967.0,16.0
147660.0,5213,105350.0,16.0
153603.0,5127,49493.0,16.0
204848.0,2701,67562.0,16.0
199193.0,5007,54007.0,16.0
233301.0,4201,52293.0,16.0
195003.0,1505,84755.0,16.0
234155.0,1101,60276.0,16.0
231174.0,2605,65120.0,16.0
153825.0,5109,61901.0,16.0
231174.0,2602,80593.0,16.0
151111.0,4509,49069.0,16.0
198516.0,1312,63041.0,16.0
150455.0,5202,60745.0,16.0
147660.0,1603,57424.0,16.0
198516.0,1609,71121.0,16.0
145619.0,4599,50054.0,16.0
152530.0,5006,50403.0,16.0
195003.0,0909,57748.0,16.0
234155.0,1512,89702.0,16.0
199281.0,0301,49806.0,16.0
153658.0,5003,60188.0,16.0
194310.0,1503,127764.0,16.0
150163.0,5217,89343.0,16.0
101480.0,1313,47830.0,16.0
153658.0,3801,56786.0,16.0
199412.0,5203,88292.0,16.0
150400.0,1609,62917.0,16.0
101480.0,4507,46817.0,16.0
107044.0,5004,60567.0,16.0
152390.0,4407,49555.0,16.0
153658.0,2705,123676.0,16.0
196176.0,5001,41097.0,16.0
144351.0,0901,43071.0,16.0
196176.0,4510,53534.0,16.0
483036.0,4901,70147.0,16.0
101709.0,5208,48160.0,16.0
159966.0,2301,41459.0,16.0
143084.0,0999,49015.0,16.0
239071.0,5138,67509.0,16.0
221661.0,3105,59895.0,16.0
137546.0,5211,58090.0,16.0
166513.0,3019,69604.0,16.0
178059.0,5123,37259.0,16.0
220978.0,5006,37274.0,16.0
177968.0,4510,55869.0,16.0
137476.0,4301,54337.0,16.0
137351.0,5099,53756.0,16.0
177940.0,1104,52071.0,16.0
220978.0,4008,69192.0,16.0
243212.0,2601,33896.0,16.0
177214.0,2401,47160.0,16.0
128391.0,2301,39414.0,16.0
166850.0,5109,65549.0,16.0
166911.0,1003,34006.0,16.0
127918.0,2601,55356.0,16.0
127918.0,0901,46341.0,16.0
219709.0,5208,124270.0,16.0
178341.0,4510,62576.0,16.0
166027.0,2604,117816.0,16.0
243443.0,4407,36055.0,16.0
214777.0,0502,72063.0,16.0
166124.0,1612,52639.0,16.0
137564.0,4400,48006.0,16.0
127565.0,5109,52735.0,16.0
178387.0,5401,40716.0,16.0
127714.0,3907,49899.0,16.0
178387.0,5107,48596.0,16.0
221740.0,4005,71634.0,16.0
166391.0,1303,46378.0,16.0
178387.0,0901,55059.0,16.0
239071.0,2401,50521.0,16.0
239071.0,3902,53966.0,16.0
239071.0,3907,36728.0,16.0
177144.0,5111,42880.0,16.0
176965.0,5009,42610.0,16.0
128498.0,5212,79652.0,16.0
220613.0,5401,44096.0,16.0
129020.0,4507,76851.0,16.0
240189.0,4507,62589.0,16.0
175856.0,5207,45707.0,16.0
215284.0,5005,51775.0,16.0
136215.0,5203,73874.0,16.0
175616.0,5202,55424.0,16.0
240189.0,5005,39521.0,16.0
219806.0,3802,43115.0,16.0
215293.0,3801,52436.0,16.0
243115.0,0183,23659.0,16.0
175342.0,3105,41403.0,16.0
136172.0,4008,64413.0,16.0
129242.0,5212,96937.0,16.0
219790.0,1313,43654.0,16.0
215293.0,4512,51378.0,16.0
219976.0,1313,47544.0,16.0
243142.0,0909,18739.0,16.0
136330.0,3903,42589.0,16.0
136950.0,5207,85574.0,16.0
137032.0,5209,46330.0,16.0
215062.0,1407,109884.0,16.0
176372.0,5131,50957.0,16.0
128771.0,4507,55274.0,16.0
215114.0,3907,47805.0,16.0
128902.0,4509,71960.0,16.0
129020.0,0501,48093.0,16.0
129020.0,4006,69610.0,16.0
240107.0,5203,60949.0,16.0
220075.0,5005,28062.0,16.0
176080.0,0103,69160.0,16.0
167899.0,5201,71807.0,16.0
176044.0,5202,53691.0,16.0
136330.0,5208,66689.0,16.0
165936.0,3907,52173.0,16.0
178411.0,4201,49360.0,16.0
178420.0,1408,81305.0,16.0
180814.0,4304,49052.0,16.0
181215.0,1101,61988.0,16.0
245953.0,3017,44719.0,16.0
126562.0,4005,64964.0,16.0
222983.0,2301,56362.0,16.0
214069.0,4510,48992.0,16.0
181020.0,5401,54475.0,16.0
214069.0,5203,71798.0,16.0
222983.0,1107,76196.0,16.0
214157.0,2301,50397.0,16.0
164632.0,1101,68194.0,16.0
214157.0,5007,54090.0,16.0
214175.0,2701,100869.0,16.0
222178.0,1907,50525.0,16.0
222178.0,0901,49202.0,16.0
180984.0,3906,58162.0,16.0
238032.0,3801,57041.0,16.0
164492.0,4301,76013.0,16.0
181394.0,0301,48942.0,16.0
125727.0,4201,45455.0,16.0
123961.0,4005,54966.0,16.0
224244.0,5201,65390.0,16.0
224226.0,3907,49408.0,16.0
213668.0,0901,33916.0,16.0
139393.0,5201,75186.0,16.0
164076.0,4008,90457.0,16.0
164076.0,5109,61911.0,16.0
164447.0,5123,63629.0,16.0
164173.0,0907,59377.0,16.0
366252.0,1109,67758.0,16.0
125763.0,4201,58397.0,16.0
164216.0,4511,53799.0,16.0
139366.0,4510,57008.0,16.0
125897.0,0901,68020.0,16.0
180948.0,3000,64738.0,16.0
138716.0,5203,52363.0,16.0
178420.0,5009,40496.0,16.0
164924.0,2602,75274.0,16.0
165024.0,4502,50376.0,16.0
238458.0,5213,72961.0,16.0
221768.0,5401,49555.0,16.0
179326.0,1107,62016.0,16.0
179159.0,5202,91483.0,16.0
179159.0,4407,56306.0,16.0
138354.0,4509,43652.0,16.0
127185.0,4005,51332.0,16.0
138354.0,1313,50019.0,16.0
165699.0,5109,51645.0,16.0
138354.0,0301,50746.0,16.0
221759.0,5004,69047.0,16.0
178697.0,0909,44554.0,16.0
127556.0,4511,42701.0,16.0
243601.0,1515,56768.0,16.0
238458.0,5122,66494.0,16.0
127060.0,4506,84328.0,16.0
243780.0,1310,55308.0,16.0
221892.0,5010,49184.0,16.0
180647.0,1312,39583.0,16.0
126678.0,4511,56649.0,16.0
221999.0,1408,82744.0,16.0
180461.0,5009,39920.0,16.0
138600.0,5122,63621.0,16.0
243780.0,1599,63954.0,16.0
238333.0,3015,53760.0,16.0
127060.0,2200,63727.0,16.0
138600.0,5007,40587.0,16.0
180416.0,1439,93629.0,16.0
138600.0,4510,62605.0,16.0
238458.0,1399,48682.0,16.0
180106.0,4201,49321.0,16.0
180106.0,1312,52448.0,16.0
215293.0,5005,51775.0,16.0
219709.0,5206,76276.0,16.0
181464.0,1403,96908.0,16.0
240471.0,5401,47891.0,16.0
133711.0,5401,30134.0,16.0
217059.0,5401,45569.0,16.0
170082.0,2602,59476.0,16.0
173160.0,1101,97008.0,16.0
131283.0,3802,52638.0,16.0
170082.0,5207,77581.0,16.0
131283.0,4506,91962.0,16.0
217925.0,5202,40432.0,16.0
170532.0,4510,45265.0,16.0
240462.0,4005,65271.0,16.0
240444.0,0406,63759.0,16.0
217882.0,4005,67996.0,16.0
133650.0,5004,35817.0,16.0
172644.0,5006,35157.0,16.0
131469.0,1609,88114.0,16.0
218399.0,5202,46257.0,16.0
131159.0,4502,53036.0,16.0
215442.0,2301,32822.0,16.0
131159.0,1107,117293.0,16.0
240727.0,0904,38934.0,16.0
216667.0,1101,79272.0,16.0
130943.0,4008,74475.0,16.0
133951.0,2701,66041.0,16.0
169910.0,5111,118364.0,16.0
218654.0,1312,47705.0,16.0
130943.0,5213,101502.0,16.0
240480.0,4501,49189.0,16.0
170037.0,1312,47341.0,16.0
130989.0,5208,58992.0,16.0
240417.0,1310,48444.0,16.0
133881.0,1410,98505.0,16.0
173647.0,4008,73540.0,16.0
217059.0,1410,103354.0,16.0
218441.0,4301,51418.0,16.0
170806.0,1616,50382.0,16.0
172644.0,1601,38926.0,16.0
240444.0,1423,102449.0,16.0
172644.0,1508,97257.0,16.0
171492.0,5211,62720.0,16.0
132408.0,4201,40963.0,16.0
171137.0,1409,111740.0,16.0
171456.0,5220,91682.0,16.0
217536.0,4506,66226.0,16.0
217776.0,4504,52534.0,16.0
217536.0,5007,48067.0,16.0
217536.0,5107,70320.0,16.0
171456.0,4506,52179.0,16.0
132602.0,3011,51623.0,16.0
132851.0,1312,52015.0,16.0
217633.0,0907,44648.0,16.0
217721.0,0901,37638.0,16.0
217688.0,5107,57253.0,16.0
217633.0,5122,52568.0,16.0
131876.0,4201,53543.0,16.0
132903.0,3020,69568.0,16.0
171881.0,4407,35472.0,16.0
172264.0,4407,50593.0,16.0
240453.0,5213,75055.0,16.0
217484.0,0303,48348.0,16.0
131469.0,5107,92810.0,16.0
172334.0,1313,47270.0,16.0
172264.0,5108,49754.0,16.0
131496.0,1609,70025.0,16.0
133508.0,4399,55414.0,16.0
171100.0,2401,51436.0,16.0
133492.0,1609,54501.0,16.0
131496.0,2601,77132.0,16.0
217873.0,5138,83436.0,16.0
172051.0,5201,47065.0,16.0
171100.0,1601,65667.0,16.0
132903.0,4506,76360.0,16.0
169798.0,1001,57343.0,16.0
173920.0,2701,70257.0,16.0
173920.0,5003,37959.0,16.0
174437.0,3023,39407.0,16.0
215929.0,2301,69349.0,16.0
240277.0,1104,64438.0,16.0
134945.0,5214,55252.0,16.0
215947.0,5005,34890.0,16.0
168430.0,5001,39037.0,16.0
130226.0,2200,74835.0,16.0
216010.0,4008,91610.0,16.0
240277.0,5010,42421.0,16.0
168528.0,0901,52309.0,16.0
130226.0,4510,73833.0,16.0
219356.0,0301,50420.0,16.0
219082.0,1312,48997.0,16.0
241739.0,0909,24947.0,16.0
216038.0,4506,69371.0,16.0
219082.0,1104,56991.0,16.0
168342.0,5007,55012.0,16.0
174844.0,1313,51909.0,16.0
168342.0,4005,51050.0,16.0
129941.0,0405,52854.0,16.0
219709.0,2601,63792.0,16.0
242680.0,5102,25816.0,16.0
168263.0,0403,59524.0,16.0
219602.0,1105,76824.0,16.0
168281.0,2615,61194.0,16.0
215770.0,4228,75549.0,16.0
215770.0,5207,78554.0,16.0
129941.0,2301,46356.0,16.0
135726.0,1410,87274.0,16.0
168281.0,5007,38389.0,16.0
215798.0,2301,50411.0,16.0
215798.0,2701,57335.0,16.0
219471.0,2301,31155.0,16.0
242635.0,5202,22424.0,16.0
219046.0,5004,29733.0,16.0
219000.0,5203,68523.0,16.0
216597.0,1410,117229.0,16.0
216278.0,4509,44784.0,16.0
218733.0,1101,66821.0,16.0
216357.0,1310,52302.0,16.0
169327.0,5203,63508.0,16.0
240727.0,4507,55889.0,16.0
148496.0,2301,46780.0,16.0
169327.0,5210,54831.0,16.0
130794.0,4227,65752.0,16.0
218724.0,2602,46896.0,16.0
130907.0,5138,89745.0,16.0
216524.0,0301,56633.0,16.0
134079.0,2609,38358.0,16.0
169716.0,5212,86600.0,16.0
216542.0,4201,40155.0,16.0
174020.0,0502,45801.0,16.0
173920.0,5211,68079.0,16.0
169248.0,4006,57438.0,16.0
169248.0,2705,81853.0,16.0
130776.0,5401,49967.0,16.0
169080.0,0909,52281.0,16.0
216287.0,1101,150942.0,16.0
216287.0,1401,78519.0,16.0
130493.0,5109,74538.0,16.0
168786.0,2313,39465.0,16.0
174251.0,5401,48067.0,16.0
168786.0,4402,44910.0,16.0
174233.0,3801,56812.0,16.0
174075.0,5100,53776.0,16.0
130776.0,1101,118324.0,16.0
240365.0,2301,48178.0,16.0
169248.0,2200,57108.0,16.0
216339.0,5003,36524.0,16.0
134097.0,1603,44502.0,16.0
174075.0,5212,80822.0,16.0
181464.0,0502,42635.0,16.0
123961.0,2701,69377.0,16.0
192448.0,5131,63323.0,16.0
157377.0,0105,45192.0,16.0
110592.0,1609,35591.0,16.0
236595.0,5109,81464.0,16.0
440828.0,1909,55367.0,16.0
142115.0,2703,75336.0,16.0
440828.0,1436,85369.0,16.0
142115.0,2701,48582.0,16.0
110608.0,0501,53077.0,16.0
157401.0,5122,51848.0,16.0
157447.0,1310,42964.0,16.0
440828.0,0502,50421.0,16.0
207847.0,1101,95825.0,16.0
141574.0,4502,37581.0,16.0
189705.0,2601,48104.0,16.0
141574.0,2602,43080.0,16.0
207971.0,1107,109332.0,16.0
110592.0,0502,55970.0,16.0
190150.0,1410,143332.0,16.0
227526.0,5212,78757.0,16.0
157289.0,0502,50715.0,16.0
110565.0,2705,51298.0,16.0
207388.0,1609,62404.0,16.0
157076.0,5201,64396.0,16.0
190567.0,0907,72068.0,16.0
190558.0,5006,51363.0,16.0
207388.0,3801,59640.0,16.0
236577.0,5007,32456.0,16.0
157085.0,0305,51331.0,16.0
157085.0,1418,84796.0,16.0
110574.0,4506,67155.0,16.0
157085.0,2401,36942.0,16.0
190415.0,4005,79311.0,16.0
207500.0,0402,70383.0,16.0
207500.0,1104,76201.0,16.0
228501.0,3105,57658.0,16.0
207971.0,1410,97087.0,16.0
207971.0,4201,60700.0,16.0
141574.0,1609,41727.0,16.0
189097.0,2615,66787.0,16.0
110653.0,5009,43120.0,16.0
209542.0,1909,55367.0,16.0
228149.0,1409,78406.0,16.0
436836.0,0501,48093.0,16.0
141264.0,5009,27357.0,16.0
159647.0,1405,85454.0,16.0
141264.0,1616,39516.0,16.0
110671.0,4006,59677.0,16.0
187444.0,4506,70705.0,16.0
159647.0,5401,45142.0,16.0
159656.0,2313,46374.0,16.0
436827.0,4507,76851.0,16.0
209612.0,1107,105018.0,16.0
209612.0,4504,64029.0,16.0
141060.0,5100,60978.0,16.0
209542.0,1436,85369.0,16.0
141334.0,4502,46740.0,16.0
188030.0,5109,53428.0,16.0
157951.0,1603,43210.0,16.0
110617.0,5005,47676.0,16.0
188641.0,5214,55339.0,16.0
188641.0,5203,55250.0,16.0
208822.0,5203,83423.0,16.0
436836.0,4507,76851.0,16.0
110635.0,4002,90943.0,16.0
209065.0,1313,57975.0,16.0
209542.0,0502,50421.0,16.0
436836.0,4006,69610.0,16.0
158477.0,5202,48525.0,16.0
110644.0,0111,72335.0,16.0
110644.0,1418,89983.0,16.0
188429.0,2701,86028.0,16.0
158802.0,4301,49687.0,16.0
190594.0,3801,49583.0,16.0
157058.0,4201,42743.0,16.0
110565.0,2701,80055.0,16.0
191630.0,3801,40284.0,16.0
457697.0,5115,32514.0,16.0
191968.0,1002,48412.0,16.0
155681.0,1003,39946.0,16.0
191649.0,5211,74168.0,16.0
191649.0,5009,56847.0,16.0
191649.0,5003,48086.0,16.0
228769.0,4005,63766.0,16.0
235547.0,5137,50826.0,16.0
156082.0,1313,47948.0,16.0
110495.0,4510,56330.0,16.0
191649.0,3033,43733.0,16.0
191649.0,2701,86077.0,16.0
236133.0,5009,37112.0,16.0
206622.0,5206,80165.0,16.0
206695.0,0301,60965.0,16.0
228778.0,1313,67192.0,16.0
191968.0,4510,49440.0,16.0
110486.0,1409,93797.0,16.0
155399.0,0399,53401.0,16.0
155025.0,5123,46445.0,16.0
192448.0,5005,43904.0,16.0
155061.0,5102,50246.0,16.0
235097.0,5102,65245.0,16.0
459949.0,5211,59781.0,16.0
192448.0,0904,62355.0,16.0
206589.0,0901,60884.0,16.0
235316.0,2701,59723.0,16.0
155399.0,5005,39598.0,16.0
155399.0,5109,55985.0,16.0
192323.0,4008,99009.0,16.0
110422.0,3801,98592.0,16.0
155511.0,3105,48331.0,16.0
110422.0,5005,36697.0,16.0
446048.0,5203,71237.0,16.0
228723.0,4004,54593.0,16.0
207324.0,5214,58241.0,16.0
191597.0,5138,127915.0,16.0
190691.0,2701,46023.0,16.0
207041.0,2301,40890.0,16.0
442569.0,1515,108380.0,16.0
236328.0,3099,65986.0,16.0
207041.0,4407,59384.0,16.0
156620.0,1616,36755.0,16.0
236328.0,5005,46791.0,16.0
142285.0,0108,45263.0,16.0
110556.0,1511,90353.0,16.0
228705.0,5214,64558.0,16.0
110556.0,2701,55664.0,16.0
110556.0,4005,45522.0,16.0
207324.0,0901,40001.0,16.0
156745.0,4201,55295.0,16.0
207324.0,1409,87701.0,16.0
156365.0,4201,38373.0,16.0
206941.0,5007,37490.0,16.0
206941.0,5005,38914.0,16.0
191241.0,2701,93224.0,16.0
110510.0,5122,65961.0,16.0
236230.0,4005,59993.0,16.0
191515.0,2313,42806.0,16.0
206695.0,5219,44232.0,16.0
206835.0,4504,59143.0,16.0
206914.0,0100,44175.0,16.0
191126.0,5207,49627.0,16.0
190761.0,4407,64672.0,16.0
156295.0,5007,29013.0,16.0
142285.0,1313,54732.0,16.0
236230.0,5401,43685.0,16.0
206941.0,1410,90152.0,16.0
190983.0,1310,56168.0,16.0
190761.0,5213,71464.0,16.0
436827.0,4006,69610.0,16.0
141060.0,2701,94634.0,16.0
213543.0,5201,107079.0,16.0
120883.0,4506,79510.0,16.0
162283.0,3105,56399.0,16.0
225511.0,5005,42301.0,16.0
225511.0,4008,86078.0,16.0
183062.0,4507,57900.0,16.0
139931.0,5009,34150.0,16.0
183062.0,0502,46990.0,16.0
183044.0,5203,65371.0,16.0
162654.0,0901,52752.0,16.0
121257.0,4510,68831.0,16.0
237367.0,5203,62302.0,16.0
237367.0,5401,28802.0,16.0
162760.0,2301,50126.0,16.0
162760.0,5007,44411.0,16.0
237385.0,4599,38539.0,16.0
183044.0,4005,82185.0,16.0
237358.0,5202,58140.0,16.0
183071.0,1616,38282.0,16.0
141060.0,1312,50364.0,16.0
162007.0,2301,48707.0,16.0
183974.0,2601,63381.0,16.0
120254.0,2701,88080.0,16.0
120254.0,3025,78782.0,16.0
183974.0,0103,34057.0,16.0
237215.0,4301,42085.0,16.0
161554.0,5005,33005.0,16.0
212106.0,1107,92606.0,16.0
183257.0,5203,65371.0,16.0
183239.0,5203,90331.0,16.0
161554.0,5007,43514.0,16.0
161563.0,1312,46988.0,16.0
120865.0,0909,77121.0,16.0
212106.0,5211,78157.0,16.0
225627.0,2301,45684.0,16.0
212115.0,1313,55303.0,16.0
162928.0,4510,121729.0,16.0
183044.0,1616,38282.0,16.0
121691.0,2301,50810.0,16.0
183044.0,1405,92984.0,16.0
213367.0,5213,76518.0,16.0
213367.0,5401,44285.0,16.0
224554.0,5004,61748.0,16.0
237899.0,5007,22764.0,16.0
366711.0,5211,77965.0,16.0
163851.0,5206,91642.0,16.0
224554.0,1506,68588.0,16.0
237932.0,4407,46799.0,16.0
237932.0,4501,43532.0,16.0
139658.0,1601,76993.0,16.0
224545.0,5401,41460.0,16.0
213543.0,2301,71474.0,16.0
366711.0,2612,76622.0,16.0
163912.0,2701,77474.0,16.0
123961.0,1603,64421.0,16.0
139700.0,5106,64541.0,16.0
225414.0,5138,103991.0,16.0
163338.0,3099,45876.0,16.0
163286.0,1603,58063.0,16.0
212984.0,0901,47047.0,16.0
213011.0,5107,70100.0,16.0
213011.0,5208,72915.0,16.0
225502.0,5401,40936.0,16.0
182980.0,2601,55222.0,16.0
122409.0,3801,53390.0,16.0
213020.0,5005,35286.0,16.0
182290.0,1439,78079.0,16.0
213020.0,5123,45130.0,16.0
139755.0,4509,79264.0,16.0
182670.0,2615,143067.0,16.0
163286.0,4502,53038.0,16.0
213321.0,5109,52695.0,16.0
182290.0,4507,74864.0,16.0
120254.0,1609,71779.0,16.0
237109.0,5106,65179.0,16.0
212054.0,4005,82185.0,16.0
227216.0,1418,78250.0,16.0
210401.0,4008,89506.0,16.0
186283.0,5004,51406.0,16.0
210429.0,5005,31048.0,16.0
210492.0,5202,57021.0,16.0
160630.0,5107,44788.0,16.0
210571.0,2301,51149.0,16.0
114813.0,1512,88542.0,16.0
114813.0,3105,51624.0,16.0
436818.0,4507,76851.0,16.0
210669.0,1107,86069.0,16.0
160755.0,0907,40169.0,16.0
160904.0,5122,63204.0,16.0
436818.0,4006,69610.0,16.0
186131.0,2301,61323.0,16.0
160977.0,4201,65926.0,16.0
210401.0,2301,50060.0,16.0
436827.0,0501,48093.0,16.0
186283.0,5122,64454.0,16.0
186399.0,4006,70106.0,16.0
141060.0,0502,25137.0,16.0
186618.0,5202,46247.0,16.0
227526.0,4510,41831.0,16.0
140988.0,2401,50887.0,16.0
159717.0,2301,43828.0,16.0
209807.0,5099,51248.0,16.0
171146.0,5401,43537.0,16.0
210331.0,3000,48080.0,16.0
186380.0,4006,70106.0,16.0
186380.0,2613,47553.0,16.0
209825.0,5401,53002.0,16.0
210146.0,2701,64748.0,16.0
186380.0,0403,68786.0,16.0
140818.0,4301,43125.0,16.0
210739.0,5003,36515.0,16.0
237011.0,2401,38163.0,16.0
184348.0,4510,66965.0,16.0
237011.0,2602,77048.0,16.0
185129.0,4510,43544.0,16.0
433660.0,5110,67069.0,16.0
433660.0,4511,50136.0,16.0
139959.0,5005,43046.0,16.0
226383.0,2401,53864.0,16.0
139959.0,3025,69169.0,16.0
211583.0,5205,48643.0,16.0
226231.0,5138,73217.0,16.0
226231.0,1410,99403.0,16.0
119173.0,2401,56616.0,16.0
119173.0,4227,49222.0,16.0
119173.0,5006,47091.0,16.0
212054.0,1205,48094.0,16.0
161518.0,5214,66233.0,16.0
212054.0,2202,87416.0,16.0
117946.0,1003,76522.0,16.0
211440.0,3025,162106.0,16.0
226471.0,1107,78137.0,16.0
115773.0,2401,49933.0,16.0
211088.0,2301,40802.0,16.0
211088.0,2701,66995.0,16.0
161217.0,2601,50244.0,16.0
115755.0,5006,46245.0,16.0
211273.0,4511,42666.0,16.0
226833.0,5007,49896.0,16.0
115773.0,5202,54486.0,16.0
117627.0,5203,59153.0,16.0
211291.0,2301,49785.0,16.0
226587.0,5201,55605.0,16.0
211431.0,4407,47486.0,16.0
226587.0,3099,44668.0,16.0
436818.0,0501,48093.0,16.0
117627.0,4201,49265.0,16.0
100654.0,0305,64749.0,16.0
